sample_index,timestamp_since_poweron_ms,real_time_clock,temperature,pressure,humidity,gas_resistance,heater_profile_step_index,gas_valid,heater_stable,error_code
0,412,0,30.235,976.440,35.958,97505.234,0,1,1,0
0,181,0,31.397,976.480,35.636,122752.336,0,1,1,0
1,3167,0,31.291,976.498,34.712,139054.859,1,1,1,0
2,6157,0,31.528,976.459,34.077,148362.797,2,1,1,0
3,9147,0,31.719,976.452,33.665,154682.781,3,1,1,0
4,12137,0,31.877,976.468,33.415,2187450.000,4,1,1,0
5,15127,0,31.759,976.425,33.347,790428.375,5,1,1,0
6,18117,0,31.741,976.473,33.419,164683.172,6,1,1,0
7,21107,0,31.812,976.475,33.375,42063.754,7,1,1,0
8,24097,0,31.419,976.453,33.704,46715.328,8,1,1,0
9,27087,0,31.238,976.462,34.037,50423.477,9,1,1,0
10,30077,0,31.105,976.435,34.290,52892.562,0,1,1,0
11,33067,0,31.020,976.432,34.520,54829.727,1,1,1,0
12,36057,0,30.954,976.438,34.684,55907.402,2,1,1,0
13,39047,0,30.897,976.439,34.809,57334.828,3,1,1,0
14,42037,0,30.859,976.453,34.885,58715.598,4,1,1,0
15,45027,0,30.826,976.442,34.950,59911.070,5,1,1,0
16,48017,0,30.799,976.426,35.016,60377.359,6,1,1,0
17,51007,0,30.773,976.433,35.059,61376.168,7,1,1,0
18,53997,0,30.748,976.442,35.113,62362.973,8,1,1,0
19,56987,0,30.736,976.456,35.163,62822.086,9,1,1,0
20,59977,0,30.711,976.453,35.189,63618.289,0,1,1,0
21,62967,0,30.698,976.459,35.211,63952.035,1,1,1,0
22,65957,0,30.685,976.465,35.250,64483.629,2,1,1,0
23,68947,0,30.668,976.459,35.282,65024.129,3,1,1,0
24,71937,0,30.653,976.429,35.315,65372.828,4,1,1,0
25,74927,0,30.643,976.459,35.337,66132.781,5,1,1,0
26,77917,0,30.633,976.452,35.358,66235.445,6,1,1,0
27,80907,0,30.628,976.471,35.386,66286.898,7,1,1,0
28,83897,0,30.615,976.458,35.397,66963.117,8,1,1,0
29,86887,0,30.605,976.471,35.418,66701.406,9,1,1,0
30,89877,0,30.595,976.455,35.440,67279.898,0,1,1,0
31,92867,0,30.592,976.478,35.446,67814.570,1,1,1,0
32,95857,0,30.580,976.468,35.462,68577.555,2,1,1,0
33,98847,0,30.570,976.462,35.472,68193.930,3,1,1,0
34,101837,0,30.562,976.469,35.483,68743.289,4,1,1,0
35,104827,0,30.555,976.456,35.516,69021.297,5,1,1,0
36,107817,0,30.542,976.469,35.526,68909.828,6,1,1,0
37,110807,0,30.540,976.469,35.532,69527.430,7,1,1,0
38,113797,0,30.527,976.467,35.542,69754.766,8,1,1,0
39,116787,0,30.525,976.481,35.553,70271.758,9,1,1,0
40,119777,0,30.514,976.466,35.558,69926.250,0,1,1,0
41,122767,0,30.509,976.469,35.580,70620.688,1,1,1,0
42,125757,0,30.507,976.471,35.608,71032.188,2,1,1,0
43,128747,0,30.497,976.476,35.636,70620.688,3,1,1,0
44,131737,0,30.479,976.447,35.628,71508.383,4,1,1,0
45,134727,0,30.484,976.479,35.646,71508.383,5,1,1,0
46,137717,0,30.464,976.461,35.667,71688.602,6,1,1,0
47,140707,0,30.464,976.454,35.684,71809.258,7,1,1,0
48,143697,0,30.459,976.464,35.678,71930.320,8,1,1,0
49,146687,0,30.447,976.451,35.699,72295.961,9,1,1,0
50,149677,0,30.449,976.455,35.723,72418.672,0,1,1,0
51,152667,0,30.439,976.452,35.699,72541.797,1,1,1,0
52,155657,0,30.434,976.457,35.738,72541.797,2,1,1,0
53,158647,0,30.424,976.464,35.749,72976.055,3,1,1,0
54,161637,0,30.419,976.438,35.760,72789.312,4,1,1,0
55,164627,0,30.414,976.453,35.782,73163.758,5,1,1,0
56,167617,0,30.404,976.450,35.775,72976.055,6,1,1,0
57,170607,0,30.401,976.470,35.821,73226.547,7,1,1,0
58,173597,0,30.391,976.456,35.808,73415.547,8,1,1,0
59,176587,0,30.389,976.463,35.831,73732.719,9,1,1,0
60,179587,0,30.386,976.476,35.842,73924.344,0,1,1,0
61,182577,0,30.371,976.457,35.852,73796.484,1,1,1,0
62,185567,0,30.369,976.473,35.869,74116.969,2,1,1,0
63,188557,0,30.359,976.458,35.885,74310.594,3,1,1,0
64,191547,0,30.351,976.450,35.901,75161.477,4,1,1,0
65,194537,0,30.349,976.447,35.924,74831.922,5,1,1,0
66,197527,0,30.341,976.455,35.929,74700.906,6,1,1,0
67,200517,0,30.338,976.462,35.952,75161.477,7,1,1,0
68,203507,0,30.328,976.463,35.939,74963.398,8,1,1,0
69,206497,0,30.323,976.468,35.956,75627.773,9,1,1,0
70,209487,0,30.323,976.474,35.985,75161.477,0,1,1,0
71,212477,0,30.311,976.478,36.018,75427.227,1,1,1,0
72,215467,0,30.308,976.469,36.023,75493.953,2,1,1,0
73,218457,0,30.301,976.476,36.051,75694.852,3,1,1,0
74,221447,0,30.293,976.470,36.056,75762.062,4,1,1,0
75,224437,0,30.293,976.492,36.085,75964.391,5,1,1,0
76,227427,0,30.286,976.471,36.095,75829.383,6,1,1,0
77,230417,0,30.278,976.473,36.112,76099.883,7,1,1,0
78,233407,0,30.276,976.476,36.129,76509.266,8,1,1,0
79,236397,0,30.271,976.467,36.140,76715.609,9,1,1,0
80,239387,0,30.263,976.454,36.156,76372.312,0,1,1,0
81,242377,0,30.253,976.446,36.189,76992.484,1,1,1,0
82,245367,0,30.250,976.453,36.206,77062.008,2,1,1,0
83,248357,0,30.248,976.448,36.229,76853.797,3,1,1,0
84,251347,0,30.240,976.435,36.240,77271.352,4,1,1,0
85,254337,0,30.243,976.472,36.269,77131.664,5,1,1,0
86,257327,0,30.230,976.436,36.285,77341.391,6,1,1,0
87,260317,0,30.223,976.444,36.290,77411.555,7,1,1,0
88,263307,0,30.220,976.450,36.318,77411.555,8,1,1,0
89,266297,0,30.220,976.453,36.341,77622.805,9,1,1,0
90,269287,0,30.213,976.440,36.357,77764.273,0,1,1,0
91,272277,0,30.208,976.468,36.357,77693.477,1,1,1,0
92,275267,0,30.205,976.450,36.397,77693.477,2,1,1,0
93,278257,0,30.205,976.463,36.403,77411.555,3,1,1,0
94,281247,0,30.195,976.452,36.430,77977.461,4,1,1,0
95,284237,0,30.198,976.446,36.448,77977.461,5,1,1,0
96,287227,0,30.198,976.471,36.459,78335.375,6,1,1,0
97,290217,0,30.193,976.450,36.459,78335.375,7,1,1,0
98,293207,0,30.188,976.449,36.498,78987.969,8,1,1,0
99,296197,0,30.188,976.446,36.510,77977.461,9,1,1,0
100,299187,0,30.190,976.440,36.522,78479.461,0,1,1,0
101,302177,0,30.188,976.446,36.533,78914.922,1,1,1,0
102,305167,0,30.180,976.431,36.544,78624.078,2,1,1,0
103,308157,0,30.185,976.429,36.550,79281.508,3,1,1,0
104,311147,0,30.183,976.424,36.567,78842.008,4,1,1,0
105,314137,0,30.183,976.433,36.555,79061.148,5,1,1,0
106,317127,0,30.185,976.442,36.590,78842.008,6,1,1,0
107,320117,0,30.178,976.431,36.572,79134.469,7,1,1,0
108,323107,0,30.178,976.420,36.589,79355.242,8,1,1,0
109,326097,0,30.173,976.403,36.612,79429.102,9,1,1,0
110,329087,0,30.173,976.402,36.617,79207.922,0,1,1,0
111,332077,0,30.180,976.404,36.601,79355.242,1,1,1,0
112,335067,0,30.175,976.393,36.647,79577.242,2,1,1,0
113,338057,0,30.175,976.395,36.641,79503.109,3,1,1,0
114,341047,0,30.180,976.415,36.653,79429.102,4,1,1,0
115,344037,0,30.188,976.403,36.671,79577.242,5,1,1,0
116,347027,0,30.183,976.400,36.682,80025.008,6,1,1,0
117,350017,0,30.193,976.405,36.694,79577.242,7,1,1,0
118,353007,0,30.190,976.381,36.683,79800.500,8,1,1,0
119,355997,0,30.185,976.400,36.699,80175.383,9,1,1,0
120,358987,0,30.190,976.385,36.706,80025.008,0,1,1,0
121,361977,0,30.193,976.390,36.729,80025.008,1,1,1,0
122,364967,0,30.193,976.399,36.723,80250.781,2,1,1,0
123,367957,0,30.190,976.376,36.740,80250.781,3,1,1,0
124,370947,0,30.200,976.376,36.747,80706.180,4,1,1,0
125,373937,0,30.200,976.385,36.747,81012.656,5,1,1,0
126,376927,0,30.203,976.378,36.730,80326.328,6,1,1,0
127,379917,0,30.210,976.363,36.765,80935.820,7,1,1,0
128,382907,0,30.205,976.370,36.736,80629.922,8,1,1,0
129,385897,0,30.203,976.355,36.753,80782.578,9,1,1,0
130,388887,0,30.210,976.357,36.759,80553.805,0,1,1,0
131,391877,0,30.220,976.367,36.778,80782.578,1,1,1,0
132,394867,0,30.223,976.374,36.778,80402.008,2,1,1,0
133,397857,0,30.228,976.366,36.784,80553.805,3,1,1,0
134,400847,0,30.225,976.364,36.778,81244.047,4,1,1,0
135,403837,0,30.233,976.357,36.779,80706.180,5,1,1,0
136,406827,0,30.233,976.353,36.785,80935.820,6,1,1,0
137,409817,0,30.240,976.354,36.774,80935.820,7,1,1,0
138,412807,0,30.235,976.335,36.779,80859.125,8,1,1,0
139,415797,0,30.243,976.354,36.786,81166.773,9,1,1,0
140,418787,0,30.245,976.350,36.780,81321.477,0,1,1,0
141,421777,0,30.248,976.349,36.775,81399.047,1,1,1,0
142,424767,0,30.261,976.348,36.794,81012.656,2,1,1,0
143,427757,0,30.261,976.355,36.794,81632.656,3,1,1,0
144,430747,0,30.263,976.341,36.805,81244.047,4,1,1,0
145,433737,0,30.263,976.339,36.817,81244.047,5,1,1,0
146,436727,0,30.263,976.334,36.811,81244.047,6,1,1,0
147,439717,0,30.271,976.354,36.812,81399.047,7,1,1,0
148,442707,0,30.278,976.358,36.813,81399.047,8,1,1,0
149,445697,0,30.281,976.360,36.819,82341.586,9,1,1,0
150,448687,0,30.288,976.348,36.819,82103.914,0,1,1,0
151,451677,0,30.286,976.339,36.808,81554.633,1,1,1,0
152,454667,0,30.291,976.341,36.802,81710.820,2,1,1,0
153,457657,0,30.296,976.336,36.791,82182.984,3,1,1,0
154,460647,0,30.296,976.343,36.814,81632.656,4,1,1,0
155,463637,0,30.308,976.360,36.810,81867.602,5,1,1,0
156,466627,0,30.301,976.341,36.821,82341.586,6,1,1,0
157,469617,0,30.306,976.343,36.781,82341.586,7,1,1,0
158,472607,0,30.313,976.344,36.793,82421.117,8,1,1,0
159,475597,0,30.313,976.346,36.793,82024.992,9,1,1,0
160,478587,0,30.313,976.333,36.793,82421.117,0,1,1,0
161,481577,0,30.321,976.348,36.800,82182.984,1,1,1,0
162,484567,0,30.328,976.345,36.789,82182.984,2,1,1,0
163,487557,0,30.333,976.342,36.801,82182.984,3,1,1,0
164,490547,0,30.333,976.343,36.801,82024.992,4,1,1,0
165,493537,0,30.344,976.346,36.791,82421.117,5,1,1,0
166,496527,0,30.344,976.340,36.785,82660.641,6,1,1,0
167,499517,0,30.344,976.348,36.796,82580.648,7,1,1,0
168,502507,0,30.351,976.348,36.809,82500.805,8,1,1,0
169,505497,0,30.356,976.363,36.804,82500.805,9,1,1,0
170,508487,0,30.356,976.348,36.798,82341.586,0,1,1,0
171,511477,0,30.364,976.338,36.804,81867.602,1,1,1,0
172,514467,0,30.364,976.343,36.799,82982.172,2,1,1,0
173,517457,0,30.369,976.346,36.805,82982.172,3,1,1,0
174,520447,0,30.374,976.333,36.805,82421.117,4,1,1,0
175,523437,0,30.376,976.339,36.823,82982.172,5,1,1,0
176,526427,0,30.386,976.345,36.801,83143.875,6,1,1,0
177,529417,0,30.391,976.345,36.819,82982.172,7,1,1,0
178,532407,0,30.386,976.350,36.789,82901.555,8,1,1,0
179,535407,0,30.394,976.351,36.784,83143.875,9,1,1,0
180,538397,0,30.386,976.338,36.812,83714.844,0,1,1,0
181,541387,0,30.401,976.356,36.791,82580.648,1,1,1,0
182,544377,0,30.396,976.358,36.808,82901.555,2,1,1,0
183,547367,0,30.409,976.350,36.798,82821.094,3,1,1,0
184,550357,0,30.406,976.360,36.797,83306.219,4,1,1,0
185,553347,0,30.416,976.404,36.810,82660.641,5,1,1,0
186,556337,0,30.414,976.374,36.787,82982.172,6,1,1,0
187,559327,0,30.414,976.345,36.792,83550.914,7,1,1,0
188,562317,0,30.414,976.341,36.810,83224.969,8,1,1,0
189,565307,0,30.421,976.333,36.793,82901.555,9,1,1,0
190,568297,0,30.419,976.357,36.816,83714.844,0,1,1,0
191,571287,0,30.424,976.351,36.799,83143.875,1,1,1,0
192,574277,0,30.424,976.351,36.788,83143.875,2,1,1,0
193,577277,0,30.429,976.362,36.823,83306.219,3,1,1,0
194,580267,0,30.434,976.387,36.812,83306.219,4,1,1,0
195,583257,0,30.426,976.374,36.817,83714.844,5,1,1,0
196,586247,0,30.434,976.387,36.823,83143.875,6,1,1,0
197,589237,0,30.439,976.384,36.812,83632.797,7,1,1,0
198,592227,0,30.431,976.391,36.800,84293.711,8,1,1,0
199,595217,0,30.434,976.378,36.817,84044.648,9,1,1,0
200,598207,0,30.437,976.386,36.852,83550.914,0,1,1,0
201,601197,0,30.426,976.374,36.834,83306.219,1,1,1,0
202,604187,0,30.439,976.373,36.847,83797.055,2,1,1,0
203,607177,0,30.439,976.384,36.864,83632.797,3,1,1,0
204,610167,0,30.444,976.384,36.882,83306.219,4,1,1,0
205,613157,0,30.439,976.388,36.876,83632.797,5,1,1,0
206,616147,0,30.431,976.357,36.869,84293.711,6,1,1,0
207,619137,0,30.444,976.399,36.899,83550.914,7,1,1,0
208,622127,0,30.442,976.379,36.893,84210.523,8,1,1,0
209,625117,0,30.439,976.386,36.904,83550.914,9,1,1,0
210,628107,0,30.437,976.384,36.944,83714.844,0,1,1,0
211,631097,0,30.439,976.384,36.945,84044.648,1,1,1,0
212,634087,0,30.442,976.379,36.928,83714.844,2,1,1,0
213,637077,0,30.437,976.348,36.968,83469.188,3,1,1,0
214,640067,0,30.442,976.357,36.997,83714.844,4,1,1,0
215,643057,0,30.442,976.355,37.014,84377.062,5,1,1,0
216,646047,0,30.439,976.343,37.025,84544.250,6,1,1,0
217,649037,0,30.442,976.375,37.020,83632.797,7,1,1,0
218,652027,0,30.439,976.366,37.020,84628.102,8,1,1,0
219,655017,0,30.434,976.371,37.048,83632.797,9,1,1,0
220,658007,0,30.444,976.381,37.049,84377.062,0,1,1,0
221,660997,0,30.439,976.359,37.077,84044.648,1,1,1,0
222,663987,0,30.426,976.369,37.082,84628.102,2,1,1,0
223,666977,0,30.434,976.366,37.077,84460.570,3,1,1,0
224,669967,0,30.434,976.389,37.088,84544.250,4,1,1,0
225,672957,0,30.431,976.371,37.111,84628.102,5,1,1,0
226,675947,0,30.431,976.373,37.117,84127.508,6,1,1,0
227,678937,0,30.426,976.356,37.116,84127.508,7,1,1,0
228,681927,0,30.429,976.365,37.122,84377.062,8,1,1,0
229,684917,0,30.424,976.360,37.139,84210.523,9,1,1,0
230,687907,0,30.421,976.358,37.139,84544.250,0,1,1,0
231,690897,0,30.411,976.345,37.161,84628.102,1,1,1,0
232,693887,0,30.416,976.348,37.144,84460.570,2,1,1,0
233,696877,0,30.416,976.356,37.167,84880.633,3,1,1,0
234,699867,0,30.414,976.348,37.167,83961.953,4,1,1,0
235,702857,0,30.404,976.333,37.183,84712.109,5,1,1,0
236,705847,0,30.404,976.346,37.206,84293.711,6,1,1,0
237,708837,0,30.409,976.343,37.207,84460.570,7,1,1,0
238,711827,0,30.404,976.333,37.212,85219.711,8,1,1,0
239,714817,0,30.404,976.344,37.247,84628.102,9,1,1,0
240,717807,0,30.394,976.318,37.234,84965.148,0,1,1,0
241,720797,0,30.396,976.335,37.252,84796.289,1,1,1,0
242,723787,0,30.386,976.321,37.280,84965.148,2,1,1,0
243,726777,0,30.384,976.305,37.262,84796.289,3,1,1,0
244,729767,0,30.379,976.332,37.296,84796.289,4,1,1,0
245,732757,0,30.374,976.340,37.301,84965.148,5,1,1,0
246,735747,0,30.379,976.350,37.308,84965.148,6,1,1,0
247,738737,0,30.369,976.326,37.318,84628.102,7,1,1,0
248,741727,0,30.361,976.341,37.323,84460.570,8,1,1,0
249,744717,0,30.361,976.331,37.364,84712.109,9,1,1,0
250,747707,0,30.356,976.314,37.380,84965.148,0,1,1,0
251,750697,0,30.359,976.339,37.386,85134.688,1,1,1,0
252,753687,0,30.356,976.345,37.421,85134.688,2,1,1,0
253,756677,0,30.346,976.332,37.437,85647.375,3,1,1,0
254,759667,0,30.344,976.344,37.431,84460.570,4,1,1,0
255,762657,0,30.336,976.333,37.459,85049.836,5,1,1,0
256,765647,0,30.338,976.326,37.465,85049.836,6,1,1,0
257,768637,0,30.333,976.318,37.482,85134.688,7,1,1,0
258,771627,0,30.331,976.318,37.488,85134.688,8,1,1,0
259,774617,0,30.328,976.327,37.510,84965.148,9,1,1,0
260,777607,0,30.323,976.312,37.521,85475.797,0,1,1,0
261,780597,0,30.321,976.319,37.510,85304.898,1,1,1,0
262,783587,0,30.313,976.311,37.532,85906.039,2,1,1,0
263,786577,0,30.303,976.304,37.566,85647.375,3,1,1,0
264,789567,0,30.306,976.309,37.572,85304.898,4,1,1,0
265,792557,0,30.303,976.305,37.606,85475.797,5,1,1,0
266,795547,0,30.296,976.314,37.600,85304.898,6,1,1,0
267,798537,0,30.293,976.326,37.646,85647.375,7,1,1,0
268,801527,0,30.281,976.311,37.650,85561.500,8,1,1,0
269,804517,0,30.283,976.329,37.697,85475.797,9,1,1,0
270,807507,0,30.276,976.308,37.684,85134.688,0,1,1,0
271,810497,0,30.278,976.335,37.690,85390.258,1,1,1,0
272,813487,0,30.271,976.330,37.701,85647.375,2,1,1,0
273,816477,0,30.273,976.345,37.719,85733.422,3,1,1,0
274,819467,0,30.261,976.332,37.746,85906.039,4,1,1,0
275,822457,0,30.256,976.337,37.740,85906.039,5,1,1,0
276,825447,0,30.245,976.309,37.774,85219.711,6,1,1,0
277,828437,0,30.248,976.326,37.768,85819.648,7,1,1,0
278,831427,0,30.248,976.331,37.797,85390.258,8,1,1,0
279,834417,0,30.248,976.322,37.826,85819.648,9,1,1,0
280,837407,0,30.240,976.325,37.831,85992.609,0,1,1,0
281,840397,0,30.238,976.332,37.831,85304.898,1,1,1,0
282,843387,0,30.235,976.321,37.854,85906.039,2,1,1,0
283,846377,0,30.238,976.325,37.866,85992.609,3,1,1,0
284,849367,0,30.240,976.332,37.877,86428.086,4,1,1,0
285,852357,0,30.238,976.332,37.895,85906.039,5,1,1,0
286,855347,0,30.225,976.304,37.911,85992.609,6,1,1,0
287,858337,0,30.223,976.290,37.922,85992.609,7,1,1,0
288,861327,0,30.220,976.277,37.904,86166.273,8,1,1,0
289,864317,0,30.223,976.283,37.916,86515.711,9,1,1,0
290,867307,0,30.218,976.291,37.956,86253.367,0,1,1,0
291,870297,0,30.213,976.276,37.956,85390.258,1,1,1,0
292,873287,0,30.210,976.298,37.967,86340.641,2,1,1,0
293,876277,0,30.213,976.295,38.002,85992.609,3,1,1,0
294,879267,0,30.213,976.278,38.025,86166.273,4,1,1,0
295,882257,0,30.205,976.276,38.019,87045.227,5,1,1,0
296,885247,0,30.210,976.287,38.037,85819.648,6,1,1,0
297,888237,0,30.208,976.298,38.054,85647.375,7,1,1,0
298,891227,0,30.205,976.287,38.048,86253.367,8,1,1,0
299,894217,0,30.203,976.287,38.071,86340.641,9,1,1,0
300,897207,0,30.203,976.297,38.082,86079.352,0,1,1,0
301,900197,0,30.200,976.297,38.111,86956.523,1,1,1,0
302,903187,0,30.198,976.308,38.122,86340.641,2,1,1,0
303,906177,0,30.200,976.306,38.128,86340.641,3,1,1,0
304,909167,0,30.198,976.306,38.140,86340.641,4,1,1,0
305,912157,0,30.195,976.301,38.128,86603.516,5,1,1,0
306,915157,0,30.193,976.324,38.157,86079.352,6,1,1,0
307,918147,0,30.193,976.320,38.174,86515.711,7,1,1,0
308,921137,0,30.183,976.327,38.185,86515.711,8,1,1,0
309,924127,0,30.190,976.325,38.185,86340.641,9,1,1,0
310,927117,0,30.185,976.312,38.208,86253.367,0,1,1,0
311,930107,0,30.178,976.298,38.213,86515.711,1,1,1,0
312,933097,0,30.180,976.300,38.231,86253.367,2,1,1,0
313,936087,0,30.175,976.298,38.253,85992.609,3,1,1,0
314,939077,0,30.165,976.284,38.293,87134.102,4,1,1,0
315,942067,0,30.163,976.302,38.269,86779.664,5,1,1,0
316,945057,0,30.165,976.313,38.287,86515.711,6,1,1,0
317,948047,0,30.155,976.296,38.304,86603.516,7,1,1,0
318,951037,0,30.150,976.298,38.320,86868.000,8,1,1,0
319,954027,0,30.155,976.305,38.321,87045.227,9,1,1,0
320,957017,0,30.145,976.285,38.337,87581.250,0,1,1,0
321,960007,0,30.145,976.296,38.332,86166.273,1,1,1,0
322,962997,0,30.140,976.299,38.343,85992.609,2,1,1,0
323,965987,0,30.135,976.297,38.365,86340.641,3,1,1,0
324,968977,0,30.132,976.288,38.400,87045.227,4,1,1,0
325,971967,0,30.125,976.296,38.387,86603.516,5,1,1,0
326,974957,0,30.115,976.272,38.398,86868.000,6,1,1,0
327,977947,0,30.117,976.285,38.387,87312.414,7,1,1,0
328,980937,0,30.112,976.274,38.404,86868.000,8,1,1,0
329,983927,0,30.112,976.268,38.421,86956.523,9,1,1,0
330,986917,0,30.105,976.268,38.443,87045.227,0,1,1,0
331,989907,0,30.102,976.284,38.455,86956.523,1,1,1,0
332,992897,0,30.100,976.302,38.478,87045.227,2,1,1,0
333,995887,0,30.097,976.291,38.478,86779.664,3,1,1,0
334,998877,0,30.090,976.303,38.494,86779.664,4,1,1,0
335,1001867,0,30.080,976.275,38.522,86166.273,5,1,1,0
336,1004857,0,30.085,976.308,38.523,86956.523,6,1,1,0
337,1007847,0,30.080,976.308,38.522,87223.172,7,1,1,0
338,1010837,0,30.075,976.316,38.545,87045.227,8,1,1,0
339,1013827,0,30.072,976.318,38.545,86868.000,9,1,1,0
340,1016817,0,30.072,976.316,38.545,86868.000,0,1,1,0
341,1019807,0,30.064,976.325,38.585,86868.000,1,1,1,0
342,1022797,0,30.054,976.313,38.578,86691.500,2,1,1,0
343,1025787,0,30.049,976.306,38.583,87312.414,3,1,1,0
344,1028777,0,30.057,976.317,38.601,87045.227,4,1,1,0
345,1031767,0,30.047,976.331,38.623,86779.664,5,1,1,0
346,1034757,0,30.049,976.324,38.635,87045.227,6,1,1,0
347,1037747,0,30.049,976.353,38.635,87223.172,7,1,1,0
348,1040737,0,30.039,976.336,38.669,86868.000,8,1,1,0
349,1043727,0,30.034,976.332,38.692,87312.414,9,1,1,0
350,1046717,0,30.032,976.346,38.709,87223.172,0,1,1,0
351,1049707,0,30.027,976.339,38.697,86956.523,1,1,1,0
352,1052697,0,30.022,976.340,38.708,87491.453,2,1,1,0
353,1055687,0,30.017,976.336,38.719,87223.172,3,1,1,0
354,1058677,0,30.014,976.334,38.725,87312.414,4,1,1,0
355,1061667,0,30.019,976.356,38.731,87581.250,5,1,1,0
356,1064657,0,30.012,976.334,38.736,87045.227,6,1,1,0
357,1067647,0,30.007,976.348,38.735,87312.414,7,1,1,0
358,1070637,0,30.002,976.323,38.752,87761.398,8,1,1,0
359,1073627,0,29.994,976.338,38.740,87312.414,9,1,1,0
360,1076617,0,29.987,976.322,38.786,87761.398,0,1,1,0
361,1079607,0,29.984,976.314,38.803,87581.250,1,1,1,0
362,1082597,0,29.987,976.324,38.832,87581.250,2,1,1,0
363,1085587,0,29.981,976.319,38.838,87581.250,3,1,1,0
364,1088577,0,29.971,976.321,38.813,87045.227,4,1,1,0
365,1091567,0,29.971,976.322,38.842,87761.398,5,1,1,0
366,1094557,0,29.964,976.324,38.847,87581.250,6,1,1,0
367,1097547,0,29.961,976.331,38.876,87045.227,7,1,1,0
368,1100537,0,29.954,976.339,38.893,87671.234,8,1,1,0
369,1103527,0,29.954,976.334,38.881,88306.312,9,1,1,0
370,1106517,0,29.946,976.350,38.921,87045.227,0,1,1,0
371,1109507,0,29.931,976.341,38.925,87491.453,1,1,1,0
372,1112497,0,29.936,976.356,38.949,87045.227,2,1,1,0
373,1115487,0,29.921,976.317,38.983,87312.414,3,1,1,0
374,1118477,0,29.921,976.328,38.988,87581.250,4,1,1,0
375,1121467,0,29.921,976.330,38.983,87491.453,5,1,1,0
376,1124457,0,29.914,976.335,38.993,87761.398,6,1,1,0
377,1127447,0,29.911,976.322,39.011,88215.023,7,1,1,0
378,1130437,0,29.914,976.340,39.017,88123.922,8,1,1,0
379,1133427,0,29.904,976.356,39.039,87761.398,9,1,1,0
380,1136417,0,29.896,976.366,39.062,87581.250,0,1,1,0
381,1139407,0,29.891,976.359,39.055,87491.453,1,1,1,0
382,1142397,0,29.894,976.371,39.079,88033.016,2,1,1,0
383,1145387,0,29.891,976.377,39.067,88033.016,3,1,1,0
384,1148377,0,29.881,976.376,39.095,87134.102,4,1,1,0
385,1151367,0,29.878,976.367,39.083,87761.398,5,1,1,0
386,1154357,0,29.878,976.363,39.130,87671.234,6,1,1,0
387,1157347,0,29.868,976.348,39.105,87671.234,7,1,1,0
388,1160337,0,29.861,976.355,39.139,88306.312,8,1,1,0
389,1163327,0,29.858,976.362,39.151,88123.922,9,1,1,0
390,1166317,0,29.858,976.371,39.174,88215.023,0,1,1,0
391,1169307,0,29.851,976.383,39.173,87401.844,1,1,1,0
392,1172297,0,29.846,976.388,39.184,87942.289,2,1,1,0
393,1175287,0,29.841,976.400,39.196,88033.016,3,1,1,0
394,1178277,0,29.836,976.380,39.201,87312.414,4,1,1,0
395,1181267,0,29.828,976.378,39.200,87851.750,5,1,1,0
396,1184257,0,29.831,976.398,39.276,87671.234,6,1,1,0
397,1187247,0,29.826,976.383,39.276,87581.250,7,1,1,0
398,1190237,0,29.816,976.361,39.280,87761.398,8,1,1,0
399,1193227,0,29.811,976.348,39.315,88215.023,9,1,1,0
400,1196217,0,29.813,976.368,39.315,87942.289,0,1,1,0
401,1199207,0,29.811,976.362,39.344,88123.922,1,1,1,0
402,1202197,0,29.803,976.353,39.378,88033.016,2,1,1,0
403,1205187,0,29.800,976.373,39.378,88858.039,3,1,1,0
404,1208177,0,29.798,976.374,39.401,87761.398,4,1,1,0
405,1211167,0,29.795,976.371,39.401,88581.312,5,1,1,0
406,1214157,0,29.790,976.388,39.400,88215.023,6,1,1,0
407,1217147,0,29.785,976.381,39.406,88397.789,7,1,1,0
408,1220137,0,29.780,976.377,39.399,88397.789,8,1,1,0
409,1223127,0,29.780,976.371,39.417,87581.250,9,1,1,0
410,1226117,0,29.770,976.380,39.427,88306.312,0,1,1,0
411,1229107,0,29.775,976.412,39.434,88673.367,1,1,1,0
412,1232097,0,29.765,976.388,39.439,87942.289,2,1,1,0
413,1235087,0,29.765,976.412,39.409,88673.367,3,1,1,0
414,1238077,0,29.758,976.386,39.432,87942.289,4,1,1,0
415,1241067,0,29.748,976.367,39.466,88581.312,5,1,1,0
416,1244057,0,29.753,976.389,39.455,88489.461,6,1,1,0
417,1247047,0,29.748,976.376,39.478,89136.492,7,1,1,0
418,1250037,0,29.748,976.393,39.483,88306.312,8,1,1,0
419,1253027,0,29.745,976.374,39.471,88397.789,9,1,1,0
420,1256017,0,29.743,976.401,39.512,88397.789,0,1,1,0
421,1259007,0,29.730,976.379,39.517,89229.695,1,1,1,0
422,1261997,0,29.735,976.401,39.535,88489.461,2,1,1,0
423,1264987,0,29.728,976.391,39.569,88306.312,3,1,1,0
424,1267977,0,29.728,976.379,39.569,88950.664,4,1,1,0
425,1270967,0,29.723,976.359,39.586,88306.312,5,1,1,0
426,1273957,0,29.718,976.373,39.591,88673.367,6,1,1,0
427,1276947,0,29.715,976.335,39.620,88581.312,7,1,1,0
428,1279937,0,29.713,976.344,39.632,88489.461,8,1,1,0
429,1282927,0,29.710,976.372,39.649,88397.789,9,1,1,0
430,1285917,0,29.710,976.360,39.672,88581.312,0,1,1,0
431,1288907,0,29.710,976.369,39.690,88306.312,1,1,1,0
432,1291897,0,29.705,976.343,39.689,88489.461,2,1,1,0
433,1294887,0,29.702,976.379,39.677,88950.664,3,1,1,0
434,1297877,0,29.695,976.341,39.700,88489.461,4,1,1,0
435,1300867,0,29.692,976.366,39.729,88765.602,5,1,1,0
436,1303857,0,29.690,976.362,39.735,88397.789,6,1,1,0
437,1306847,0,29.682,976.347,39.716,88673.367,7,1,1,0
438,1309837,0,29.687,976.347,39.758,88397.789,8,1,1,0
439,1312827,0,29.682,976.351,39.763,89229.695,9,1,1,0
440,1315817,0,29.690,976.366,39.758,89043.477,0,1,1,0
441,1318807,0,29.677,976.368,39.792,88123.922,1,1,1,0
442,1321797,0,29.677,976.357,39.774,88673.367,2,1,1,0
443,1324787,0,29.670,976.352,39.809,88581.312,3,1,1,0
444,1327777,0,29.667,976.344,39.826,88306.312,4,1,1,0
445,1330767,0,29.667,976.353,39.832,88673.367,5,1,1,0
446,1333757,0,29.665,976.337,39.855,88765.602,6,1,1,0
447,1336747,0,29.660,976.335,39.872,88765.602,7,1,1,0
448,1339737,0,29.665,976.359,39.890,88489.461,8,1,1,0
449,1342727,0,29.667,976.355,39.879,89043.477,9,1,1,0
450,1345717,0,29.660,976.342,39.895,88673.367,0,1,1,0
451,1348707,0,29.662,976.348,39.902,88215.023,1,1,1,0
452,1351697,0,29.655,976.349,39.901,88215.023,2,1,1,0
453,1354687,0,29.660,976.378,39.936,88215.023,3,1,1,0
454,1357677,0,29.655,976.372,39.918,88581.312,4,1,1,0
455,1360667,0,29.655,976.385,39.995,88581.312,5,1,1,0
456,1363657,0,29.647,976.341,39.994,88397.789,6,1,1,0
457,1366647,0,29.650,976.350,40.012,88765.602,7,1,1,0
458,1369637,0,29.640,976.351,40.098,88123.922,8,1,1,0
459,1372627,0,29.640,976.357,40.028,88306.312,9,1,1,0
460,1375617,0,29.640,976.360,40.040,88581.312,0,1,1,0
461,1378607,0,29.637,976.353,40.069,88489.461,1,1,1,0
462,1381597,0,29.630,976.329,40.074,88858.039,2,1,1,0
463,1384587,0,29.635,976.339,40.051,87942.289,3,1,1,0
464,1387577,0,29.637,976.351,40.039,88673.367,4,1,1,0
465,1390567,0,29.635,976.360,40.069,89043.477,5,1,1,0
466,1393557,0,29.637,976.373,40.081,88581.312,6,1,1,0
467,1396547,0,29.635,976.355,40.121,88581.312,7,1,1,0
468,1399537,0,29.637,976.353,40.086,88858.039,8,1,1,0
469,1402527,0,29.637,976.373,40.116,88858.039,9,1,1,0
470,1405517,0,29.632,976.344,40.080,88581.312,0,1,1,0
471,1408507,0,29.635,976.346,40.104,87942.289,1,1,1,0
472,1411497,0,29.632,976.346,40.109,88581.312,2,1,1,0
473,1414487,0,29.630,976.344,40.109,88673.367,3,1,1,0
474,1417477,0,29.635,976.346,40.110,88950.664,4,1,1,0
475,1420467,0,29.635,976.349,40.121,88673.367,5,1,1,0
476,1423457,0,29.625,976.343,40.156,88489.461,6,1,1,0
477,1426447,0,29.635,976.355,40.133,89604.477,7,1,1,0
478,1429437,0,29.630,976.353,40.168,89136.492,8,1,1,0
479,1432427,0,29.627,976.343,40.179,88489.461,9,1,1,0
480,1435417,0,29.630,976.356,40.168,89229.695,0,1,1,0
481,1438407,0,29.627,976.361,40.220,89043.477,1,1,1,0
482,1441397,0,29.627,976.334,40.209,88581.312,2,1,1,0
483,1444387,0,29.630,976.360,40.232,89043.477,3,1,1,0
484,1447377,0,29.630,976.358,40.209,89323.102,4,1,1,0
485,1450367,0,29.622,976.338,40.290,88673.367,5,1,1,0
486,1453357,0,29.630,976.371,40.227,88950.664,6,1,1,0
487,1456347,0,29.625,976.349,40.238,88765.602,7,1,1,0
488,1459337,0,29.627,976.361,40.215,88489.461,8,1,1,0
489,1462327,0,29.627,976.378,40.215,88950.664,9,1,1,0
490,1465317,0,29.625,976.363,40.255,88673.367,0,1,1,0
491,1468307,0,29.617,976.348,40.249,89136.492,1,1,1,0
492,1471297,0,29.622,976.354,40.273,88489.461,2,1,1,0
493,1474287,0,29.622,976.368,40.261,88673.367,3,1,1,0
494,1477277,0,29.625,976.361,40.273,89043.477,4,1,1,0
495,1480267,0,29.614,976.328,40.260,89136.492,5,1,1,0
496,1483257,0,29.622,976.349,40.249,89136.492,6,1,1,0
497,1486247,0,29.627,976.351,40.267,88673.367,7,1,1,0
498,1489237,0,29.625,976.343,40.267,88858.039,8,1,1,0
499,1492227,0,29.619,976.338,40.284,89136.492,9,1,1,0
500,1495217,0,29.614,976.323,40.284,89323.102,0,1,1,0
501,1498207,0,29.617,976.341,40.284,88673.367,1,1,1,0
502,1501197,0,29.617,976.339,40.296,88858.039,2,1,1,0
503,1504187,0,29.619,976.352,40.296,88858.039,3,1,1,0
504,1507177,0,29.617,976.352,40.319,88765.602,4,1,1,0
505,1510167,0,29.614,976.337,40.301,88673.367,5,1,1,0
506,1513157,0,29.612,976.319,40.324,88581.312,6,1,1,0
507,1516147,0,29.612,976.325,40.307,88306.312,7,1,1,0
508,1519137,0,29.622,976.338,40.355,88489.461,8,1,1,0
509,1522127,0,29.617,976.348,40.307,88397.789,9,1,1,0
510,1525117,0,29.619,976.350,40.366,89043.477,0,1,1,0
511,1528107,0,29.614,976.319,40.389,88123.922,1,1,1,0
512,1531097,0,29.614,976.346,40.389,88765.602,2,1,1,0
513,1534087,0,29.614,976.312,40.436,88489.461,3,1,1,0
514,1537077,0,29.612,976.325,40.460,88215.023,4,1,1,0
515,1540067,0,29.617,976.334,40.496,88581.312,5,1,1,0
516,1543057,0,29.612,976.305,40.542,88215.023,6,1,1,0
517,1546047,0,29.609,976.319,40.530,88215.023,7,1,1,0
518,1549037,0,29.609,976.328,40.577,88123.922,8,1,1,0
519,1552027,0,29.609,976.333,40.565,88215.023,9,1,1,0
520,1555017,0,29.607,976.313,40.606,88673.367,0,1,1,0
521,1558007,0,29.604,976.308,40.671,88123.922,1,1,1,0
522,1560997,0,29.604,976.303,40.665,88397.789,2,1,1,0
523,1563987,0,29.597,976.275,40.593,88858.039,3,1,1,0
524,1566977,0,29.604,976.310,40.641,88489.461,4,1,1,0
525,1569967,0,29.604,976.297,40.624,88489.461,5,1,1,0
526,1572957,0,29.602,976.286,40.541,89229.695,6,1,1,0
527,1575947,0,29.597,976.277,40.617,88673.367,7,1,1,0
528,1578937,0,29.602,976.247,40.659,88673.367,8,1,1,0
529,1581927,0,29.599,976.254,40.617,88765.602,9,1,1,0
530,1584917,0,29.597,976.223,40.611,88581.312,0,1,1,0
531,1587907,0,29.602,976.245,40.641,88306.312,1,1,1,0
532,1590897,0,29.594,976.257,40.640,88950.664,2,1,1,0
533,1593887,0,29.602,976.270,40.588,89043.477,3,1,1,0
534,1596877,0,29.594,976.262,40.611,88765.602,4,1,1,0
535,1599867,0,29.599,976.243,40.623,88950.664,5,1,1,0
536,1602857,0,29.597,976.241,40.629,88950.664,6,1,1,0
537,1605847,0,29.594,976.228,40.628,88858.039,7,1,1,0
538,1608837,0,29.592,976.235,40.610,88673.367,8,1,1,0
539,1611827,0,29.597,976.264,40.658,88489.461,9,1,1,0
540,1614817,0,29.589,976.262,40.622,89604.477,0,1,1,0
541,1617807,0,29.587,976.264,40.651,89136.492,1,1,1,0
542,1620797,0,29.594,976.289,40.611,88858.039,2,1,1,0
543,1623787,0,29.589,976.293,40.663,88858.039,3,1,1,0
544,1626777,0,29.587,976.300,40.651,88489.461,4,1,1,0
545,1629767,0,29.594,976.320,40.640,89136.492,5,1,1,0
546,1632757,0,29.592,976.345,40.681,88397.789,6,1,1,0
547,1635747,0,29.592,976.352,40.652,89229.695,7,1,1,0
548,1638737,0,29.584,976.368,40.621,88858.039,8,1,1,0
549,1641727,0,29.587,976.382,40.669,89043.477,9,1,1,0
550,1644717,0,29.589,976.395,40.657,89043.477,0,1,1,0
551,1647707,0,29.587,976.380,40.669,88581.312,1,1,1,0
552,1650697,0,29.587,976.339,40.681,89043.477,2,1,1,0
553,1653687,0,29.592,976.366,40.663,89043.477,3,1,1,0
554,1656677,0,29.587,976.362,40.669,89698.672,4,1,1,0
555,1659667,0,29.587,976.375,40.645,89323.102,5,1,1,0
556,1662657,0,29.584,976.330,40.686,88673.367,6,1,1,0
557,1665647,0,29.592,976.327,40.711,89043.477,7,1,1,0
558,1668637,0,29.589,976.346,40.728,88858.039,8,1,1,0
559,1671627,0,29.582,976.306,40.768,88673.367,9,1,1,0
560,1674617,0,29.589,976.327,40.675,88581.312,0,1,1,0
561,1677607,0,29.589,976.352,40.716,88306.312,1,1,1,0
562,1680597,0,29.587,976.362,40.710,88581.312,2,1,1,0
563,1683587,0,29.587,976.366,40.692,89043.477,3,1,1,0
564,1686577,0,29.592,976.359,40.740,89793.055,4,1,1,0
565,1689567,0,29.594,976.347,40.752,88765.602,5,1,1,0
566,1692557,0,29.592,976.325,40.740,89416.695,6,1,1,0
567,1695547,0,29.594,976.349,40.729,88581.312,7,1,1,0
568,1698537,0,29.597,976.334,40.729,88858.039,8,1,1,0
569,1701527,0,29.592,976.325,40.758,89229.695,9,1,1,0
570,1704517,0,29.599,976.340,40.823,88950.664,0,1,1,0
571,1707507,0,29.602,976.315,40.765,89136.492,1,1,1,0
572,1710497,0,29.599,976.333,40.788,88858.039,2,1,1,0
573,1713487,0,29.599,976.352,40.823,89136.492,3,1,1,0
574,1716477,0,29.604,976.362,40.854,88950.664,4,1,1,0
575,1719467,0,29.609,976.371,40.889,88397.789,5,1,1,0
576,1722457,0,29.604,976.358,40.989,88489.461,6,1,1,0
577,1725447,0,29.599,976.351,41.059,88489.461,7,1,1,0
578,1728437,0,29.602,976.362,41.095,88306.312,8,1,1,0
579,1731427,0,29.599,976.336,41.207,89323.102,9,1,1,0
580,1734417,0,29.604,976.365,41.225,88489.461,0,1,1,0
581,1737407,0,29.599,976.351,41.219,88489.461,1,1,1,0
582,1740397,0,29.597,976.345,41.189,88123.922,2,1,1,0
583,1743387,0,29.602,976.344,41.172,88673.367,3,1,1,0
584,1746377,0,29.599,976.347,41.189,88123.922,4,1,1,0
585,1749367,0,29.599,976.344,41.142,88306.312,5,1,1,0
586,1752357,0,29.604,976.338,41.190,88858.039,6,1,1,0
587,1755347,0,29.602,976.353,41.142,88397.789,7,1,1,0
588,1758337,0,29.602,976.365,41.119,88489.461,8,1,1,0
589,1761327,0,29.604,976.353,41.143,88581.312,9,1,1,0
590,1764317,0,29.597,976.352,41.124,88673.367,0,1,1,0
591,1767307,0,29.604,976.381,41.107,88858.039,1,1,1,0
592,1770297,0,29.602,976.358,41.101,88489.461,2,1,1,0
593,1773287,0,29.597,976.354,41.106,89136.492,3,1,1,0
594,1776277,0,29.602,976.356,41.083,88673.367,4,1,1,0
595,1779267,0,29.599,976.378,41.059,88673.367,5,1,1,0
596,1782257,0,29.602,976.380,41.101,88950.664,6,1,1,0
597,1785247,0,29.599,976.360,41.119,88489.461,7,1,1,0
598,1788237,0,29.612,976.388,41.132,89136.492,8,1,1,0
599,1791227,0,29.599,976.361,41.089,88306.312,9,1,1,0
600,1794217,0,29.597,976.356,41.071,88858.039,0,1,1,0
601,1797207,0,29.609,976.380,41.078,88397.789,1,1,1,0
602,1800197,0,29.609,976.382,41.120,88215.023,2,1,1,0
603,1803187,0,29.599,976.335,41.036,89229.695,3,1,1,0
604,1806177,0,29.602,976.374,41.083,89043.477,4,1,1,0
605,1809167,0,29.607,976.378,41.078,88581.312,5,1,1,0
606,1812157,0,29.604,976.374,41.113,88858.039,6,1,1,0
607,1815147,0,29.607,976.362,41.072,88858.039,7,1,1,0
608,1818137,0,29.609,976.382,41.102,89136.492,8,1,1,0
609,1821127,0,29.612,976.407,41.073,88489.461,9,1,1,0
610,1824117,0,29.604,976.374,41.090,89229.695,0,1,1,0
611,1827107,0,29.609,976.387,41.084,88306.312,1,1,1,0
612,1830097,0,29.609,976.403,41.090,88950.664,2,1,1,0
613,1833087,0,29.609,976.376,41.131,89229.695,3,1,1,0
614,1836077,0,29.612,976.382,41.256,88123.922,4,1,1,0
615,1839067,0,29.612,976.355,41.238,89136.492,5,1,1,0
616,1842057,0,29.612,976.364,41.274,88306.312,6,1,1,0
617,1845047,0,29.614,976.359,41.298,89043.477,7,1,1,0
618,1848037,0,29.614,976.353,41.321,89229.695,8,1,1,0
619,1851027,0,29.609,976.337,41.356,88033.016,9,1,1,0
620,1854017,0,29.619,976.354,41.375,88581.312,0,1,1,0
621,1857007,0,29.622,976.347,41.281,88581.312,1,1,1,0
622,1859997,0,29.625,976.363,41.322,88765.602,2,1,1,0
623,1862987,0,29.617,976.323,41.321,88673.367,3,1,1,0
624,1865977,0,29.619,976.345,41.274,88033.016,4,1,1,0
625,1868967,0,29.619,976.318,41.304,89229.695,5,1,1,0
626,1871957,0,29.619,976.345,41.310,88581.312,6,1,1,0
627,1874947,0,29.630,976.346,41.323,88489.461,7,1,1,0
628,1877937,0,29.630,976.342,41.341,88123.922,8,1,1,0
629,1880927,0,29.622,976.329,41.328,88215.023,9,1,1,0
630,1883917,0,29.637,976.337,41.341,88673.367,0,1,1,0
631,1886907,0,29.635,976.314,41.353,88306.312,1,1,1,0
632,1889897,0,29.640,976.330,41.342,88215.023,2,1,1,0
633,1892887,0,29.645,976.334,41.313,88858.039,3,1,1,0
634,1895877,0,29.632,976.312,41.359,87942.289,4,1,1,0
635,1898867,0,29.637,976.315,41.371,88489.461,5,1,1,0
636,1901857,0,29.652,976.349,41.343,89136.492,6,1,1,0
637,1904847,0,29.655,976.340,41.361,88858.039,7,1,1,0
638,1907837,0,29.650,976.327,41.402,88673.367,8,1,1,0
639,1910827,0,29.655,976.324,41.385,88765.602,9,1,1,0
640,1913817,0,29.657,976.322,41.409,88858.039,0,1,1,0
641,1916807,0,29.662,976.321,41.386,88673.367,1,1,1,0
642,1919797,0,29.665,976.333,41.398,88123.922,2,1,1,0
643,1922787,0,29.665,976.326,41.386,88673.367,3,1,1,0
644,1925777,0,29.672,976.327,41.381,88306.312,4,1,1,0
645,1928767,0,29.665,976.308,41.427,88765.602,5,1,1,0
646,1931757,0,29.665,976.323,41.451,89136.492,6,1,1,0
647,1934747,0,29.672,976.316,41.470,88673.367,7,1,1,0
648,1937737,0,29.675,976.327,41.482,88123.922,8,1,1,0
649,1940727,0,29.677,976.325,41.482,88397.789,9,1,1,0
650,1943717,0,29.687,976.335,41.471,88489.461,0,1,1,0
651,1946707,0,29.687,976.340,41.477,88489.461,1,1,1,0
652,1949697,0,29.692,976.335,41.484,88489.461,2,1,1,0
653,1952687,0,29.697,976.332,41.484,88215.023,3,1,1,0
654,1955677,0,29.692,976.314,41.490,88397.789,4,1,1,0
655,1958667,0,29.705,976.338,41.462,89229.695,5,1,1,0
656,1961657,0,29.705,976.329,41.444,88673.367,6,1,1,0
657,1964647,0,29.700,976.314,41.473,88489.461,7,1,1,0
658,1967637,0,29.702,976.320,41.455,88033.016,8,1,1,0
659,1970627,0,29.700,976.323,41.455,88215.023,9,1,1,0
660,1973617,0,29.710,976.329,41.504,88123.922,0,1,1,0
661,1976607,0,29.707,976.298,41.521,88489.461,1,1,1,0
662,1979597,0,29.710,976.320,41.521,88581.312,2,1,1,0
663,1982587,0,29.718,976.321,41.522,88858.039,3,1,1,0
664,1985577,0,29.728,976.341,41.571,88033.016,4,1,1,0
665,1988567,0,29.730,976.350,41.577,88489.461,5,1,1,0
666,1991557,0,29.738,976.343,41.572,88673.367,6,1,1,0
667,1994547,0,29.730,976.321,41.619,88858.039,7,1,1,0
668,1997537,0,29.735,976.338,41.601,88397.789,8,1,1,0
669,2000527,0,29.730,976.325,41.648,88489.461,9,1,1,0
670,2003517,0,29.740,976.335,41.590,88397.789,0,1,1,0
671,2006507,0,29.745,976.353,41.662,88306.312,1,1,1,0
672,2009497,0,29.738,976.315,41.643,88215.023,2,1,1,0
673,2012487,0,29.750,976.339,41.656,88489.461,3,1,1,0
674,2015477,0,29.743,976.310,41.667,88033.016,4,1,1,0
675,2018467,0,29.758,976.352,41.705,88489.461,5,1,1,0
676,2021457,0,29.758,976.325,41.645,87942.289,6,1,1,0
677,2024447,0,29.755,976.316,41.663,87942.289,7,1,1,0
678,2027437,0,29.753,976.319,41.645,87942.289,8,1,1,0
679,2030427,0,29.760,976.332,41.663,88033.016,9,1,1,0
680,2033417,0,29.770,976.345,41.641,88306.312,0,1,1,0
681,2036407,0,29.770,976.336,41.671,88123.922,1,1,1,0
682,2039397,0,29.768,976.333,41.647,88306.312,2,1,1,0
683,2042387,0,29.768,976.336,41.641,88397.789,3,1,1,0
684,2045377,0,29.773,976.333,41.647,87761.398,4,1,1,0
685,2048367,0,29.768,976.311,41.658,88033.016,5,1,1,0
686,2051357,0,29.778,976.337,41.671,88123.922,6,1,1,0
687,2054347,0,29.778,976.325,41.671,88033.016,7,1,1,0
688,2057337,0,29.778,976.315,41.666,87942.289,8,1,1,0
689,2060327,0,29.788,976.345,41.708,88033.016,9,1,1,0
690,2063317,0,29.785,976.323,41.678,87134.102,0,1,1,0
691,2066307,0,29.780,976.307,41.690,88489.461,1,1,1,0
692,2069297,0,29.783,976.311,41.690,88123.922,2,1,1,0
693,2072287,0,29.785,976.300,41.708,87581.250,3,1,1,0
694,2075277,0,29.790,976.322,41.720,88215.023,4,1,1,0
695,2078267,0,29.793,976.300,41.732,87581.250,5,1,1,0
696,2081257,0,29.795,976.300,41.733,88123.922,6,1,1,0
697,2084247,0,29.798,976.306,41.721,87761.398,7,1,1,0
698,2087237,0,29.803,976.326,41.745,87761.398,8,1,1,0
699,2090227,0,29.808,976.319,41.746,87581.250,9,1,1,0
700,2093217,0,29.803,976.315,41.757,88033.016,0,1,1,0
701,2096207,0,29.818,976.347,41.747,87761.398,1,1,1,0
702,2099197,0,29.811,976.325,41.746,87671.234,2,1,1,0
703,2102187,0,29.821,976.361,41.748,87401.844,3,1,1,0
704,2105177,0,29.831,976.350,41.755,87401.844,4,1,1,0
705,2108167,0,29.836,976.351,41.767,88123.922,5,1,1,0
706,2111157,0,29.838,976.330,41.738,88306.312,6,1,1,0
707,2114147,0,29.831,976.314,41.743,87942.289,7,1,1,0
708,2117137,0,29.838,976.318,41.726,87761.398,8,1,1,0
709,2120127,0,29.846,976.343,41.703,87761.398,9,1,1,0
710,2123117,0,29.841,976.337,41.750,87491.453,0,1,1,0
711,2126107,0,29.841,976.312,41.708,88489.461,1,1,1,0
712,2129097,0,29.841,976.321,41.685,88489.461,2,1,1,0
713,2132087,0,29.843,976.316,41.679,88306.312,3,1,1,0
714,2135077,0,29.853,976.322,41.686,87491.453,4,1,1,0
715,2138067,0,29.856,976.317,41.686,88033.016,5,1,1,0
716,2141057,0,29.853,976.335,41.668,88489.461,6,1,1,0
717,2144047,0,29.851,976.327,41.656,87671.234,7,1,1,0
718,2147037,0,29.856,976.344,41.651,88033.016,8,1,1,0
719,2150027,0,29.858,976.328,41.681,88033.016,9,1,1,0
720,2153017,0,29.858,976.340,41.681,87761.398,0,1,1,0
721,2156007,0,29.863,976.314,41.687,88581.312,1,1,1,0
722,2158997,0,29.861,976.306,41.663,87761.398,2,1,1,0
723,2161987,0,29.861,976.326,41.669,88673.367,3,1,1,0
724,2164977,0,29.863,976.316,41.675,87942.289,4,1,1,0
725,2167967,0,29.866,976.332,41.682,87761.398,5,1,1,0
726,2170957,0,29.868,976.348,41.682,87942.289,6,1,1,0
727,2173947,0,29.868,976.334,41.706,87851.750,7,1,1,0
728,2176937,0,29.868,976.352,41.694,88123.922,8,1,1,0
729,2179927,0,29.876,976.372,41.736,88306.312,9,1,1,0
730,2182917,0,29.881,976.338,41.701,88123.922,0,1,1,0
731,2185907,0,29.891,976.382,41.702,88489.461,1,1,1,0
732,2188897,0,29.886,976.362,41.725,88306.312,2,1,1,0
733,2191887,0,29.888,976.348,41.720,88123.922,3,1,1,0
734,2194877,0,29.896,976.371,41.721,87223.172,4,1,1,0
735,2197867,0,29.888,976.330,41.708,87942.289,5,1,1,0
736,2200857,0,29.894,976.346,41.708,88123.922,6,1,1,0
737,2203847,0,29.906,976.358,41.722,87671.234,7,1,1,0
738,2206837,0,29.899,976.359,41.709,88033.016,8,1,1,0
739,2209827,0,29.899,976.361,41.721,88033.016,9,1,1,0
740,2212817,0,29.906,976.363,41.722,88306.312,0,1,1,0
741,2215807,0,29.904,976.345,41.722,88489.461,1,1,1,0
742,2218797,0,29.906,976.343,41.722,88123.922,2,1,1,0
743,2221787,0,29.906,976.334,41.740,87761.398,3,1,1,0
744,2224777,0,29.904,976.324,41.739,88215.023,4,1,1,0
745,2227767,0,29.904,976.302,41.769,87581.250,5,1,1,0
746,2230757,0,29.904,976.318,41.793,88306.312,6,1,1,0
747,2233747,0,29.899,976.305,41.804,87045.227,7,1,1,0
748,2236737,0,29.911,976.338,41.853,88215.023,8,1,1,0
749,2239727,0,29.906,976.316,41.858,88033.016,9,1,1,0
750,2242717,0,29.906,976.327,41.846,88215.023,0,1,1,0
751,2245707,0,29.911,976.326,41.835,87671.234,1,1,1,0
752,2248697,0,29.906,976.300,41.817,87761.398,2,1,1,0
753,2251687,0,29.909,976.329,41.829,87491.453,3,1,1,0
754,2254677,0,29.914,976.346,41.865,87942.289,4,1,1,0
755,2257667,0,29.916,976.337,41.830,87491.453,5,1,1,0
756,2260657,0,29.921,976.339,41.878,88673.367,6,1,1,0
757,2263647,0,29.924,976.352,41.890,87581.250,7,1,1,0
758,2266637,0,29.924,976.362,41.920,87581.250,8,1,1,0
759,2269627,0,29.926,976.357,41.920,87401.844,9,1,1,0
760,2272617,0,29.929,976.359,41.926,87942.289,0,1,1,0
761,2275607,0,29.936,976.347,41.927,88123.922,1,1,1,0
762,2278597,0,29.934,976.336,41.933,88489.461,2,1,1,0
763,2281587,0,29.936,976.345,41.939,87581.250,3,1,1,0
764,2284577,0,29.944,976.355,41.946,87581.250,4,1,1,0
765,2287567,0,29.946,976.324,41.916,87401.844,5,1,1,0
766,2290557,0,29.954,976.337,41.935,87671.234,6,1,1,0
767,2293547,0,29.961,976.342,41.942,88215.023,7,1,1,0
768,2296537,0,29.961,976.331,41.948,87942.289,8,1,1,0
769,2299527,0,29.956,976.338,41.953,87581.250,9,1,1,0
770,2302517,0,29.966,976.354,41.960,88033.016,0,1,1,0
771,2305507,0,29.959,976.358,41.959,87671.234,1,1,1,0
772,2308497,0,29.959,976.331,41.947,87851.750,2,1,1,0
773,2311487,0,29.961,976.345,41.954,87761.398,3,1,1,0
774,2314477,0,29.964,976.340,41.948,88033.016,4,1,1,0
775,2317467,0,29.964,976.326,41.930,87581.250,5,1,1,0
776,2320457,0,29.961,976.320,41.977,87045.227,6,1,1,0
777,2323447,0,29.966,976.317,41.990,87581.250,7,1,1,0
778,2326437,0,29.971,976.335,41.967,87401.844,8,1,1,0
779,2329427,0,29.969,976.313,41.978,87942.289,9,1,1,0
780,2332417,0,29.969,976.321,41.990,87223.172,0,1,1,0
781,2335407,0,29.976,976.317,41.985,87581.250,1,1,1,0
782,2338397,0,29.974,976.306,41.991,87942.289,2,1,1,0
783,2341387,0,29.971,976.319,42.026,87761.398,3,1,1,0
784,2344377,0,29.974,976.325,42.074,88397.789,4,1,1,0
785,2347367,0,29.971,976.331,42.014,87761.398,5,1,1,0
786,2350357,0,29.976,976.310,42.021,88123.922,6,1,1,0
787,2353347,0,29.981,976.323,42.015,87761.398,7,1,1,0
788,2356337,0,29.976,976.317,42.003,87671.234,8,1,1,0
789,2359327,0,29.974,976.310,42.062,88033.016,9,1,1,0
790,2362317,0,29.971,976.303,42.086,87312.414,0,1,1,0
791,2365307,0,29.969,976.295,42.050,88397.789,1,1,1,0
792,2368297,0,29.976,976.303,42.062,87671.234,2,1,1,0
793,2371287,0,29.971,976.306,42.062,87401.844,3,1,1,0
794,2374277,0,29.981,976.328,42.087,87312.414,4,1,1,0
795,2377267,0,29.974,976.298,42.133,87942.289,5,1,1,0
796,2380257,0,29.976,976.305,42.098,88033.016,6,1,1,0
797,2383247,0,29.974,976.280,42.133,87401.844,7,1,1,0
798,2386237,0,29.987,976.291,42.153,87223.172,8,1,1,0
799,2389227,0,29.984,976.284,42.158,87761.398,9,1,1,0
800,2392217,0,29.989,976.286,42.141,87942.289,0,1,1,0
801,2395207,0,29.992,976.288,42.159,87671.234,1,1,1,0
802,2398197,0,29.992,976.283,42.195,87223.172,2,1,1,0
803,2401187,0,29.992,976.275,42.159,88033.016,3,1,1,0
804,2404177,0,29.997,976.292,42.196,87045.227,4,1,1,0
805,2407167,0,29.994,976.297,42.160,87761.398,5,1,1,0
806,2410157,0,29.997,976.306,42.190,87761.398,6,1,1,0
807,2413147,0,29.997,976.290,42.219,87671.234,7,1,1,0
808,2416137,0,29.999,976.306,42.172,87134.102,8,1,1,0
809,2419127,0,29.994,976.295,42.207,86956.523,9,1,1,0
810,2422117,0,29.997,976.297,42.219,87671.234,0,1,1,0
811,2425107,0,29.997,976.276,42.267,87671.234,1,1,1,0
812,2428097,0,29.997,976.279,42.243,87401.844,2,1,1,0
813,2431087,0,30.002,976.274,42.220,87223.172,3,1,1,0
814,2434077,0,29.999,976.272,42.297,87312.414,4,1,1,0
815,2437067,0,30.007,976.300,42.244,87491.453,5,1,1,0
816,2440057,0,30.004,976.285,42.327,87761.398,6,1,1,0
817,2443047,0,30.012,976.289,42.316,87312.414,7,1,1,0
818,2446037,0,30.014,976.314,42.293,87851.750,8,1,1,0
819,2449027,0,30.009,976.292,42.286,87581.250,9,1,1,0
820,2452017,0,30.017,976.291,42.305,87761.398,0,1,1,0
821,2455007,0,30.014,976.286,42.323,87581.250,1,1,1,0
822,2457997,0,30.009,976.258,42.352,87134.102,2,1,1,0
823,2460987,0,30.012,976.273,42.292,87134.102,3,1,1,0
824,2463977,0,30.014,976.280,42.352,88033.016,4,1,1,0
825,2466967,0,30.014,976.280,42.352,86253.367,5,1,1,0
826,2469957,0,30.012,976.253,42.435,87045.227,6,1,1,0
827,2472947,0,30.017,976.268,42.364,87491.453,7,1,1,0
828,2475937,0,30.014,976.266,42.382,87134.102,8,1,1,0
829,2478927,0,30.017,976.288,42.370,87312.414,9,1,1,0
830,2481917,0,30.022,976.277,42.383,87045.227,0,1,1,0
831,2484907,0,30.017,976.279,42.388,87581.250,1,1,1,0
832,2487897,0,30.017,976.268,42.400,87223.172,2,1,1,0
833,2490887,0,30.012,976.282,42.394,87045.227,3,1,1,0
834,2493877,0,30.019,976.279,42.395,87045.227,4,1,1,0
835,2496867,0,30.012,976.251,42.400,86868.000,5,1,1,0
836,2499857,0,30.022,976.293,42.389,87491.453,6,1,1,0
837,2502847,0,30.022,976.268,42.443,86956.523,7,1,1,0
838,2505837,0,30.019,976.254,42.472,86868.000,8,1,1,0
839,2508827,0,30.012,976.237,42.435,87223.172,9,1,1,0
840,2511817,0,30.014,976.230,42.448,86868.000,0,1,1,0
841,2514807,0,30.012,976.225,42.447,86956.523,1,1,1,0
842,2517797,0,30.012,976.253,42.429,87223.172,2,1,1,0
843,2520787,0,30.007,976.233,42.494,87223.172,3,1,1,0
844,2523777,0,30.022,976.250,42.514,87045.227,4,1,1,0
845,2526767,0,30.012,976.241,42.507,86868.000,5,1,1,0
846,2529757,0,30.012,976.260,42.555,86868.000,6,1,1,0
847,2532747,0,30.014,976.266,42.561,87134.102,7,1,1,0
848,2535737,0,30.019,976.245,42.579,86691.500,8,1,1,0
849,2538727,0,30.012,976.233,42.614,87045.227,9,1,1,0
850,2541717,0,30.009,976.240,42.602,86779.664,0,1,1,0
851,2544707,0,30.009,976.244,42.626,86868.000,1,1,1,0
852,2547697,0,30.012,976.244,42.638,86779.664,2,1,1,0
853,2550687,0,30.022,976.265,42.580,86691.500,3,1,1,0
854,2553677,0,30.017,976.250,42.645,87401.844,4,1,1,0
855,2556667,0,30.014,976.235,42.626,87491.453,5,1,1,0
856,2559657,0,30.024,976.252,42.622,87045.227,6,1,1,0
857,2562647,0,30.022,976.214,42.621,87401.844,7,1,1,0
858,2565637,0,30.027,976.207,42.622,86603.516,8,1,1,0
859,2568627,0,30.029,976.202,42.604,86956.523,9,1,1,0
860,2571617,0,30.034,976.204,42.623,87401.844,0,1,1,0
861,2574607,0,30.034,976.212,42.635,86956.523,1,1,1,0
862,2577597,0,30.042,976.251,42.659,87045.227,2,1,1,0
863,2580587,0,30.034,976.249,42.712,86956.523,3,1,1,0
864,2583577,0,30.044,976.248,42.773,86603.516,4,1,1,0
865,2586567,0,30.052,976.249,42.774,87223.172,5,1,1,0
866,2589557,0,30.044,976.225,42.797,86868.000,6,1,1,0
867,2592547,0,30.042,976.219,42.862,87223.172,7,1,1,0
868,2595537,0,30.047,976.201,42.845,86340.641,8,1,1,0
869,2598527,0,30.044,976.200,42.839,87312.414,9,1,1,0
870,2601517,0,30.052,976.196,42.816,86166.273,0,1,1,0
871,2604507,0,30.044,976.185,42.815,86868.000,1,1,1,0
872,2607497,0,30.052,976.214,42.792,86515.711,2,1,1,0
873,2610487,0,30.039,976.197,42.838,86868.000,3,1,1,0
874,2613477,0,30.039,976.167,42.874,86515.711,4,1,1,0
875,2616467,0,30.039,976.176,42.964,86779.664,5,1,1,0
876,2619457,0,30.032,976.168,43.011,86515.711,6,1,1,0
877,2622447,0,30.037,976.192,43.161,86515.711,7,1,1,0
878,2625437,0,30.042,976.201,43.185,85992.609,8,1,1,0
879,2628427,0,30.039,976.206,43.191,86603.516,9,1,1,0
880,2631417,0,30.039,976.230,43.263,86079.352,0,1,1,0
881,2634407,0,30.037,976.260,43.292,85647.375,1,1,1,0
882,2637397,0,30.034,976.247,43.310,85992.609,2,1,1,0
883,2640387,0,30.037,976.235,43.298,85992.609,3,1,1,0
884,2643377,0,30.032,976.227,43.352,85992.609,4,1,1,0
885,2646367,0,30.042,976.248,43.335,86340.641,5,1,1,0
886,2649357,0,30.034,976.249,43.340,85819.648,6,1,1,0
887,2652347,0,30.032,976.238,43.322,85561.500,7,1,1,0
888,2655337,0,30.032,976.220,43.286,86166.273,8,1,1,0
889,2658327,0,30.032,976.242,43.304,85992.609,9,1,1,0
890,2661317,0,30.024,976.267,43.399,85992.609,0,1,1,0
891,2664307,0,30.012,976.225,43.391,86166.273,1,1,1,0
892,2667297,0,30.014,976.241,43.439,85561.500,2,1,1,0
893,2670287,0,30.017,976.244,43.488,86691.500,3,1,1,0
894,2673277,0,30.007,976.256,43.582,85475.797,4,1,1,0
895,2676267,0,30.002,976.233,43.636,85906.039,5,1,1,0
896,2679257,0,29.999,976.234,43.653,85819.648,6,1,1,0
897,2682247,0,29.997,976.243,43.677,85304.898,7,1,1,0
898,2685237,0,29.997,976.256,43.689,85819.648,8,1,1,0
899,2688227,0,29.997,976.261,43.677,85906.039,9,1,1,0
900,2691217,0,29.994,976.256,43.659,85992.609,0,1,1,0
901,2694207,0,29.997,976.285,43.695,85647.375,1,1,1,0
902,2697197,0,29.999,976.258,43.719,86079.352,2,1,1,0
903,2700187,0,29.994,976.268,43.767,86166.273,3,1,1,0
904,2703177,0,29.992,976.265,43.844,85906.039,4,1,1,0
905,2706167,0,29.997,976.283,43.851,85561.500,5,1,1,0
906,2709157,0,30.002,976.290,43.954,85475.797,6,1,1,0
907,2712147,0,29.997,976.281,43.929,85304.898,7,1,1,0
908,2715137,0,29.994,976.266,43.935,85134.688,8,1,1,0
909,2718127,0,29.992,976.261,44.013,85475.797,9,1,1,0
910,2721117,0,29.989,976.261,44.091,85304.898,0,1,1,0
911,2724107,0,29.994,976.259,44.121,85906.039,1,1,1,0
912,2727097,0,30.002,976.269,44.218,85304.898,2,1,1,0
913,2730087,0,29.994,976.286,44.314,85561.500,3,1,1,0
914,2733077,0,29.999,976.310,44.387,84965.148,4,1,1,0
915,2736067,0,29.994,976.308,44.531,84460.570,5,1,1,0
916,2739057,0,29.989,976.313,44.566,84712.109,6,1,1,0
917,2742047,0,29.992,976.315,44.597,84880.633,7,1,1,0
918,2745037,0,29.989,976.293,44.657,85049.836,8,1,1,0
919,2748027,0,29.989,976.295,44.675,84544.250,9,1,1,0
920,2751017,0,29.987,976.295,44.783,84880.633,0,1,1,0
921,2754007,0,29.984,976.287,44.837,84965.148,1,1,1,0
922,2756997,0,29.976,976.299,44.836,83714.844,2,1,1,0
923,2759987,0,29.984,976.312,44.861,84712.109,3,1,1,0
924,2762977,0,29.984,976.309,44.843,84210.523,4,1,1,0
925,2765967,0,29.979,976.310,44.831,84127.508,5,1,1,0
926,2768957,0,29.989,976.315,44.820,84377.062,6,1,1,0
927,2771947,0,29.981,976.298,44.771,84965.148,7,1,1,0
928,2774937,0,29.979,976.280,44.788,83879.422,8,1,1,0
929,2777927,0,29.984,976.302,44.723,84965.148,9,1,1,0
930,2780917,0,29.984,976.302,44.837,84293.711,0,1,1,0
931,2783907,0,29.984,976.293,44.880,84127.508,1,1,1,0
932,2786897,0,29.989,976.302,44.953,84628.102,2,1,1,0
933,2789887,0,29.984,976.298,45.000,83550.914,3,1,1,0
934,2792877,0,29.989,976.295,45.092,84044.648,4,1,1,0
935,2795867,0,29.994,976.309,45.117,83797.055,5,1,1,0
936,2798857,0,29.989,976.289,45.146,83550.914,6,1,1,0
937,2801847,0,29.989,976.298,45.213,84127.508,7,1,1,0
938,2804837,0,29.994,976.292,45.183,84044.648,8,1,1,0
939,2807827,0,29.999,976.312,45.232,83879.422,9,1,1,0
940,2810817,0,29.989,976.293,45.225,83550.914,0,1,1,0
941,2813807,0,29.992,976.293,45.165,84460.570,1,1,1,0
942,2816797,0,30.002,976.306,45.251,84044.648,2,1,1,0
943,2819787,0,29.994,976.313,45.201,83387.625,3,1,1,0
944,2822777,0,29.997,976.290,45.256,83550.914,4,1,1,0
945,2825767,0,29.992,976.302,45.292,84044.648,5,1,1,0
946,2828757,0,29.992,976.286,45.322,83306.219,6,1,1,0
947,2831747,0,29.994,976.302,45.407,84044.648,7,1,1,0
948,2834737,0,29.994,976.297,45.450,83550.914,8,1,1,0
949,2837727,0,29.992,976.302,45.498,83469.188,9,1,1,0
950,2840717,0,29.994,976.302,45.504,83797.055,0,1,1,0
951,2843707,0,29.989,976.306,45.528,83797.055,1,1,1,0
952,2846697,0,29.997,976.328,45.571,83306.219,2,1,1,0
953,2849687,0,30.002,976.319,45.596,83387.625,3,1,1,0
954,2852677,0,30.002,976.292,45.669,83550.914,4,1,1,0
955,2855667,0,30.002,976.285,45.705,83469.188,5,1,1,0
956,2858657,0,30.002,976.263,45.730,83143.875,6,1,1,0
957,2861647,0,29.999,976.261,45.766,82982.172,7,1,1,0
958,2864637,0,30.007,976.287,45.846,83550.914,8,1,1,0
959,2867627,0,30.014,976.286,45.901,82500.805,9,1,1,0
960,2870617,0,30.014,976.282,45.847,83062.945,0,1,1,0
961,2873607,0,30.009,976.287,45.907,82901.555,1,1,1,0
962,2876597,0,30.014,976.268,45.919,83224.969,2,1,1,0
963,2879587,0,30.014,976.289,45.950,82740.789,3,1,1,0
964,2882577,0,30.017,976.293,45.938,82982.172,4,1,1,0
965,2885567,0,30.014,976.298,45.932,82182.984,5,1,1,0
966,2888557,0,30.012,976.287,45.956,82901.555,6,1,1,0
967,2891547,0,30.014,976.291,45.950,83143.875,7,1,1,0
968,2894537,0,30.014,976.296,45.926,82660.641,8,1,1,0
969,2897527,0,30.014,976.286,45.913,83062.945,9,1,1,0
970,2900517,0,30.014,976.275,45.907,83143.875,0,1,1,0
971,2903507,0,30.012,976.266,45.877,82421.117,1,1,1,0
972,2906497,0,30.017,976.296,45.865,82982.172,2,1,1,0
973,2909487,0,30.017,976.275,45.889,82580.648,3,1,1,0
974,2912477,0,30.012,976.282,45.901,82982.172,4,1,1,0
975,2915467,0,30.014,976.268,45.926,82500.805,5,1,1,0
976,2918457,0,30.012,976.262,45.931,82500.805,6,1,1,0
977,2921447,0,30.012,976.250,45.950,82580.648,7,1,1,0
978,2924437,0,30.012,976.260,45.950,82500.805,8,1,1,0
979,2927427,0,30.007,976.260,45.961,82500.805,9,1,1,0
980,2930417,0,30.014,976.250,45.944,82740.789,0,1,1,0
981,2933407,0,30.009,976.248,45.998,82580.648,1,1,1,0
982,2936397,0,30.012,976.251,45.986,83062.945,2,1,1,0
983,2939387,0,30.009,976.257,46.010,82901.555,3,1,1,0
984,2942377,0,30.014,976.273,45.992,82660.641,4,1,1,0
985,2945367,0,30.009,976.267,46.010,82580.648,5,1,1,0
986,2948357,0,30.004,976.244,46.046,82901.555,6,1,1,0
987,2951347,0,30.012,976.250,46.035,83143.875,7,1,1,0
988,2954337,0,30.004,976.244,46.082,82982.172,8,1,1,0
989,2957327,0,30.002,976.269,46.082,82580.648,9,1,1,0
990,2960317,0,30.012,976.271,46.089,82580.648,0,1,1,0
991,2963307,0,30.007,976.242,46.125,82901.555,1,1,1,0
992,2966297,0,30.004,976.265,46.107,82821.094,2,1,1,0
993,2969287,0,30.004,976.233,46.155,82341.586,3,1,1,0
994,2972277,0,30.002,976.236,46.179,82580.648,4,1,1,0
995,2975267,0,30.004,976.235,46.155,82821.094,5,1,1,0
996,2978257,0,30.004,976.244,46.228,82421.117,6,1,1,0
997,2981247,0,29.999,976.252,46.216,82500.805,7,1,1,0
998,2984237,0,30.002,976.226,46.167,82660.641,8,1,1,0
999,2987227,0,29.994,976.248,46.166,82740.789,9,1,1,0
1000,2990217,0,29.992,976.245,46.093,82103.914,0,1,1,0
1001,2993207,0,29.994,976.270,46.081,82421.117,1,1,1,0
1002,2996197,0,29.989,976.254,46.050,82982.172,2,1,1,0
1003,2999187,0,29.997,976.279,46.069,82660.641,3,1,1,0
1004,3002177,0,29.997,976.288,45.990,83306.219,4,1,1,0
1005,3005167,0,29.992,976.277,46.069,82500.805,5,1,1,0
1006,3008157,0,29.997,976.283,46.075,82341.586,6,1,1,0
1007,3011147,0,29.989,976.273,46.026,82740.789,7,1,1,0
1008,3014137,0,29.984,976.286,46.056,83143.875,8,1,1,0
1009,3017127,0,29.989,976.280,46.032,82182.984,9,1,1,0
1010,3020117,0,29.989,976.289,46.050,82182.984,0,1,1,0
1011,3023107,0,29.987,976.273,46.019,82660.641,1,1,1,0
1012,3026097,0,29.987,976.273,46.032,82660.641,2,1,1,0
1013,3029087,0,29.984,976.260,46.037,82660.641,3,1,1,0
1014,3032077,0,29.984,976.280,46.080,82500.805,4,1,1,0
1015,3035067,0,29.984,976.257,46.092,83224.969,5,1,1,0
1016,3038057,0,29.987,976.279,46.086,82580.648,6,1,1,0
1017,3041047,0,29.992,976.304,46.069,82341.586,7,1,1,0
1018,3044037,0,29.989,976.279,46.056,82660.641,8,1,1,0
1019,3047027,0,29.987,976.295,46.117,82821.094,9,1,1,0
1020,3050017,0,29.981,976.294,46.134,82500.805,0,1,1,0
1021,3053007,0,29.987,976.314,46.159,82821.094,1,1,1,0
1022,3055997,0,29.984,976.302,46.177,82500.805,2,1,1,0
1023,3058987,0,29.981,976.273,46.177,82580.648,3,1,1,0
1024,3061977,0,29.989,976.268,46.147,82421.117,4,1,1,0
1025,3064967,0,29.979,976.269,46.189,82580.648,5,1,1,0
1026,3067957,0,29.981,976.244,46.244,82660.641,6,1,1,0
1027,3070947,0,29.981,976.262,46.201,83143.875,7,1,1,0
1028,3073937,0,29.981,976.241,46.226,82580.648,8,1,1,0
1029,3076927,0,29.984,976.239,46.214,82821.094,9,1,1,0
1030,3079917,0,29.987,976.253,46.202,82982.172,0,1,1,0
1031,3082907,0,29.981,976.264,46.201,82421.117,1,1,1,0
1032,3085897,0,29.979,976.258,46.177,82740.789,2,1,1,0
1033,3088887,0,29.981,976.264,46.165,82500.805,3,1,1,0
1034,3091877,0,29.987,976.273,46.159,83224.969,4,1,1,0
1035,3094867,0,29.984,976.293,46.165,82500.805,5,1,1,0
1036,3097857,0,29.979,976.282,46.177,82901.555,6,1,1,0
1037,3100847,0,29.979,976.269,46.207,83062.945,7,1,1,0
1038,3103837,0,29.984,976.266,46.202,82821.094,8,1,1,0
1039,3106827,0,29.987,976.298,46.226,82660.641,9,1,1,0
1040,3109817,0,29.981,976.278,46.201,82660.641,0,1,1,0
1041,3112807,0,29.987,976.291,46.287,82821.094,1,1,1,0
1042,3115797,0,29.979,976.301,46.225,82821.094,2,1,1,0
1043,3118787,0,29.981,976.269,46.268,83062.945,3,1,1,0
1044,3121777,0,29.984,976.269,46.238,82500.805,4,1,1,0
1045,3124767,0,29.979,976.247,46.250,82262.211,5,1,1,0
1046,3127757,0,29.981,976.269,46.262,82500.805,6,1,1,0
1047,3130747,0,29.981,976.273,46.286,82421.117,7,1,1,0
1048,3133737,0,29.984,976.289,46.293,82500.805,8,1,1,0
1049,3136727,0,29.979,976.269,46.280,82901.555,9,1,1,0
1050,3139717,0,29.981,976.266,46.268,82500.805,0,1,1,0
1051,3142707,0,29.979,976.280,46.317,82103.914,1,1,1,0
1052,3145697,0,29.979,976.274,46.256,83143.875,2,1,1,0
1053,3148687,0,29.981,976.285,46.244,83306.219,3,1,1,0
1054,3151677,0,29.981,976.282,46.256,82901.555,4,1,1,0
1055,3154667,0,29.979,976.287,46.274,82580.648,5,1,1,0
1056,3157657,0,29.981,976.285,46.286,83224.969,6,1,1,0
1057,3160647,0,29.976,976.292,46.322,82982.172,7,1,1,0
1058,3163637,0,29.971,976.288,46.334,82660.641,8,1,1,0
1059,3166627,0,29.974,976.292,46.310,82982.172,9,1,1,0
1060,3169617,0,29.969,976.297,46.340,82500.805,0,1,1,0
1061,3172607,0,29.971,976.281,46.310,82901.555,1,1,1,0
1062,3175597,0,29.971,976.297,46.297,82660.641,2,1,1,0
1063,3178587,0,29.969,976.279,46.328,82580.648,3,1,1,0
1064,3181577,0,29.979,976.282,46.323,82901.555,4,1,1,0
1065,3184567,0,29.974,976.301,46.334,82821.094,5,1,1,0
1066,3187557,0,29.976,976.287,46.353,82421.117,6,1,1,0
1067,3190547,0,29.969,976.285,46.395,82024.992,7,1,1,0
1068,3193537,0,29.971,976.294,46.407,82740.789,8,1,1,0
1069,3196527,0,29.971,976.304,46.431,82341.586,9,1,1,0
1070,3199517,0,29.961,976.268,46.430,82024.992,0,1,1,0
1071,3202507,0,29.964,976.288,46.430,82341.586,1,1,1,0
1072,3205497,0,29.969,976.301,46.449,82982.172,2,1,1,0
1073,3208487,0,29.976,976.294,46.414,82500.805,3,1,1,0
1074,3211477,0,29.971,976.265,46.444,82421.117,4,1,1,0
1075,3214467,0,29.966,976.250,46.431,82821.094,5,1,1,0
1076,3217457,0,29.961,976.245,46.491,82660.641,6,1,1,0
1077,3220447,0,29.969,976.274,46.516,82580.648,7,1,1,0
1078,3223437,0,29.971,976.245,46.523,82500.805,8,1,1,0
1079,3226427,0,29.964,976.248,46.516,82500.805,9,1,1,0
1080,3229417,0,29.961,976.246,46.534,82982.172,0,1,1,0
1081,3232407,0,29.971,976.254,46.529,82182.984,1,1,1,0
1082,3235397,0,29.964,976.275,46.516,82580.648,2,1,1,0
1083,3238387,0,29.961,976.266,46.516,82982.172,3,1,1,0
1084,3241377,0,29.966,976.265,46.565,82341.586,4,1,1,0
1085,3244367,0,29.961,976.263,46.522,82421.117,5,1,1,0
1086,3247357,0,29.966,976.256,46.541,81867.602,6,1,1,0
1087,3250347,0,29.966,976.256,46.534,82740.789,7,1,1,0
1088,3253337,0,29.964,976.256,46.528,82182.984,8,1,1,0
1089,3256327,0,29.961,976.281,46.558,82821.094,9,1,1,0
1090,3259317,0,29.964,976.275,46.565,82821.094,0,1,1,0
1091,3262307,0,29.964,976.275,46.565,82421.117,1,1,1,0
1092,3265297,0,29.956,976.269,46.539,83306.219,2,1,1,0
1093,3268287,0,29.959,976.270,46.570,82580.648,3,1,1,0
1094,3271277,0,29.966,976.265,46.541,82580.648,4,1,1,0
1095,3274267,0,29.954,976.244,46.527,82500.805,5,1,1,0
1096,3277257,0,29.956,976.257,46.564,83062.945,6,1,1,0
1097,3280247,0,29.951,976.267,46.557,82821.094,7,1,1,0
1098,3283237,0,29.956,976.248,46.527,82500.805,8,1,1,0
1099,3286227,0,29.951,976.244,46.551,82421.117,9,1,1,0
1100,3289217,0,29.951,976.239,46.612,82500.805,0,1,1,0
1101,3292207,0,29.956,976.246,46.612,82580.648,1,1,1,0
1102,3295197,0,29.956,976.257,46.631,82024.992,2,1,1,0
1103,3298187,0,29.959,976.257,46.674,82580.648,3,1,1,0
1104,3301177,0,29.959,976.239,46.710,82024.992,4,1,1,0
1105,3304167,0,29.959,976.235,46.735,82660.641,5,1,1,0
1106,3307157,0,29.956,976.221,46.765,81946.227,6,1,1,0
1107,3310147,0,29.954,976.219,46.759,82262.211,7,1,1,0
1108,3313137,0,29.956,976.248,46.716,82660.641,8,1,1,0
1109,3316127,0,29.961,976.250,46.680,83143.875,9,1,1,0
1110,3319117,0,29.959,976.237,46.643,82580.648,0,1,1,0
1111,3322107,0,29.956,976.215,46.631,82262.211,1,1,1,0
1112,3325097,0,29.959,976.225,46.582,82500.805,2,1,1,0
1113,3328087,0,29.949,976.215,46.636,81946.227,3,1,1,0
1114,3331077,0,29.956,976.226,46.619,82182.984,4,1,1,0
1115,3334067,0,29.961,976.261,46.631,82103.914,5,1,1,0
1116,3337057,0,29.954,976.232,46.649,82421.117,6,1,1,0
1117,3340047,0,29.954,976.235,46.594,82821.094,7,1,1,0
1118,3343037,0,29.954,976.224,46.643,82500.805,8,1,1,0
1119,3346027,0,29.961,976.234,46.656,82341.586,9,1,1,0
1120,3349017,0,29.956,976.214,46.722,82341.586,0,1,1,0
1121,3352007,0,29.956,976.207,46.710,82262.211,1,1,1,0
1122,3354997,0,29.959,976.194,46.765,82103.914,2,1,1,0
1123,3357987,0,29.956,976.160,46.789,82341.586,3,1,1,0
1124,3360977,0,29.964,976.164,46.845,81867.602,4,1,1,0
1125,3363967,0,29.961,976.130,46.821,82821.094,5,1,1,0
1126,3366957,0,29.959,976.139,46.790,82182.984,6,1,1,0
1127,3369947,0,29.954,976.147,46.832,82580.648,7,1,1,0
1128,3372937,0,29.959,976.153,46.826,82901.555,8,1,1,0
1129,3375927,0,29.951,976.183,46.807,82262.211,9,1,1,0
1130,3378917,0,29.951,976.154,46.807,82660.641,0,1,1,0
1131,3381907,0,29.956,976.167,46.789,82103.914,1,1,1,0
1132,3384897,0,29.954,976.153,46.753,82182.984,2,1,1,0
1133,3387887,0,29.954,976.156,46.759,82341.586,3,1,1,0
1134,3390877,0,29.956,976.135,46.747,82341.586,4,1,1,0
1135,3393867,0,29.959,976.149,46.704,82660.641,5,1,1,0
1136,3396857,0,29.956,976.153,46.710,83143.875,6,1,1,0
1137,3399847,0,29.959,976.174,46.723,82182.984,7,1,1,0
1138,3402837,0,29.956,976.158,46.722,82024.992,8,1,1,0
1139,3405827,0,29.956,976.163,46.735,82341.586,9,1,1,0
1140,3408817,0,29.956,976.165,46.686,82341.586,0,1,1,0
1141,3411807,0,29.956,976.171,46.686,82821.094,1,1,1,0
1142,3414797,0,29.954,976.160,46.679,82341.586,2,1,1,0
1143,3417787,0,29.961,976.171,46.650,82500.805,3,1,1,0
1144,3420777,0,29.956,976.176,46.655,82103.914,4,1,1,0
1145,3423767,0,29.959,976.183,46.686,82580.648,5,1,1,0
1146,3426757,0,29.956,976.189,46.741,82421.117,6,1,1,0
1147,3429747,0,29.961,976.214,46.723,82740.789,7,1,1,0
1148,3432737,0,29.956,976.169,46.728,82182.984,8,1,1,0
1149,3435727,0,29.954,976.187,46.746,82580.648,9,1,1,0
1150,3438717,0,29.956,976.210,46.741,82982.172,0,1,1,0
1151,3441707,0,29.956,976.228,46.747,82660.641,1,1,1,0
1152,3444697,0,29.954,976.212,46.759,82182.984,2,1,1,0
1153,3447687,0,29.946,976.206,46.770,82821.094,3,1,1,0
1154,3450677,0,29.951,976.212,46.709,82103.914,4,1,1,0
1155,3453667,0,29.951,976.206,46.697,82341.586,5,1,1,0
1156,3456657,0,29.946,976.197,46.745,82341.586,6,1,1,0
1157,3459647,0,29.954,976.237,46.832,82182.984,7,1,1,0
1158,3462637,0,29.946,976.215,46.910,82341.586,8,1,1,0
1159,3465627,0,29.949,976.224,46.917,82341.586,9,1,1,0
1160,3468617,0,29.949,976.221,46.947,82262.211,0,1,1,0
1161,3471607,0,29.951,976.206,47.009,82660.641,1,1,1,0
1162,3474597,0,29.939,976.218,47.038,82500.805,2,1,1,0
1163,3477587,0,29.944,976.211,47.069,82103.914,3,1,1,0
1164,3480577,0,29.946,976.220,47.100,82341.586,4,1,1,0
1165,3483567,0,29.949,976.213,47.100,82660.641,5,1,1,0
1166,3486557,0,29.946,976.236,47.124,82024.992,6,1,1,0
1167,3489547,0,29.939,976.211,47.099,81867.602,7,1,1,0
1168,3492537,0,29.941,976.200,47.124,81946.227,8,1,1,0
1169,3495527,0,29.939,976.195,47.111,82821.094,9,1,1,0
1170,3498517,0,29.934,976.178,47.111,82982.172,0,1,1,0
1171,3501507,0,29.936,976.159,47.123,81710.820,1,1,1,0
1172,3504497,0,29.941,976.184,47.130,82580.648,2,1,1,0
1173,3507487,0,29.941,976.184,47.099,82182.984,3,1,1,0
1174,3510477,0,29.931,976.166,47.086,82182.984,4,1,1,0
1175,3513467,0,29.939,976.179,47.111,82182.984,5,1,1,0
1176,3516457,0,29.934,976.171,47.068,82421.117,6,1,1,0
1177,3519447,0,29.931,976.167,47.061,82580.648,7,1,1,0
1178,3522437,0,29.939,976.191,47.013,82182.984,8,1,1,0
1179,3525427,0,29.936,976.187,46.982,82182.984,9,1,1,0
1180,3528417,0,29.936,976.200,46.976,81867.602,0,1,1,0
1181,3531407,0,29.931,976.173,47.018,81946.227,1,1,1,0
1182,3534397,0,29.929,976.203,47.012,82421.117,2,1,1,0
1183,3537387,0,29.931,976.196,47.092,82262.211,3,1,1,0
1184,3540377,0,29.939,976.227,47.099,82262.211,4,1,1,0
1185,3543367,0,29.924,976.176,47.109,82262.211,5,1,1,0
1186,3546357,0,29.936,976.186,47.123,82103.914,6,1,1,0
1187,3549347,0,29.931,976.185,47.135,81710.820,7,1,1,0
1188,3552337,0,29.941,976.206,47.179,82341.586,8,1,1,0
1189,3555327,0,29.949,976.197,47.143,82341.586,9,1,1,0
1190,3558317,0,29.931,976.169,47.122,82341.586,0,1,1,0
1191,3561307,0,29.934,976.176,47.147,82341.586,1,1,1,0
1192,3564297,0,29.936,976.184,47.099,81867.602,2,1,1,0
1193,3567287,0,29.941,976.163,47.148,82500.805,3,1,1,0
1194,3570277,0,29.936,976.184,47.123,82740.789,4,1,1,0
1195,3573267,0,29.944,976.179,47.167,82341.586,5,1,1,0
1196,3576257,0,29.931,976.176,47.141,82182.984,6,1,1,0
1197,3579247,0,29.934,976.180,47.068,82500.805,7,1,1,0
1198,3582237,0,29.934,976.169,47.043,82024.992,8,1,1,0
1199,3585227,0,29.931,976.171,47.043,82341.586,9,1,1,0
1200,3588217,0,29.939,976.180,47.013,82182.984,0,1,1,0
1201,3591207,0,29.936,976.177,46.958,82024.992,1,1,1,0
1202,3594197,0,29.939,976.173,46.928,82740.789,2,1,1,0
1203,3597187,0,29.941,976.182,46.891,82821.094,3,1,1,0
1204,3600177,0,29.941,976.170,46.898,82024.992,4,1,1,0
1205,3603167,0,29.934,976.142,46.860,82421.117,5,1,1,0
1206,3606157,0,29.934,976.133,46.848,82500.805,6,1,1,0
1207,3609147,0,29.936,976.177,46.854,82982.172,7,1,1,0
1208,3612137,0,29.929,976.181,46.829,82821.094,8,1,1,0
1209,3615127,0,29.926,976.178,46.804,82660.641,9,1,1,0
1210,3618117,0,29.929,976.169,46.804,82660.641,0,1,1,0
1211,3621107,0,29.926,976.172,46.792,82262.211,1,1,1,0
1212,3624097,0,29.926,976.172,46.792,82341.586,2,1,1,0
1213,3627087,0,29.931,976.191,46.853,82740.789,3,1,1,0
1214,3630077,0,29.926,976.144,46.841,82500.805,4,1,1,0
1215,3633067,0,29.926,976.153,46.877,83062.945,5,1,1,0
1216,3636057,0,29.926,976.145,46.932,82660.641,6,1,1,0
1217,3639047,0,29.934,976.153,46.952,82740.789,7,1,1,0
1218,3642037,0,29.921,976.154,46.932,82500.805,8,1,1,0
1219,3645027,0,29.921,976.149,46.919,82982.172,9,1,1,0
1220,3648017,0,29.919,976.141,46.895,82982.172,0,1,1,0
1221,3651007,0,29.914,976.139,46.925,82500.805,1,1,1,0
1222,3653997,0,29.921,976.167,46.987,83062.945,2,1,1,0
1223,3656987,0,29.916,976.159,47.096,81946.227,3,1,1,0
1224,3659977,0,29.914,976.161,47.181,82500.805,4,1,1,0
1225,3662967,0,29.904,976.142,47.186,82660.641,5,1,1,0
1226,3665957,0,29.911,976.155,47.175,82821.094,6,1,1,0
1227,3668947,0,29.896,976.156,47.155,83062.945,7,1,1,0
1228,3671937,0,29.899,976.163,47.228,82341.586,8,1,1,0
1229,3674927,0,29.899,976.144,47.296,82740.789,9,1,1,0
1230,3677917,0,29.899,976.156,47.302,81632.656,0,1,1,0
1231,3680907,0,29.896,976.161,47.283,82182.984,1,1,1,0
1232,3683897,0,29.888,976.140,47.264,82103.914,2,1,1,0
1233,3686887,0,29.891,976.150,47.276,82421.117,3,1,1,0
1234,3689877,0,29.901,976.153,47.266,82341.586,4,1,1,0
1235,3692867,0,29.896,976.151,47.240,82660.641,5,1,1,0
1236,3695857,0,29.899,976.145,47.290,82182.984,6,1,1,0
1237,3698847,0,29.901,976.164,47.302,82421.117,7,1,1,0
1238,3701837,0,29.899,976.156,47.265,82103.914,8,1,1,0
1239,3704827,0,29.901,976.180,47.327,82341.586,9,1,1,0
1240,3707817,0,29.896,976.131,47.302,81632.656,0,1,1,0
1241,3710807,0,29.911,976.175,47.279,81867.602,1,1,1,0
1242,3713797,0,29.896,976.138,47.295,82500.805,2,1,1,0
1243,3716787,0,29.901,976.148,47.290,82182.984,3,1,1,0
1244,3719777,0,29.896,976.131,47.308,82024.992,4,1,1,0
1245,3722767,0,29.901,976.133,47.327,82421.117,5,1,1,0
1246,3725757,0,29.901,976.137,47.351,82500.805,6,1,1,0
1247,3728747,0,29.896,976.135,47.338,81789.141,7,1,1,0
1248,3731737,0,29.896,976.106,47.338,82500.805,8,1,1,0
1249,3734727,0,29.894,976.106,47.332,82341.586,9,1,1,0
1250,3737717,0,29.888,976.098,47.337,82421.117,0,1,1,0
1251,3740707,0,29.899,976.127,47.333,82821.094,1,1,1,0
1252,3743697,0,29.899,976.133,47.314,82103.914,2,1,1,0
1253,3746687,0,29.891,976.125,47.362,82660.641,3,1,1,0
1254,3749677,0,29.901,976.122,47.357,82421.117,4,1,1,0
1255,3752667,0,29.901,976.131,47.345,82103.914,5,1,1,0
1256,3755657,0,29.899,976.122,47.351,82660.641,6,1,1,0
1257,3758647,0,29.901,976.115,47.321,82740.789,7,1,1,0
1258,3761637,0,29.904,976.144,47.321,82103.914,8,1,1,0
1259,3764627,0,29.894,976.131,47.332,83062.945,9,1,1,0
1260,3767617,0,29.904,976.155,47.339,82821.094,0,1,1,0
1261,3770607,0,29.901,976.148,47.376,83143.875,1,1,1,0
1262,3773597,0,29.904,976.169,47.376,82982.172,2,1,1,0
1263,3776587,0,29.909,976.187,47.389,82262.211,3,1,1,0
1264,3779577,0,29.904,976.151,47.388,82660.641,4,1,1,0
1265,3782567,0,29.901,976.158,47.406,82262.211,5,1,1,0
1266,3785557,0,29.906,976.169,47.407,82341.586,6,1,1,0
1267,3788547,0,29.904,976.173,47.401,82182.984,7,1,1,0
1268,3791537,0,29.919,976.166,47.409,82103.914,8,1,1,0
1269,3794527,0,29.911,976.145,47.377,81946.227,9,1,1,0
1270,3797517,0,29.914,976.145,47.402,82580.648,0,1,1,0
1271,3800507,0,29.916,976.138,47.402,82341.586,1,1,1,0
1272,3803497,0,29.919,976.136,47.390,82103.914,2,1,1,0
1273,3806487,0,29.921,976.129,47.372,82262.211,3,1,1,0
1274,3809477,0,29.924,976.140,47.403,81867.602,4,1,1,0
1275,3812467,0,29.919,976.131,47.403,82341.586,5,1,1,0
1276,3815457,0,29.921,976.118,47.409,82182.984,6,1,1,0
1277,3818447,0,29.931,976.137,47.447,82262.211,7,1,1,0
1278,3821437,0,29.931,976.130,47.429,82421.117,8,1,1,0
1279,3824427,0,29.926,976.135,47.416,82500.805,9,1,1,0
1280,3827417,0,29.939,976.123,47.460,82024.992,0,1,1,0
1281,3830407,0,29.936,976.157,47.435,82024.992,1,1,1,0
1282,3833397,0,29.934,976.142,47.453,82182.984,2,1,1,0
1283,3836387,0,29.936,976.169,47.460,82024.992,3,1,1,0
1284,3839377,0,29.931,976.169,47.453,82341.586,4,1,1,0
1285,3842367,0,29.931,976.131,47.472,82500.805,5,1,1,0
1286,3845357,0,29.946,976.143,47.492,82182.984,6,1,1,0
1287,3848347,0,29.936,976.137,47.484,81710.820,7,1,1,0
1288,3851337,0,29.939,976.153,47.454,82103.914,8,1,1,0
1289,3854327,0,29.949,976.159,47.474,82182.984,9,1,1,0
1290,3857317,0,29.949,976.142,47.455,81946.227,0,1,1,0
1291,3860307,0,29.951,976.152,47.511,82341.586,1,1,1,0
1292,3863297,0,29.956,976.147,47.530,82262.211,2,1,1,0
1293,3866287,0,29.951,976.122,47.523,81946.227,3,1,1,0
1294,3869277,0,29.951,976.138,47.480,82500.805,4,1,1,0
1295,3872267,0,29.949,976.145,47.455,82580.648,5,1,1,0
1296,3875257,0,29.956,976.147,47.469,81710.820,6,1,1,0
1297,3878247,0,29.959,976.157,47.475,81946.227,7,1,1,0
1298,3881237,0,29.956,976.144,47.481,82421.117,8,1,1,0
1299,3884227,0,29.954,976.142,47.474,82500.805,9,1,1,0
1300,3887217,0,29.954,976.147,47.505,82262.211,0,1,1,0
1301,3890207,0,29.954,976.176,47.487,81710.820,1,1,1,0
1302,3893197,0,29.951,976.149,47.505,81946.227,2,1,1,0
1303,3896187,0,29.946,976.161,47.480,81946.227,3,1,1,0
1304,3899177,0,29.949,976.143,47.529,81946.227,4,1,1,0
1305,3902167,0,29.949,976.138,47.541,81867.602,5,1,1,0
1306,3905157,0,29.944,976.136,47.510,82580.648,6,1,1,0
1307,3908147,0,29.959,976.153,47.506,82182.984,7,1,1,0
1308,3911137,0,29.946,976.141,47.547,82182.984,8,1,1,0
1309,3914127,0,29.951,976.140,47.578,81867.602,9,1,1,0
1310,3917117,0,29.949,976.140,47.547,82024.992,0,1,1,0
1311,3920107,0,29.949,976.165,47.566,81946.227,1,1,1,0
1312,3923097,0,29.959,976.162,47.549,82024.992,2,1,1,0
1313,3926087,0,29.944,976.145,47.577,82103.914,3,1,1,0
1314,3929077,0,29.951,976.149,47.554,82024.992,4,1,1,0
1315,3932067,0,29.954,976.151,47.609,81789.141,5,1,1,0
1316,3935057,0,29.951,976.163,47.529,82500.805,6,1,1,0
1317,3938047,0,29.944,976.143,47.534,81789.141,7,1,1,0
1318,3941037,0,29.956,976.162,47.573,81867.602,8,1,1,0
1319,3944027,0,29.951,976.172,47.566,82262.211,9,1,1,0
1320,3947017,0,29.946,976.158,47.535,82024.992,0,1,1,0
1321,3950007,0,29.949,976.183,47.547,82024.992,1,1,1,0
1322,3952997,0,29.939,976.155,47.564,82580.648,2,1,1,0
1323,3955987,0,29.936,976.139,47.546,82024.992,3,1,1,0
1324,3958977,0,29.946,976.152,47.559,81632.656,4,1,1,0
1325,3961967,0,29.944,976.143,47.559,81946.227,5,1,1,0
1326,3964957,0,29.939,976.146,47.601,82740.789,6,1,1,0
1327,3967947,0,29.941,976.134,47.565,81946.227,7,1,1,0
1328,3970937,0,29.951,976.161,47.584,82500.805,8,1,1,0
1329,3973927,0,29.941,976.155,47.589,82103.914,9,1,1,0
1330,3976917,0,29.939,976.153,47.583,82182.984,0,1,1,0
1331,3979907,0,29.936,976.135,47.570,81867.602,1,1,1,0
1332,3982897,0,29.939,976.162,47.589,82182.984,2,1,1,0
1333,3985887,0,29.941,976.139,47.559,82982.172,3,1,1,0
1334,3988877,0,29.939,976.144,47.528,81946.227,4,1,1,0
1335,3991867,0,29.936,976.117,47.533,82182.984,5,1,1,0
1336,3994857,0,29.936,976.144,47.546,82103.914,6,1,1,0
1337,3997847,0,29.936,976.168,47.521,82182.984,7,1,1,0
1338,4000837,0,29.931,976.126,47.545,82660.641,8,1,1,0
1339,4003827,0,29.929,976.135,47.533,82024.992,9,1,1,0
1340,4006817,0,29.926,976.133,47.544,82024.992,0,1,1,0
1341,4009807,0,29.924,976.124,47.550,82024.992,1,1,1,0
1342,4012797,0,29.921,976.109,47.568,82024.992,2,1,1,0
1343,4015787,0,29.934,976.137,47.558,82500.805,3,1,1,0
1344,4018777,0,29.929,976.117,47.539,82024.992,4,1,1,0
1345,4021767,0,29.924,976.129,47.556,82103.914,5,1,1,0
1346,4024757,0,29.924,976.107,47.550,81710.820,6,1,1,0
1347,4027747,0,29.934,976.137,47.545,82901.555,7,1,1,0
1348,4030737,0,29.916,976.107,47.513,82580.648,8,1,1,0
1349,4033727,0,29.924,976.124,47.501,82500.805,9,1,1,0
1350,4036717,0,29.919,976.129,47.537,82580.648,0,1,1,0
1351,4039707,0,29.921,976.118,47.538,81710.820,1,1,1,0
1352,4042697,0,29.921,976.118,47.532,82500.805,2,1,1,0
1353,4045687,0,29.916,976.096,47.543,82103.914,3,1,1,0
1354,4048677,0,29.916,976.105,47.525,82821.094,4,1,1,0
1355,4051667,0,29.911,976.112,47.524,82500.805,5,1,1,0
1356,4054657,0,29.906,976.112,47.536,81946.227,6,1,1,0
1357,4057647,0,29.914,976.121,47.518,82182.984,7,1,1,0
1358,4060637,0,29.904,976.096,47.548,82421.117,8,1,1,0
1359,4063627,0,29.909,976.103,47.536,82500.805,9,1,1,0
1360,4066617,0,29.906,976.103,47.511,82024.992,0,1,1,0
1361,4069607,0,29.904,976.117,47.511,82182.984,1,1,1,0
1362,4072597,0,29.904,976.101,47.486,82262.211,2,1,1,0
1363,4075587,0,29.906,976.083,47.542,82024.992,3,1,1,0
1364,4078577,0,29.904,976.092,47.535,82982.172,4,1,1,0
1365,4081567,0,29.904,976.092,47.535,82660.641,5,1,1,0
1366,4084557,0,29.901,976.090,47.498,82262.211,6,1,1,0
1367,4087547,0,29.901,976.081,47.535,81867.602,7,1,1,0
1368,4090537,0,29.899,976.086,47.559,82024.992,8,1,1,0
1369,4093527,0,29.899,976.079,47.565,82341.586,9,1,1,0
1370,4096517,0,29.891,976.077,47.546,82500.805,0,1,1,0
1371,4099507,0,29.886,976.064,47.521,82341.586,1,1,1,0
1372,4102497,0,29.886,976.110,47.533,82500.805,2,1,1,0
1373,4105487,0,29.888,976.084,47.576,81710.820,3,1,1,0
1374,4108477,0,29.888,976.084,47.552,82421.117,4,1,1,0
1375,4111467,0,29.888,976.080,47.546,82341.586,5,1,1,0
1376,4114457,0,29.886,976.075,47.558,82341.586,6,1,1,0
1377,4117447,0,29.886,976.091,47.533,82901.555,7,1,1,0
1378,4120437,0,29.883,976.089,47.545,82182.984,8,1,1,0
1379,4123427,0,29.881,976.076,47.551,82341.586,9,1,1,0
1380,4126417,0,29.883,976.096,47.564,82341.586,0,1,1,0
1381,4129407,0,29.878,976.069,47.551,82103.914,1,1,1,0
1382,4132397,0,29.878,976.067,47.557,82024.992,2,1,1,0
1383,4135387,0,29.878,976.051,47.569,82660.641,3,1,1,0
1384,4138377,0,29.883,976.075,47.570,82421.117,4,1,1,0
1385,4141367,0,29.873,976.081,47.556,82500.805,5,1,1,0
1386,4144357,0,29.873,976.081,47.581,82982.172,6,1,1,0
1387,4147347,0,29.871,976.077,47.580,82421.117,7,1,1,0
1388,4150337,0,29.871,976.086,47.599,82500.805,8,1,1,0
1389,4153327,0,29.873,976.079,47.587,82660.641,9,1,1,0
1390,4156317,0,29.873,976.083,47.562,82500.805,0,1,1,0
1391,4159307,0,29.871,976.101,47.593,81946.227,1,1,1,0
1392,4162297,0,29.866,976.077,47.561,82580.648,2,1,1,0
1393,4165287,0,29.861,976.061,47.579,82341.586,3,1,1,0
1394,4168277,0,29.863,976.057,47.567,82421.117,4,1,1,0
1395,4171267,0,29.866,976.061,47.592,82580.648,5,1,1,0
1396,4174257,0,29.863,976.048,47.573,82262.211,6,1,1,0
1397,4177247,0,29.868,976.066,47.562,83143.875,7,1,1,0
1398,4180237,0,29.856,976.042,47.566,82982.172,8,1,1,0
1399,4183227,0,29.858,976.039,47.554,82982.172,9,1,1,0
1400,4186217,0,29.863,976.041,47.592,82580.648,0,1,1,0
1401,4189207,0,29.863,976.055,47.610,82982.172,1,1,1,0
1402,4192197,0,29.863,976.039,47.573,82500.805,2,1,1,0
1403,4195187,0,29.861,976.034,47.567,82262.211,3,1,1,0
1404,4198177,0,29.863,976.027,47.592,82821.094,4,1,1,0
1405,4201167,0,29.863,976.045,47.604,82660.641,5,1,1,0
1406,4204157,0,29.868,976.057,47.562,82740.789,6,1,1,0
1407,4207147,0,29.861,976.048,47.561,82660.641,7,1,1,0
1408,4210137,0,29.858,976.041,47.566,82262.211,8,1,1,0
1409,4213127,0,29.858,976.066,47.579,82901.555,9,1,1,0
1410,4216117,0,29.853,976.046,47.560,82901.555,0,1,1,0
1411,4219107,0,29.861,976.062,47.591,83062.945,1,1,1,0
1412,4222097,0,29.853,976.049,47.609,82821.094,2,1,1,0
1413,4225087,0,29.853,976.044,47.615,82740.789,3,1,1,0
1414,4228077,0,29.851,976.033,47.584,82500.805,4,1,1,0
1415,4231067,0,29.843,976.024,47.577,82982.172,5,1,1,0
1416,4234057,0,29.848,976.029,47.596,82982.172,6,1,1,0
1417,4237047,0,29.851,976.035,47.639,82500.805,7,1,1,0
1418,4240037,0,29.853,976.051,47.615,82660.641,8,1,1,0
1419,4243027,0,29.853,976.022,47.627,82901.555,9,1,1,0
1420,4246017,0,29.851,976.037,47.639,82821.094,0,1,1,0
1421,4249007,0,29.851,976.026,47.615,82982.172,1,1,1,0
1422,4251997,0,29.853,976.042,47.646,82500.805,2,1,1,0
1423,4254987,0,29.848,976.033,47.626,82821.094,3,1,1,0
1424,4257977,0,29.848,976.042,47.639,82740.789,4,1,1,0
1425,4260967,0,29.853,976.037,47.646,83306.219,5,1,1,0
1426,4263957,0,29.851,976.020,47.676,82580.648,6,1,1,0
1427,4266947,0,29.851,976.017,47.688,82500.805,7,1,1,0
1428,4269937,0,29.848,976.029,47.669,82182.984,8,1,1,0
1429,4272927,0,29.851,976.040,47.664,82660.641,9,1,1,0
1430,4275917,0,29.851,976.033,47.670,82182.984,0,1,1,0
1431,4278907,0,29.851,976.031,47.688,82262.211,1,1,1,0
1432,4281897,0,29.851,976.044,47.670,83469.188,2,1,1,0
1433,4284887,0,29.851,976.026,47.682,82500.805,3,1,1,0
1434,4287877,0,29.856,976.032,47.701,83306.219,4,1,1,0
1435,4290867,0,29.853,976.001,47.652,82660.641,5,1,1,0
1436,4293857,0,29.853,976.001,47.682,82982.172,6,1,1,0
1437,4296847,0,29.851,976.022,47.700,82262.211,7,1,1,0
1438,4299837,0,29.851,976.002,47.688,82740.789,8,1,1,0
1439,4302827,0,29.851,976.001,47.688,82580.648,9,1,1,0
1440,4305817,0,29.848,976.009,47.688,83062.945,0,1,1,0
1441,4308807,0,29.851,975.995,47.682,82341.586,1,1,1,0
1442,4311797,0,29.851,976.004,47.700,82341.586,2,1,1,0
1443,4314787,0,29.856,976.028,47.695,82982.172,3,1,1,0
1444,4317777,0,29.851,976.028,47.694,83224.969,4,1,1,0
1445,4320767,0,29.851,976.026,47.713,83062.945,5,1,1,0
1446,4323757,0,29.853,976.001,47.719,82103.914,6,1,1,0
1447,4326747,0,29.853,975.990,47.695,82182.984,7,1,1,0
1448,4329737,0,29.846,975.963,47.688,83469.188,8,1,1,0
1449,4332727,0,29.851,975.927,47.707,82024.992,9,1,1,0
1450,4335717,0,29.846,975.948,47.700,82901.555,0,1,1,0
1451,4338707,0,29.848,975.930,47.731,82982.172,1,1,1,0
1452,4341697,0,29.853,975.960,47.701,82660.641,2,1,1,0
1453,4344687,0,29.841,975.948,47.711,83306.219,3,1,1,0
1454,4347677,0,29.848,975.990,47.669,83306.219,4,1,1,0
1455,4350667,0,29.851,975.997,47.725,82901.555,5,1,1,0
1456,4353657,0,29.846,976.000,47.718,83306.219,6,1,1,0
1457,4356647,0,29.843,976.011,47.724,82740.789,7,1,1,0
1458,4359637,0,29.846,976.025,47.712,82901.555,8,1,1,0
1459,4362627,0,29.846,976.033,47.730,82500.805,9,1,1,0
1460,4365617,0,29.851,976.022,47.725,82660.641,0,1,1,0
1461,4368607,0,29.851,976.037,47.719,82341.586,1,1,1,0
1462,4371597,0,29.848,976.018,47.706,82901.555,2,1,1,0
1463,4374587,0,29.841,976.011,47.748,82421.117,3,1,1,0
1464,4377577,0,29.841,976.000,47.748,82421.117,4,1,1,0
1465,4380567,0,29.841,976.020,47.748,82580.648,5,1,1,0
1466,4383557,0,29.846,976.025,47.749,82500.805,6,1,1,0
1467,4386547,0,29.838,976.016,47.754,82580.648,7,1,1,0
1468,4389537,0,29.841,976.049,47.773,82660.641,8,1,1,0
1469,4392527,0,29.846,976.036,47.773,82660.641,9,1,1,0
1470,4395517,0,29.843,976.038,47.773,83306.219,0,1,1,0
1471,4398507,0,29.841,976.025,47.785,82821.094,1,1,1,0
1472,4401497,0,29.836,976.012,47.772,82341.586,2,1,1,0
1473,4404487,0,29.838,976.023,47.815,83143.875,3,1,1,0
1474,4407477,0,29.838,976.027,47.797,82500.805,4,1,1,0
1475,4410467,0,29.838,976.018,47.791,82660.641,5,1,1,0
1476,4413457,0,29.841,976.032,47.822,83306.219,6,1,1,0
1477,4416447,0,29.841,976.036,47.785,82660.641,7,1,1,0
1478,4419437,0,29.836,976.023,47.827,82821.094,8,1,1,0
1479,4422427,0,29.833,976.010,47.821,82740.789,9,1,1,0
1480,4425417,0,29.836,976.009,47.809,82660.641,0,1,1,0
1481,4428407,0,29.831,976.010,47.821,82740.789,1,1,1,0
1482,4431397,0,29.841,976.038,47.828,82182.984,2,1,1,0
1483,4434387,0,29.841,976.047,47.822,82660.641,3,1,1,0
1484,4437377,0,29.841,976.040,47.822,82341.586,4,1,1,0
1485,4440367,0,29.831,976.019,47.833,82182.984,5,1,1,0
1486,4443357,0,29.838,976.029,47.809,82901.555,6,1,1,0
1487,4446347,0,29.838,976.034,47.822,83143.875,7,1,1,0
1488,4449337,0,29.841,976.032,47.853,82580.648,8,1,1,0
1489,4452327,0,29.833,976.025,47.827,82740.789,9,1,1,0
1490,4455317,0,29.831,976.016,47.833,83143.875,0,1,1,0
1491,4458307,0,29.833,976.039,47.839,82182.984,1,1,1,0
1492,4461297,0,29.826,976.015,47.832,82660.641,2,1,1,0
1493,4464287,0,29.836,976.028,47.846,82821.094,3,1,1,0
1494,4467277,0,29.823,976.008,47.881,82262.211,4,1,1,0
1495,4470267,0,29.826,975.992,47.863,82500.805,5,1,1,0
1496,4473257,0,29.826,976.031,47.869,82580.648,6,1,1,0
1497,4476247,0,29.823,976.013,47.869,83062.945,7,1,1,0
1498,4479237,0,29.821,976.015,47.868,82341.586,8,1,1,0
1499,4482227,0,29.818,976.018,47.893,82740.789,9,1,1,0
1500,4485217,0,29.816,976.008,47.892,82421.117,0,1,1,0
1501,4488207,0,29.818,976.018,47.887,82901.555,1,1,1,0
1502,4491197,0,29.816,976.024,47.874,82341.586,2,1,1,0
1503,4494187,0,29.813,976.016,47.910,82982.172,3,1,1,0
1504,4497177,0,29.818,976.011,47.923,82660.641,4,1,1,0
1505,4500167,0,29.816,975.997,47.892,82821.094,5,1,1,0
1506,4503157,0,29.821,976.022,47.948,82024.992,6,1,1,0
1507,4506147,0,29.821,976.013,47.905,82901.555,7,1,1,0
1508,4509137,0,29.818,976.008,47.899,82500.805,8,1,1,0
1509,4512127,0,29.816,975.991,47.954,82982.172,9,1,1,0
1510,4515117,0,29.813,976.014,47.929,82821.094,0,1,1,0
1511,4518107,0,29.813,975.998,47.929,82421.117,1,1,1,0
1512,4521097,0,29.816,976.029,47.960,82740.789,2,1,1,0
1513,4524087,0,29.826,976.051,47.943,82500.805,3,1,1,0
1514,4527077,0,29.811,976.011,47.922,82182.984,4,1,1,0
1515,4530067,0,29.826,976.051,47.937,82660.641,5,1,1,0
1516,4533057,0,29.813,976.031,47.917,82421.117,6,1,1,0
1517,4536047,0,29.811,976.007,47.922,82500.805,7,1,1,0
1518,4539037,0,29.811,976.030,47.929,82901.555,8,1,1,0
1519,4542027,0,29.813,976.034,47.929,82341.586,9,1,1,0
1520,4545017,0,29.803,976.026,47.934,82901.555,0,1,1,0
1521,4548007,0,29.808,976.036,47.941,82660.641,1,1,1,0
1522,4550997,0,29.821,976.047,47.930,82982.172,2,1,1,0
1523,4553987,0,29.813,976.023,47.954,82660.641,3,1,1,0
1524,4556977,0,29.808,976.018,47.916,82421.117,4,1,1,0
1525,4559967,0,29.808,976.009,47.904,82580.648,5,1,1,0
1526,4562957,0,29.811,976.005,47.904,82500.805,6,1,1,0
1527,4565947,0,29.816,976.033,47.880,82901.555,7,1,1,0
1528,4568937,0,29.811,976.021,47.904,82500.805,8,1,1,0
1529,4571927,0,29.816,976.036,47.880,82580.648,9,1,1,0
1530,4574917,0,29.811,976.013,47.873,82580.648,0,1,1,0
1531,4577907,0,29.811,976.009,47.904,82982.172,1,1,1,0
1532,4580897,0,29.818,976.031,47.893,82500.805,2,1,1,0
1533,4583887,0,29.811,976.007,47.879,82982.172,3,1,1,0
1534,4586877,0,29.816,976.016,47.868,82901.555,4,1,1,0
1535,4589867,0,29.806,976.010,47.885,82500.805,5,1,1,0
1536,4592857,0,29.806,976.012,47.891,82740.789,6,1,1,0
1537,4595847,0,29.811,975.991,47.916,83143.875,7,1,1,0
1538,4598837,0,29.808,976.000,47.885,82821.094,8,1,1,0
1539,4601827,0,29.816,976.018,47.905,82982.172,9,1,1,0
1540,4604817,0,29.806,975.996,47.916,82821.094,0,1,1,0
1541,4607807,0,29.811,975.996,47.892,83714.844,1,1,1,0
1542,4610797,0,29.806,975.991,47.891,82901.555,2,1,1,0
1543,4613787,0,29.813,976.016,47.874,82660.641,3,1,1,0
1544,4616777,0,29.800,975.983,47.878,82982.172,4,1,1,0
1545,4619767,0,29.806,975.996,47.873,83306.219,5,1,1,0
1546,4622757,0,29.806,976.005,47.897,82901.555,6,1,1,0
1547,4625747,0,29.803,975.999,47.885,82500.805,7,1,1,0
1548,4628737,0,29.808,976.007,47.885,82821.094,8,1,1,0
1549,4631727,0,29.813,976.014,47.904,82660.641,9,1,1,0
1550,4634717,0,29.808,976.014,47.898,82660.641,0,1,1,0
1551,4637707,0,29.800,975.992,47.866,82421.117,1,1,1,0
1552,4640697,0,29.808,976.014,47.891,82982.172,2,1,1,0
1553,4643687,0,29.813,975.995,47.880,82821.094,3,1,1,0
1554,4646677,0,29.821,976.038,47.893,82341.586,4,1,1,0
1555,4649667,0,29.813,976.018,47.861,83062.945,5,1,1,0
1556,4652657,0,29.811,976.023,47.855,82821.094,6,1,1,0
1557,4655647,0,29.813,976.011,47.861,82901.555,7,1,1,0
1558,4658637,0,29.813,975.998,47.843,83143.875,8,1,1,0
1559,4661627,0,29.816,976.025,47.868,82821.094,9,1,1,0
1560,4664617,0,29.816,976.018,47.874,82500.805,0,1,1,0
1561,4667607,0,29.813,976.009,47.837,82821.094,1,1,1,0
1562,4670597,0,29.813,976.020,47.843,82982.172,2,1,1,0
1563,4673587,0,29.813,976.031,47.855,82821.094,3,1,1,0
1564,4676577,0,29.813,976.022,47.880,83143.875,4,1,1,0
1565,4679567,0,29.811,976.000,47.879,82660.641,5,1,1,0
1566,4682557,0,29.813,976.007,47.861,83306.219,6,1,1,0
1567,4685547,0,29.806,975.980,47.879,83143.875,7,1,1,0
1568,4688537,0,29.811,976.013,47.879,82982.172,8,1,1,0
1569,4691527,0,29.813,976.014,47.886,82982.172,9,1,1,0
1570,4694517,0,29.808,976.009,47.842,82982.172,0,1,1,0
1571,4697507,0,29.811,976.009,47.861,83306.219,1,1,1,0
1572,4700497,0,29.811,976.005,47.867,83306.219,2,1,1,0
1573,4703487,0,29.811,975.998,47.836,83224.969,3,1,1,0
1574,4706477,0,29.808,975.989,47.855,82821.094,4,1,1,0
1575,4709467,0,29.808,975.976,47.885,82740.789,5,1,1,0
1576,4712457,0,29.811,975.977,47.861,83224.969,6,1,1,0
1577,4715447,0,29.808,975.964,47.867,83062.945,7,1,1,0
1578,4718437,0,29.798,975.954,47.866,83387.625,8,1,1,0
1579,4721427,0,29.808,975.978,47.891,82901.555,9,1,1,0
1580,4724417,0,29.803,975.956,47.915,83143.875,0,1,1,0
1581,4727407,0,29.803,975.960,47.928,82982.172,1,1,1,0
1582,4730397,0,29.811,975.982,47.953,82901.555,2,1,1,0
1583,4733387,0,29.806,975.958,47.934,82901.555,3,1,1,0
1584,4736377,0,29.806,975.973,47.946,82982.172,4,1,1,0
1585,4739367,0,29.803,975.962,47.928,82660.641,5,1,1,0
1586,4742357,0,29.808,975.957,47.965,82901.555,6,1,1,0
1587,4745347,0,29.808,975.949,47.990,82821.094,7,1,1,0
1588,4748337,0,29.808,975.939,47.977,82660.641,8,1,1,0
1589,4751327,0,29.808,975.931,47.977,82341.586,9,1,1,0
1590,4754317,0,29.813,975.925,47.960,82982.172,0,1,1,0
1591,4757307,0,29.811,975.923,47.990,82740.789,1,1,1,0
1592,4760297,0,29.803,975.901,48.001,82740.789,2,1,1,0
1593,4763287,0,29.808,975.930,47.984,82982.172,3,1,1,0
1594,4766277,0,29.806,975.915,47.977,82341.586,4,1,1,0
1595,4769267,0,29.813,975.926,48.003,82660.641,5,1,1,0
1596,4772257,0,29.806,975.926,47.965,82740.789,6,1,1,0
1597,4775247,0,29.806,975.931,47.965,82580.648,7,1,1,0
1598,4778237,0,29.811,975.932,47.965,82821.094,8,1,1,0
1599,4781227,0,29.806,975.937,47.971,82740.789,9,1,1,0
1600,4784217,0,29.808,975.942,47.934,83550.914,0,1,1,0
1601,4787207,0,29.803,975.915,47.946,82982.172,1,1,1,0
1602,4790197,0,29.806,975.930,47.965,82982.172,2,1,1,0
1603,4793187,0,29.806,975.921,47.977,82821.094,3,1,1,0
1604,4796177,0,29.800,975.902,47.976,82901.555,4,1,1,0
1605,4799167,0,29.795,975.920,47.951,83062.945,5,1,1,0
1606,4802157,0,29.803,975.935,47.983,82580.648,6,1,1,0
1607,4805147,0,29.798,975.913,47.933,83143.875,7,1,1,0
1608,4808137,0,29.803,975.924,47.965,82821.094,8,1,1,0
1609,4811127,0,29.798,975.922,47.952,83143.875,9,1,1,0
1610,4814117,0,29.798,975.926,47.964,83143.875,0,1,1,0
1611,4817107,0,29.800,975.949,47.964,83062.945,1,1,1,0
1612,4820097,0,29.798,975.954,47.995,83143.875,2,1,1,0
1613,4823087,0,29.798,975.940,47.976,83143.875,3,1,1,0
1614,4826077,0,29.795,975.945,47.976,82982.172,4,1,1,0
1615,4829067,0,29.790,975.929,47.963,82821.094,5,1,1,0
1616,4832057,0,29.795,975.936,47.951,83143.875,6,1,1,0
1617,4835047,0,29.790,975.920,47.981,83387.625,7,1,1,0
1618,4838037,0,29.798,975.929,47.945,83062.945,8,1,1,0
1619,4841027,0,29.798,975.938,47.952,82901.555,9,1,1,0
1620,4844017,0,29.788,975.909,47.950,82982.172,0,1,1,0
1621,4847007,0,29.783,975.910,47.974,82660.641,1,1,1,0
1622,4849997,0,29.788,975.905,47.963,82740.789,2,1,1,0
1623,4852987,0,29.788,975.909,48.042,83224.969,3,1,1,0
1624,4855977,0,29.785,975.900,48.073,82660.641,4,1,1,0
1625,4858967,0,29.783,975.905,48.122,82500.805,5,1,1,0
1626,4861957,0,29.785,975.909,48.147,82580.648,6,1,1,0
1627,4864947,0,29.780,975.901,48.109,82580.648,7,1,1,0
1628,4867937,0,29.775,975.908,48.133,82821.094,8,1,1,0
1629,4870927,0,29.773,975.892,48.120,82821.094,9,1,1,0
1630,4873917,0,29.778,975.876,48.121,82821.094,0,1,1,0
1631,4876907,0,29.773,975.908,48.120,82500.805,1,1,1,0
1632,4879897,0,29.775,975.901,48.108,83062.945,2,1,1,0
1633,4882887,0,29.775,975.876,48.152,82500.805,3,1,1,0
1634,4885877,0,29.778,975.881,48.127,83062.945,4,1,1,0
1635,4888867,0,29.773,975.872,48.170,82821.094,5,1,1,0
1636,4891857,0,29.785,975.912,48.147,82982.172,6,1,1,0
1637,4894847,0,29.773,975.863,48.145,83143.875,7,1,1,0
1638,4897837,0,29.780,975.872,48.134,83143.875,8,1,1,0
1639,4900827,0,29.783,975.872,48.128,83062.945,9,1,1,0
1640,4903817,0,29.788,975.887,48.141,82580.648,0,1,1,0
1641,4906807,0,29.785,975.873,48.134,82341.586,1,1,1,0
1642,4909797,0,29.783,975.882,48.134,82660.641,2,1,1,0
1643,4912787,0,29.783,975.860,48.134,82341.586,3,1,1,0
1644,4915777,0,29.785,975.853,48.171,82500.805,4,1,1,0
1645,4918767,0,29.783,975.858,48.159,82901.555,5,1,1,0
1646,4921757,0,29.788,975.876,48.153,82901.555,6,1,1,0
1647,4924747,0,29.788,975.866,48.147,82982.172,7,1,1,0
1648,4927737,0,29.785,975.874,48.134,82982.172,8,1,1,0
1649,4930727,0,29.780,975.867,48.152,82982.172,9,1,1,0
1650,4933717,0,29.780,975.867,48.165,83062.945,0,1,1,0
1651,4936707,0,29.783,975.882,48.122,82660.641,1,1,1,0
1652,4939697,0,29.783,975.871,48.134,83143.875,2,1,1,0
1653,4942687,0,29.780,975.874,48.140,83143.875,3,1,1,0
1654,4945677,0,29.783,975.878,48.159,82821.094,4,1,1,0
1655,4948667,0,29.783,975.847,48.122,83143.875,5,1,1,0
1656,4951657,0,29.780,975.829,48.146,83143.875,6,1,1,0
1657,4954647,0,29.785,975.810,48.134,82982.172,7,1,1,0
1658,4957637,0,29.785,975.837,48.116,82341.586,8,1,1,0
1659,4960627,0,29.793,975.834,48.154,83387.625,9,1,1,0
1660,4963617,0,29.793,975.844,48.160,83143.875,0,1,1,0
1661,4966607,0,29.795,975.814,48.154,82982.172,1,1,1,0
1662,4969597,0,29.798,975.823,48.179,82982.172,2,1,1,0
1663,4972587,0,29.800,975.825,48.161,82982.172,3,1,1,0
1664,4975577,0,29.800,975.820,48.155,83062.945,4,1,1,0
1665,4978567,0,29.798,975.809,48.173,82740.789,5,1,1,0
1666,4981557,0,29.803,975.818,48.186,83387.625,6,1,1,0
1667,4984547,0,29.808,975.845,48.174,82341.586,7,1,1,0
1668,4987537,0,29.806,975.833,48.199,82660.641,8,1,1,0
1669,4990527,0,29.816,975.869,48.181,82982.172,9,1,1,0
1670,4993517,0,29.806,975.840,48.174,82901.555,0,1,1,0
1671,4996507,0,29.813,975.846,48.224,82500.805,1,1,1,0
1672,4999497,0,29.816,975.851,48.224,83469.188,2,1,1,0
1673,5002487,0,29.828,975.868,48.189,82740.789,3,1,1,0
1674,5005477,0,29.823,975.852,48.207,82341.586,4,1,1,0
1675,5008467,0,29.818,975.867,48.219,82821.094,5,1,1,0
1676,5011457,0,29.816,975.887,48.194,82821.094,6,1,1,0
1677,5014447,0,29.821,975.884,48.237,82580.648,7,1,1,0
1678,5017437,0,29.818,975.875,48.237,82421.117,8,1,1,0
1679,5020427,0,29.821,975.861,48.274,82341.586,9,1,1,0
1680,5023417,0,29.818,975.885,48.274,83224.969,0,1,1,0
1681,5026407,0,29.823,975.873,48.275,82982.172,1,1,1,0
1682,5029397,0,29.826,975.873,48.257,82982.172,2,1,1,0
1683,5032387,0,29.826,975.873,48.250,82182.984,3,1,1,0
1684,5035377,0,29.828,975.881,48.257,82660.641,4,1,1,0
1685,5038367,0,29.841,975.880,48.283,82500.805,5,1,1,0
1686,5041357,0,29.831,975.870,48.276,82500.805,6,1,1,0
1687,5044347,0,29.833,975.886,48.264,82901.555,7,1,1,0
1688,5047337,0,29.831,975.885,48.269,82982.172,8,1,1,0
1689,5050327,0,29.828,975.884,48.288,82660.641,9,1,1,0
1690,5053317,0,29.838,975.874,48.301,82421.117,0,1,1,0
1691,5056307,0,29.831,975.877,48.313,82421.117,1,1,1,0
1692,5059297,0,29.831,975.859,48.313,82660.641,2,1,1,0
1693,5062287,0,29.833,975.858,48.307,82982.172,3,1,1,0
1694,5065277,0,29.838,975.878,48.326,83469.188,4,1,1,0
1695,5068267,0,29.836,975.861,48.301,82821.094,5,1,1,0
1696,5071257,0,29.838,975.865,48.314,83062.945,6,1,1,0
1697,5074247,0,29.843,975.882,48.308,82740.789,7,1,1,0
1698,5077237,0,29.838,975.894,48.338,82500.805,8,1,1,0
1699,5080227,0,29.836,975.897,48.319,82103.914,9,1,1,0
1700,5083217,0,29.826,975.890,48.318,82262.211,0,1,1,0
1701,5086207,0,29.836,975.883,48.338,82500.805,1,1,1,0
1702,5089197,0,29.838,975.889,48.326,83224.969,2,1,1,0
1703,5092187,0,29.836,975.890,48.307,82341.586,3,1,1,0
1704,5095177,0,29.836,975.888,48.332,82982.172,4,1,1,0
1705,5098167,0,29.841,975.873,48.339,82821.094,5,1,1,0
1706,5101157,0,29.836,975.885,48.332,82901.555,6,1,1,0
1707,5104147,0,29.836,975.894,48.332,82901.555,7,1,1,0
1708,5107137,0,29.838,975.914,48.332,83143.875,8,1,1,0
1709,5110127,0,29.836,975.890,48.338,82262.211,9,1,1,0
1710,5113117,0,29.831,975.877,48.350,82500.805,0,1,1,0
1711,5116107,0,29.833,975.892,48.338,82341.586,1,1,1,0
1712,5119097,0,29.836,975.892,48.344,82580.648,2,1,1,0
1713,5122087,0,29.838,975.898,48.344,82500.805,3,1,1,0
1714,5125077,0,29.831,975.872,48.331,82821.094,4,1,1,0
1715,5128067,0,29.836,975.894,48.350,82660.641,5,1,1,0
1716,5131057,0,29.838,975.871,48.338,82660.641,6,1,1,0
1717,5134047,0,29.838,975.887,48.320,82660.641,7,1,1,0
1718,5137037,0,29.841,975.874,48.314,82421.117,8,1,1,0
1719,5140027,0,29.833,975.863,48.331,82821.094,9,1,1,0
1720,5143017,0,29.833,975.851,48.331,82660.641,0,1,1,0
1721,5146007,0,29.841,975.898,48.332,82821.094,1,1,1,0
1722,5148997,0,29.838,975.867,48.326,82500.805,2,1,1,0
1723,5151987,0,29.836,975.860,48.332,82740.789,3,1,1,0
1724,5154977,0,29.841,975.885,48.326,82182.984,4,1,1,0
1725,5157967,0,29.831,975.827,48.325,82821.094,5,1,1,0
1726,5160957,0,29.833,975.851,48.344,82821.094,6,1,1,0
1727,5163947,0,29.826,975.828,48.318,83062.945,7,1,1,0
1728,5166937,0,29.831,975.867,48.319,82821.094,8,1,1,0
1729,5169927,0,29.833,975.851,48.325,82580.648,9,1,1,0
1730,5172917,0,29.823,975.845,48.342,82341.586,0,1,1,0
1731,5175907,0,29.826,975.836,48.361,82500.805,1,1,1,0
1732,5178897,0,29.823,975.852,48.336,83469.188,2,1,1,0
1733,5181887,0,29.826,975.830,48.355,83306.219,3,1,1,0
1734,5184877,0,29.828,975.834,48.362,82740.789,4,1,1,0
1735,5187867,0,29.826,975.832,48.337,82421.117,5,1,1,0
1736,5190857,0,29.821,975.826,48.354,82821.094,6,1,1,0
1737,5193847,0,29.836,975.863,48.356,83062.945,7,1,1,0
1738,5196837,0,29.826,975.830,48.374,82821.094,8,1,1,0
1739,5199827,0,29.831,975.852,48.356,82660.641,9,1,1,0
1740,5202817,0,29.821,975.825,48.348,82660.641,0,1,1,0
1741,5205807,0,29.821,975.839,48.342,82821.094,1,1,1,0
1742,5208797,0,29.823,975.812,48.336,82821.094,2,1,1,0
1743,5211787,0,29.828,975.841,48.331,82901.555,3,1,1,0
1744,5214777,0,29.828,975.820,48.331,82262.211,4,1,1,0
1745,5217767,0,29.821,975.807,48.317,83387.625,5,1,1,0
1746,5220757,0,29.826,975.800,48.343,83306.219,6,1,1,0
1747,5223747,0,29.823,975.791,48.318,83143.875,7,1,1,0
1748,5226737,0,29.838,975.842,48.338,82821.094,8,1,1,0
1749,5229727,0,29.821,975.801,48.336,82500.805,9,1,1,0
1750,5232717,0,29.828,975.805,48.349,82740.789,0,1,1,0
1751,5235707,0,29.816,975.770,48.329,82901.555,1,1,1,0
1752,5238697,0,29.821,975.789,48.324,83469.188,2,1,1,0
1753,5241687,0,29.818,975.790,48.348,82660.641,3,1,1,0
1754,5244677,0,29.808,975.809,48.359,82821.094,4,1,1,0
1755,5247667,0,29.823,975.832,48.336,82901.555,5,1,1,0
1756,5250657,0,29.816,975.835,48.329,82182.984,6,1,1,0
1757,5253647,0,29.818,975.837,48.323,82341.586,7,1,1,0
1758,5256637,0,29.818,975.837,48.336,82740.789,8,1,1,0
1759,5259627,0,29.813,975.819,48.347,82103.914,9,1,1,0
1760,5262617,0,29.816,975.839,48.335,82421.117,0,1,1,0
1761,5265607,0,29.811,975.804,48.335,83224.969,1,1,1,0
1762,5268597,0,29.818,975.830,48.329,83387.625,2,1,1,0
1763,5271587,0,29.811,975.797,48.341,82821.094,3,1,1,0
1764,5274577,0,29.813,975.839,48.341,82500.805,4,1,1,0
1765,5277567,0,29.818,975.823,48.336,82660.641,5,1,1,0
1766,5280557,0,29.826,975.821,48.361,82500.805,6,1,1,0
1767,5283547,0,29.823,975.801,48.342,82982.172,7,1,1,0
1768,5286537,0,29.818,975.787,48.354,83143.875,8,1,1,0
1769,5289527,0,29.826,975.802,48.337,83062.945,9,1,1,0
1770,5292517,0,29.826,975.773,48.349,82421.117,0,1,1,0
1771,5295507,0,29.836,975.754,48.344,82341.586,1,1,1,0
1772,5298497,0,29.828,975.748,48.349,82982.172,2,1,1,0
1773,5301487,0,29.836,975.765,48.338,83306.219,3,1,1,0
1774,5304477,0,29.836,975.730,48.326,82421.117,4,1,1,0
1775,5307467,0,29.831,975.730,48.313,83306.219,5,1,1,0
1776,5310457,0,29.841,975.722,48.308,82660.641,6,1,1,0
1777,5313447,0,29.833,975.687,48.288,82901.555,7,1,1,0
1778,5316437,0,29.833,975.725,48.325,83143.875,8,1,1,0
1779,5319427,0,29.833,975.712,48.276,82982.172,9,1,1,0
1780,5322417,0,29.831,975.698,48.300,82821.094,0,1,1,0
1781,5325407,0,29.828,975.730,48.294,82341.586,1,1,1,0
1782,5328397,0,29.831,975.755,48.337,83062.945,2,1,1,0
1783,5331387,0,29.833,975.754,48.257,82660.641,3,1,1,0
1784,5334377,0,29.826,975.735,48.263,82660.641,4,1,1,0
1785,5337367,0,29.818,975.736,48.274,83143.875,5,1,1,0
1786,5340357,0,29.828,975.778,48.269,83306.219,6,1,1,0
1787,5343347,0,29.826,975.791,48.281,82500.805,7,1,1,0
1788,5346337,0,29.818,975.765,48.311,82580.648,8,1,1,0
1789,5349327,0,29.818,975.769,48.323,83062.945,9,1,1,0
1790,5352317,0,29.821,975.758,48.342,82821.094,0,1,1,0
1791,5355307,0,29.821,975.764,48.317,82421.117,1,1,1,0
1792,5358297,0,29.828,975.812,48.349,83143.875,2,1,1,0
1793,5361287,0,29.818,975.776,48.342,83143.875,3,1,1,0
1794,5364277,0,29.818,975.778,48.336,82982.172,4,1,1,0
1795,5367267,0,29.818,975.785,48.311,82982.172,5,1,1,0
1796,5370257,0,29.818,975.796,48.311,82901.555,6,1,1,0
1797,5373247,0,29.828,975.809,48.312,82982.172,7,1,1,0
1798,5376237,0,29.821,975.798,48.336,82821.094,8,1,1,0
1799,5379227,0,29.816,975.815,48.329,83143.875,9,1,1,0
1800,5382217,0,29.813,975.792,48.310,82660.641,0,1,1,0
1801,5385207,0,29.821,975.810,48.336,82982.172,1,1,1,0
1802,5388197,0,29.821,975.796,48.324,83143.875,2,1,1,0
1803,5391187,0,29.818,975.783,48.336,82421.117,3,1,1,0
1804,5394177,0,29.816,975.778,48.304,82901.555,4,1,1,0
1805,5397167,0,29.813,975.767,48.316,82821.094,5,1,1,0
1806,5400157,0,29.816,975.781,48.323,82740.789,6,1,1,0
1807,5403147,0,29.813,975.778,48.310,82580.648,7,1,1,0
1808,5406137,0,29.813,975.754,48.286,82740.789,8,1,1,0
1809,5409127,0,29.811,975.759,48.285,83143.875,9,1,1,0
1810,5412117,0,29.808,975.766,48.236,82982.172,0,1,1,0
1811,5415107,0,29.808,975.777,48.260,82821.094,1,1,1,0
1812,5418097,0,29.808,975.791,48.254,82103.914,2,1,1,0
1813,5421087,0,29.811,975.788,48.248,83143.875,3,1,1,0
1814,5424077,0,29.803,975.777,48.272,83224.969,4,1,1,0
1815,5427067,0,29.803,975.777,48.241,82982.172,5,1,1,0
1816,5430057,0,29.808,975.800,48.248,83224.969,6,1,1,0
1817,5433047,0,29.811,975.829,48.230,83469.188,7,1,1,0
1818,5436037,0,29.803,975.793,48.235,82901.555,8,1,1,0
1819,5439027,0,29.803,975.797,48.254,82740.789,9,1,1,0
1820,5442017,0,29.803,975.814,48.266,82660.641,0,1,1,0
1821,5445007,0,29.808,975.800,48.254,83632.797,1,1,1,0
1822,5447997,0,29.800,975.795,48.235,83143.875,2,1,1,0
1823,5450987,0,29.806,975.809,48.242,83143.875,3,1,1,0
1824,5453977,0,29.808,975.818,48.242,82901.555,4,1,1,0
1825,5456967,0,29.803,975.786,48.260,83387.625,5,1,1,0
1826,5459957,0,29.800,975.787,48.259,83469.188,6,1,1,0
1827,5462947,0,29.803,975.786,48.247,82660.641,7,1,1,0
1828,5465937,0,29.803,975.780,48.241,83062.945,8,1,1,0
1829,5468927,0,29.806,975.791,48.254,83224.969,9,1,1,0
1830,5471917,0,29.800,975.777,48.247,83469.188,0,1,1,0
1831,5474907,0,29.798,975.780,48.259,83224.969,1,1,1,0
1832,5477897,0,29.803,975.773,48.266,83224.969,2,1,1,0
1833,5480887,0,29.798,975.780,48.234,83224.969,3,1,1,0
1834,5483877,0,29.806,975.772,48.229,83224.969,4,1,1,0
1835,5486867,0,29.803,975.752,48.235,83306.219,5,1,1,0
1836,5489857,0,29.803,975.761,48.210,83306.219,6,1,1,0
1837,5492847,0,29.806,975.756,48.223,83387.625,7,1,1,0
1838,5495837,0,29.803,975.793,48.186,83550.914,8,1,1,0
1839,5498827,0,29.806,975.788,48.168,83306.219,9,1,1,0
1840,5501817,0,29.811,975.784,48.175,83306.219,0,1,1,0
1841,5504807,0,29.813,975.754,48.163,83469.188,1,1,1,0
1842,5507797,0,29.811,975.738,48.181,83387.625,2,1,1,0
1843,5510787,0,29.813,975.716,48.163,82821.094,3,1,1,0
1844,5513777,0,29.811,975.736,48.175,83306.219,4,1,1,0
1845,5516767,0,29.816,975.733,48.188,83714.844,5,1,1,0
1846,5519757,0,29.800,975.716,48.167,83797.055,6,1,1,0
1847,5522747,0,29.811,975.752,48.175,82821.094,7,1,1,0
1848,5525737,0,29.808,975.743,48.162,83224.969,8,1,1,0
1849,5528727,0,29.800,975.671,48.155,82821.094,9,1,1,0
1850,5531717,0,29.806,975.680,48.149,82901.555,0,1,1,0
1851,5534707,0,29.806,975.702,48.137,83387.625,1,1,1,0
1852,5537697,0,29.808,975.687,48.125,83961.953,2,1,1,0
1853,5540687,0,29.811,975.720,48.113,83143.875,3,1,1,0
1854,5543677,0,29.808,975.720,48.119,83632.797,4,1,1,0
1855,5546667,0,29.806,975.718,48.137,83714.844,5,1,1,0
1856,5549657,0,29.803,975.716,48.124,83469.188,6,1,1,0
1857,5552647,0,29.806,975.729,48.125,84127.508,7,1,1,0
1858,5555637,0,29.808,975.741,48.119,83797.055,8,1,1,0
1859,5558627,0,29.803,975.755,48.124,83224.969,9,1,1,0
1860,5561617,0,29.811,975.799,48.125,83306.219,0,1,1,0
1861,5564607,0,29.813,975.810,48.126,83469.188,1,1,1,0
1862,5567597,0,29.803,975.777,48.124,83224.969,2,1,1,0
1863,5570587,0,29.811,975.792,48.107,83469.188,3,1,1,0
1864,5573577,0,29.803,975.793,48.112,83550.914,4,1,1,0
1865,5576567,0,29.800,975.780,48.149,83387.625,5,1,1,0
1866,5579557,0,29.808,975.799,48.162,83306.219,6,1,1,0
1867,5582547,0,29.808,975.797,48.150,83143.875,7,1,1,0
1868,5585537,0,29.800,975.791,48.136,83062.945,8,1,1,0
1869,5588527,0,29.806,975.786,48.143,83143.875,9,1,1,0
1870,5591517,0,29.800,975.766,48.124,83143.875,0,1,1,0
1871,5594507,0,29.798,975.759,48.167,83550.914,1,1,1,0
1872,5597497,0,29.808,975.772,48.156,83062.945,2,1,1,0
1873,5600487,0,29.808,975.779,48.150,83143.875,3,1,1,0
1874,5603477,0,29.803,975.752,48.161,83062.945,4,1,1,0
1875,5606467,0,29.806,975.766,48.162,83632.797,5,1,1,0
1876,5609457,0,29.803,975.752,48.149,83224.969,6,1,1,0
1877,5612447,0,29.811,975.781,48.131,83550.914,7,1,1,0
1878,5615437,0,29.798,975.757,48.148,83714.844,8,1,1,0
1879,5618427,0,29.798,975.786,48.099,83306.219,9,1,1,0
1880,5621417,0,29.795,975.758,48.154,83550.914,0,1,1,0
1881,5624407,0,29.803,975.780,48.131,83224.969,1,1,1,0
1882,5627397,0,29.793,975.774,48.117,83469.188,2,1,1,0
1883,5630387,0,29.803,975.779,48.124,83143.875,3,1,1,0
1884,5633377,0,29.798,975.775,48.130,83469.188,4,1,1,0
1885,5636367,0,29.795,975.787,48.099,83143.875,5,1,1,0
1886,5639357,0,29.795,975.775,48.160,83550.914,6,1,1,0
1887,5642347,0,29.798,975.814,48.124,83306.219,7,1,1,0
1888,5645337,0,29.795,975.800,48.099,83306.219,8,1,1,0
1889,5648327,0,29.793,975.791,48.111,83469.188,9,1,1,0
1890,5651317,0,29.790,975.823,48.110,83550.914,0,1,1,0
1891,5654307,0,29.795,975.796,48.123,83632.797,1,1,1,0
1892,5657297,0,29.790,975.790,48.160,83632.797,2,1,1,0
1893,5660287,0,29.795,975.793,48.154,83797.055,3,1,1,0
1894,5663277,0,29.798,975.778,48.179,83143.875,4,1,1,0
1895,5666267,0,29.800,975.777,48.198,83143.875,5,1,1,0
1896,5669257,0,29.803,975.807,48.210,83469.188,6,1,1,0
1897,5672247,0,29.803,975.798,48.210,84044.648,7,1,1,0
1898,5675237,0,29.800,975.796,48.198,83306.219,8,1,1,0
1899,5678227,0,29.806,975.822,48.199,83632.797,9,1,1,0
1900,5681217,0,29.803,975.814,48.235,83469.188,0,1,1,0
1901,5684207,0,29.808,975.842,48.223,83224.969,1,1,1,0
1902,5687197,0,29.806,975.824,48.223,83550.914,2,1,1,0
1903,5690187,0,29.798,975.829,48.247,83469.188,3,1,1,0
1904,5693177,0,29.800,975.829,48.272,83632.797,4,1,1,0
1905,5696167,0,29.808,975.829,48.267,83306.219,5,1,1,0
1906,5699157,0,29.811,975.819,48.255,83632.797,6,1,1,0
1907,5702147,0,29.811,975.826,48.224,83632.797,7,1,1,0
1908,5705137,0,29.811,975.799,48.310,82982.172,8,1,1,0
1909,5708127,0,29.808,975.793,48.525,82982.172,9,1,1,0
1910,5711117,0,29.813,975.817,48.717,82500.805,0,1,1,0
1911,5714107,0,29.806,975.799,48.840,82580.648,1,1,1,0
1912,5717097,0,29.800,975.800,48.919,83143.875,2,1,1,0
1913,5720087,0,29.808,975.820,48.982,82421.117,3,1,1,0
1914,5723077,0,29.803,975.809,49.049,82580.648,4,1,1,0
1915,5726067,0,29.795,975.823,49.036,82500.805,5,1,1,0
1916,5729057,0,29.793,975.839,48.992,82821.094,6,1,1,0
1917,5732047,0,29.800,975.847,48.950,82500.805,7,1,1,0
1918,5735037,0,29.793,975.819,48.900,82024.992,8,1,1,0
1919,5738027,0,29.780,975.842,48.855,82500.805,9,1,1,0
1920,5741017,0,29.785,975.837,48.812,82182.984,0,1,1,0
1921,5744007,0,29.788,975.853,48.831,82341.586,1,1,1,0
1922,5746997,0,29.780,975.813,48.849,82024.992,2,1,1,0
1923,5749987,0,29.765,975.828,48.853,82024.992,3,1,1,0
1924,5752977,0,29.763,975.844,48.908,81089.641,4,1,1,0
1925,5755967,0,29.770,975.861,49.107,81166.773,5,1,1,0
1926,5758957,0,29.763,975.839,49.329,79503.109,6,1,1,0
1927,5761947,0,29.755,975.847,49.600,78048.781,7,1,1,0
1928,5764937,0,29.740,975.857,49.865,76440.727,8,1,1,0
1929,5767927,0,29.733,975.850,50.343,73860.359,9,1,1,0
1930,5770917,0,29.720,975.849,51.027,71210.016,0,1,1,0
1931,5773907,0,29.692,975.842,51.994,67386.156,1,1,1,0
1932,5776897,0,29.665,975.851,53.358,63618.289,2,1,1,0
1933,5779887,0,29.632,975.845,54.890,59827.062,3,1,1,0
1934,5782877,0,29.587,975.844,56.028,57104.617,4,1,1,0
1935,5785867,0,29.554,975.854,56.956,55184.309,5,1,1,0
1936,5788857,0,29.526,975.858,58.024,51706.727,6,1,1,0
1937,5791847,0,29.491,975.852,59.031,49004.594,7,1,1,0
1938,5794837,0,29.461,975.870,59.914,45861.699,8,1,1,0
1939,5797827,0,29.421,975.853,60.641,43567.051,9,1,1,0
1940,5800817,0,29.383,975.874,61.135,42652.449,0,1,1,0
1941,5803807,0,29.350,975.877,61.485,41571.938,1,1,1,0
1942,5806797,0,29.330,975.879,61.857,40429.562,2,1,1,0
1943,5809787,0,29.305,975.865,62.323,39275.852,3,1,1,0
1944,5812777,0,29.283,975.853,62.928,37948.414,4,1,1,0
1945,5815767,0,29.270,975.868,63.743,36086.832,5,1,1,0
1946,5818757,0,29.252,975.867,64.568,34096.965,6,1,1,0
1947,5821747,0,29.232,975.885,65.267,32711.475,7,1,1,0
1948,5824737,0,29.205,975.869,65.813,31832.877,8,1,1,0
1949,5827727,0,29.195,975.872,66.330,30732.293,9,1,1,0
1950,5830717,0,29.175,975.883,66.886,29540.734,0,1,1,0
1951,5833707,0,29.152,975.877,67.471,28362.508,1,1,1,0
1952,5836697,0,29.137,975.902,67.929,27610.008,2,1,1,0
1953,5839687,0,29.112,975.877,68.278,27187.766,3,1,1,0
1954,5842677,0,29.092,975.898,68.629,26397.195,4,1,1,0
1955,5845667,0,29.079,975.899,68.960,25790.852,5,1,1,0
1956,5848657,0,29.061,975.951,69.346,25241.570,6,1,1,0
1957,5851647,0,29.046,975.931,69.658,24815.820,7,1,1,0
1958,5854637,0,29.019,975.952,69.907,24474.188,8,1,1,0
1959,5857627,0,28.983,975.944,70.024,24488.234,9,1,1,0
1960,5860617,0,28.971,975.945,70.035,24404.195,0,1,1,0
1961,5863607,0,28.966,975.948,70.226,24046.590,1,1,1,0
1962,5866597,0,28.963,975.941,70.583,23516.443,2,1,1,0
1963,5869587,0,28.956,975.940,71.056,22519.354,3,1,1,0
1964,5872577,0,28.941,975.925,71.487,22168.342,4,1,1,0
1965,5875567,0,28.936,975.957,71.900,21672.875,5,1,1,0
1966,5878557,0,28.926,975.944,72.230,21220.158,6,1,1,0
1967,5881547,0,28.916,975.947,72.630,20826.555,7,1,1,0
1968,5884537,0,28.908,975.959,72.975,20506.248,8,1,1,0
1969,5887527,0,28.885,975.973,73.214,20195.645,9,1,1,0
1970,5890517,0,28.863,975.952,73.474,20157.480,0,1,1,0
1971,5893507,0,28.850,975.939,73.702,19746.992,1,1,1,0
1972,5896497,0,28.850,975.950,73.952,19637.926,2,1,1,0
1973,5899487,0,28.838,975.947,74.180,19300.361,3,1,1,0
1974,5902477,0,28.835,975.954,74.438,19024.971,4,1,1,0
1975,5905467,0,28.820,975.962,74.666,18806.936,5,1,1,0
1976,5908457,0,28.800,975.939,74.886,18707.980,6,1,1,0
1977,5911447,0,28.792,975.955,75.108,18529.242,7,1,1,0
1978,5914437,0,28.772,975.943,75.273,18449.121,8,1,1,0
1979,5917427,0,28.762,975.967,75.418,18290.939,9,1,1,0
1980,5920417,0,28.760,975.976,75.586,18166.336,0,1,1,0
1981,5923407,0,28.742,975.994,75.723,18089.316,1,1,1,0
1982,5926397,0,28.714,975.976,75.831,18104.668,2,1,1,0
1983,5929387,0,28.702,975.992,75.906,18012.947,3,1,1,0
1984,5932377,0,28.699,976.022,75.997,17862.127,4,1,1,0
1985,5935367,0,28.692,976.007,76.087,17967.434,5,1,1,0
1986,5938357,0,28.679,976.008,76.204,17787.660,6,1,1,0
1987,5941347,0,28.674,976.034,76.295,17713.811,7,1,1,0
1988,5944337,0,28.649,976.025,76.381,17582.418,8,1,1,0
1989,5947327,0,28.637,976.021,76.443,17625.998,9,1,1,0
1990,5950317,0,28.599,976.026,76.457,17922.150,0,1,1,0
1991,5953307,0,28.596,976.051,76.386,17952.314,1,1,1,0
1992,5956297,0,28.584,976.050,76.377,17982.580,2,1,1,0
1993,5959287,0,28.554,976.030,76.329,18244.014,3,1,1,0
1994,5962277,0,28.538,976.041,76.200,18417.266,4,1,1,0
1995,5965267,0,28.546,976.049,76.096,18577.648,5,1,1,0
1996,5968257,0,28.536,976.039,76.045,18513.162,6,1,1,0
1997,5971247,0,28.526,976.056,76.078,18481.086,7,1,1,0
1998,5974237,0,28.518,976.036,76.112,18610.061,8,1,1,0
1999,5977227,0,28.521,976.058,76.154,18513.162,9,1,1,0
2000,5980217,0,28.498,976.040,76.171,18610.061,0,1,1,0
2001,5983207,0,28.481,976.046,76.056,18940.516,1,1,1,0
2002,5986197,0,28.463,976.054,75.863,19230.770,2,1,1,0
2003,5989187,0,28.458,976.037,75.700,19282.916,3,1,1,0
2004,5992177,0,28.463,976.036,75.610,19388.064,4,1,1,0
2005,5995167,0,28.476,976.044,75.647,19178.902,5,1,1,0
2006,5998157,0,28.478,976.062,75.732,19144.480,6,1,1,0
2007,6001147,0,28.473,976.063,75.865,19041.951,7,1,1,0
2008,6004137,0,28.471,976.079,75.998,19127.316,8,1,1,0
2009,6007127,0,28.471,976.094,76.068,19008.020,9,1,1,0
2010,6010117,0,28.471,976.061,76.194,19008.020,0,1,1,0
2011,6013107,0,28.476,976.080,76.287,18940.516,1,1,1,0
2012,6016097,0,28.471,976.074,76.405,18840.152,2,1,1,0
2013,6019087,0,28.461,976.054,76.460,18806.936,3,1,1,0
2014,6022077,0,28.456,976.059,76.544,18823.529,4,1,1,0
2015,6025067,0,28.438,976.043,76.547,18840.152,5,1,1,0
2016,6028057,0,28.430,976.050,76.518,18940.516,6,1,1,0
2017,6031047,0,28.428,976.064,76.503,19008.020,7,1,1,0
2018,6034037,0,28.423,976.074,76.474,19265.502,8,1,1,0
2019,6037027,0,28.403,976.053,76.365,19230.770,9,1,1,0
2020,6040017,0,28.410,976.046,76.268,19565.883,0,1,1,0
2021,6043007,0,28.398,976.049,76.202,19423.369,1,1,1,0
2022,6045997,0,28.395,976.062,76.167,19441.068,2,1,1,0
2023,6048987,0,28.403,976.055,76.140,19476.566,3,1,1,0
2024,6051977,0,28.393,976.051,76.138,19601.838,4,1,1,0
2025,6054967,0,28.390,976.049,76.067,19820.377,5,1,1,0
2026,6057957,0,28.393,976.058,76.047,19820.377,6,1,1,0
2027,6060947,0,28.398,976.074,76.090,19674.146,7,1,1,0
2028,6063937,0,28.403,976.080,76.105,19746.992,8,1,1,0
2029,6066927,0,28.403,976.069,76.196,19565.883,9,1,1,0
2030,6069917,0,28.403,976.059,76.274,19601.838,0,1,1,0
2031,6072907,0,28.400,976.066,76.351,19565.883,1,1,1,0
2032,6075897,0,28.405,976.048,76.422,19530.059,2,1,1,0
2033,6078887,0,28.405,976.052,76.492,19494.365,3,1,1,0
2034,6081877,0,28.415,976.047,76.586,19335.348,4,1,1,0
2035,6084867,0,28.418,976.042,76.678,19230.770,5,1,1,0
2036,6087857,0,28.400,976.051,76.759,19213.449,6,1,1,0
2037,6090847,0,28.398,976.046,76.773,19265.502,7,1,1,0
2038,6093837,0,28.415,976.068,76.825,19265.502,8,1,1,0
2039,6096827,0,28.400,976.048,76.872,19248.121,9,1,1,0
2040,6099817,0,28.413,976.072,76.895,19213.449,0,1,1,0
2041,6102807,0,28.413,976.065,76.945,19076.006,1,1,1,0
2042,6105797,0,28.410,976.066,76.994,18940.516,2,1,1,0
2043,6108787,0,28.418,976.074,77.065,18974.207,3,1,1,0
2044,6111777,0,28.415,976.067,77.143,18890.201,4,1,1,0
2045,6114767,0,28.423,976.076,77.201,18906.943,5,1,1,0
2046,6117757,0,28.420,976.045,77.292,18890.201,6,1,1,0
2047,6120747,0,28.405,976.041,77.339,18806.936,7,1,1,0
2048,6123737,0,28.400,976.051,77.338,18974.207,8,1,1,0
2049,6126727,0,28.400,976.064,77.352,18724.400,9,1,1,0
2050,6129717,0,28.400,976.062,77.366,19008.020,0,1,1,0
2051,6132707,0,28.400,976.060,77.352,19024.971,1,1,1,0
2052,6135697,0,28.400,976.057,77.401,18940.516,2,1,1,0
2053,6138687,0,28.408,976.062,77.431,18906.943,3,1,1,0
2054,6141677,0,28.395,976.056,77.443,19058.963,4,1,1,0
2055,6144667,0,28.395,976.060,77.443,18991.098,5,1,1,0
2056,6147657,0,28.403,976.066,77.444,18991.098,6,1,1,0
2057,6150647,0,28.410,976.054,77.509,19110.182,7,1,1,0
2058,6153637,0,28.415,976.067,77.567,18940.516,8,1,1,0
2059,6156627,0,28.420,976.085,77.624,18906.943,9,1,1,0
2060,6159617,0,28.425,976.071,77.675,18806.936,0,1,1,0
2061,6162607,0,28.415,976.058,77.736,18840.152,1,1,1,0
2062,6165597,0,28.403,976.076,77.748,19024.971,2,1,1,0
2063,6168587,0,28.400,976.067,77.734,18923.713,3,1,1,0
2064,6171577,0,28.393,976.047,77.669,19041.951,4,1,1,0
2065,6174567,0,28.398,976.056,77.670,19110.182,5,1,1,0
2066,6177557,0,28.388,976.070,77.661,19127.316,6,1,1,0
2067,6180547,0,28.393,976.079,77.633,19093.078,7,1,1,0
2068,6183537,0,28.375,976.071,77.545,19248.121,8,1,1,0
2069,6186527,0,28.380,976.061,77.468,19282.916,9,1,1,0
2070,6189517,0,28.375,976.057,77.376,19335.348,0,1,1,0
2071,6192507,0,28.388,976.067,77.321,19335.348,1,1,1,0
2072,6195497,0,28.385,976.082,77.335,19423.369,2,1,1,0
2073,6198487,0,28.398,976.091,77.351,19317.838,3,1,1,0
2074,6201477,0,28.388,976.101,77.385,19405.701,4,1,1,0
2075,6204467,0,28.390,976.088,77.392,19282.916,5,1,1,0
2076,6207457,0,28.380,976.102,77.341,19512.195,6,1,1,0
2077,6210447,0,28.378,976.089,77.249,19710.502,7,1,1,0
2078,6213437,0,28.383,976.102,77.158,19746.992,8,1,1,0
2079,6216427,0,28.365,976.099,77.014,19987.508,9,1,1,0
2080,6219417,0,28.355,976.097,76.786,20100.502,0,1,1,0
2081,6222407,0,28.357,976.095,76.526,20214.781,1,1,1,0
2082,6225397,0,28.352,976.100,76.384,20506.248,2,1,1,0
2083,6228387,0,28.352,976.111,76.215,20565.553,3,1,1,0
2084,6231377,0,28.365,976.124,76.063,20585.396,4,1,1,0
2085,6234367,0,28.373,976.112,76.015,20585.396,5,1,1,0
2086,6237357,0,28.380,976.116,76.023,20565.553,6,1,1,0
2087,6240347,0,28.370,976.103,76.036,20685.197,7,1,1,0
2088,6243337,0,28.390,976.131,76.011,20867.297,8,1,1,0
2089,6246327,0,28.388,976.115,76.004,20826.555,9,1,1,0
2090,6249317,0,28.378,976.095,75.953,20908.199,0,1,1,0
2091,6252307,0,28.375,976.119,75.833,21136.062,1,1,1,0
2092,6255297,0,28.375,976.105,75.707,21241.287,2,1,1,0
2093,6258287,0,28.390,976.097,75.639,21262.459,3,1,1,0
2094,6261277,0,28.398,976.096,75.612,21241.287,4,1,1,0
2095,6264267,0,28.398,976.105,75.605,21094.266,5,1,1,0
2096,6267257,0,28.405,976.109,75.607,21433.355,6,1,1,0
2097,6270247,0,28.410,976.115,75.678,21390.375,7,1,1,0
2098,6273237,0,28.420,976.097,75.750,21220.158,8,1,1,0
2099,6276227,0,28.425,976.114,75.828,21220.158,9,1,1,0
2100,6279217,0,28.433,976.111,75.914,20928.711,0,1,1,0
2101,6282207,0,28.438,976.117,76.020,20969.855,1,1,1,0
2102,6285197,0,28.435,976.113,76.111,20990.488,2,1,1,0
2103,6288187,0,28.445,976.101,76.169,20806.242,3,1,1,0
2104,6291177,0,28.440,976.104,76.196,21115.143,4,1,1,0
2105,6294167,0,28.443,976.113,76.218,21094.266,5,1,1,0
2106,6297157,0,28.453,976.101,76.262,20908.199,6,1,1,0
2107,6300147,0,28.433,976.102,76.272,20949.264,7,1,1,0
2108,6303137,0,28.423,976.119,76.158,21157.025,8,1,1,0
2109,6306127,0,28.428,976.109,75.997,21283.672,9,1,1,0
2110,6309117,0,28.433,976.114,75.836,21411.844,0,1,1,0
2111,6312107,0,28.435,976.134,75.767,21454.912,1,1,1,0
2112,6315097,0,28.433,976.120,75.612,21628.928,2,1,1,0
2113,6318087,0,28.440,976.109,75.508,21628.928,3,1,1,0
2114,6321077,0,28.451,976.105,75.517,21717.000,4,1,1,0
2115,6324067,0,28.461,976.109,75.568,21585.160,5,1,1,0
2116,6327057,0,28.456,976.125,75.644,21498.152,6,1,1,0
2117,6330047,0,28.458,976.095,75.644,21519.838,7,1,1,0
2118,6333037,0,28.451,976.107,75.664,21672.875,8,1,1,0
2119,6336027,0,28.463,976.127,75.568,21694.916,9,1,1,0
2120,6339017,0,28.478,976.116,75.550,21694.916,0,1,1,0
2121,6342007,0,28.483,976.130,75.593,21585.160,1,1,1,0
2122,6344997,0,28.463,976.111,75.624,21607.021,2,1,1,0
2123,6347987,0,28.458,976.130,75.560,21850.461,3,1,1,0
2124,6350977,0,28.463,976.115,75.421,21917.809,4,1,1,0
2125,6353967,0,28.471,976.130,75.310,21985.572,5,1,1,0
2126,6356957,0,28.461,976.109,75.224,22168.342,6,1,1,0
2127,6359947,0,28.473,976.114,75.114,22099.447,7,1,1,0
2128,6362937,0,28.478,976.119,75.059,22145.328,8,1,1,0
2129,6365927,0,28.493,976.117,75.097,22168.342,9,1,1,0
2130,6368917,0,28.508,976.147,75.240,21895.312,0,1,1,0
2131,6371907,0,28.503,976.121,75.379,21940.350,1,1,1,0
2132,6374897,0,28.513,976.124,75.528,21940.350,2,1,1,0
2133,6377887,0,28.521,976.131,75.621,21672.875,3,1,1,0
2134,6380877,0,28.521,976.126,75.719,21607.021,4,1,1,0
2135,6383867,0,28.516,976.113,75.795,21717.000,5,1,1,0
2136,6386857,0,28.511,976.133,75.752,21917.809,6,1,1,0
2137,6389847,0,28.503,976.118,75.652,21940.350,7,1,1,0
2138,6392837,0,28.503,976.132,75.526,22030.980,8,1,1,0
2139,6395827,0,28.503,976.135,75.372,21940.350,9,1,1,0
2140,6398817,0,28.511,976.122,75.331,22122.365,0,1,1,0
2141,6401807,0,28.508,976.123,75.303,22008.254,1,1,1,0
2142,6404797,0,28.531,976.132,75.335,21895.312,2,1,1,0
2143,6407787,0,28.541,976.124,75.393,21850.461,3,1,1,0
2144,6410777,0,28.523,976.121,75.516,21761.307,4,1,1,0
2145,6413767,0,28.521,976.124,75.536,21962.938,5,1,1,0
2146,6416757,0,28.533,976.143,75.525,21895.312,6,1,1,0
2147,6419747,0,28.538,976.150,75.511,21783.525,7,1,1,0
2148,6422737,0,28.538,976.124,75.561,21940.350,8,1,1,0
2149,6425727,0,28.544,976.126,75.568,21805.793,9,1,1,0
2150,6428717,0,28.538,976.136,75.554,21872.863,0,1,1,0
2151,6431707,0,28.556,976.134,75.620,21761.307,1,1,1,0
2152,6434697,0,28.564,976.125,75.705,21672.875,2,1,1,0
2153,6437687,0,28.554,976.126,75.774,21805.793,3,1,1,0
2154,6440677,0,28.569,976.144,75.861,21585.160,4,1,1,0
2155,6443667,0,28.559,976.139,75.915,21628.928,5,1,1,0
2156,6446657,0,28.556,976.127,75.943,21717.000,6,1,1,0
2157,6449647,0,28.569,976.138,75.959,21650.879,7,1,1,0
2158,6452637,0,28.566,976.158,75.916,21783.525,8,1,1,0
2159,6455627,0,28.576,976.155,75.946,21717.000,9,1,1,0
2160,6458617,0,28.574,976.155,76.002,21585.160,0,1,1,0
2161,6461607,0,28.566,976.136,76.022,21872.863,1,1,1,0
2162,6464597,0,28.569,976.151,75.973,21850.461,2,1,1,0
2163,6467587,0,28.579,976.153,75.919,21739.131,3,1,1,0
2164,6470577,0,28.556,976.139,75.887,21783.525,4,1,1,0
2165,6473567,0,28.549,976.130,75.710,22076.578,5,1,1,0
2166,6476557,0,28.564,976.147,75.565,22099.447,6,1,1,0
2167,6479547,0,28.584,976.154,75.527,21962.938,7,1,1,0
2168,6482537,0,28.584,976.128,75.597,21850.461,8,1,1,0
2169,6485527,0,28.596,976.151,75.711,21717.000,9,1,1,0
2170,6488517,0,28.591,976.115,75.795,21783.525,0,1,1,0
2171,6491507,0,28.579,976.150,75.778,21872.863,1,1,1,0
2172,6494497,0,28.574,976.137,75.693,22122.365,2,1,1,0
2173,6497487,0,28.564,976.115,75.572,22191.400,3,1,1,0
2174,6500477,0,28.569,976.136,75.377,22307.424,4,1,1,0
2175,6503467,0,28.586,976.127,75.275,22330.775,5,1,1,0
2176,6506457,0,28.581,976.125,75.232,22260.869,6,1,1,0
2177,6509447,0,28.576,976.119,75.147,22543.148,7,1,1,0
2178,6512437,0,28.564,976.129,75.019,22495.605,8,1,1,0
2179,6515427,0,28.571,976.129,74.824,22711.143,9,1,1,0
2180,6518417,0,28.571,976.135,74.684,22686.990,0,1,1,0
2181,6521407,0,28.586,976.145,74.589,22783.908,1,1,1,0
2182,6524397,0,28.584,976.121,74.589,22735.346,2,1,1,0
2183,6527387,0,28.596,976.129,74.619,22832.680,3,1,1,0
2184,6530377,0,28.609,976.128,74.705,22590.893,4,1,1,0
2185,6533367,0,28.611,976.143,74.796,22519.354,5,1,1,0
2186,6536357,0,28.614,976.122,74.923,22638.840,6,1,1,0
2187,6539347,0,28.606,976.121,74.977,22614.842,7,1,1,0
2188,6542337,0,28.611,976.125,74.943,22590.893,8,1,1,0
2189,6545327,0,28.614,976.113,74.916,22638.840,9,1,1,0
2190,6548317,0,28.621,976.120,74.931,22543.148,0,1,1,0
2191,6551307,0,28.637,976.121,74.990,22284.123,1,1,1,0
2192,6554297,0,28.634,976.094,75.080,22448.264,2,1,1,0
2193,6557287,0,28.637,976.098,75.186,22424.668,3,1,1,0
2194,6560277,0,28.639,976.105,75.235,22214.510,4,1,1,0
2195,6563267,0,28.639,976.113,75.263,22237.666,5,1,1,0
2196,6566257,0,28.642,976.097,75.306,22168.342,6,1,1,0
2197,6569247,0,28.644,976.095,75.313,22122.365,7,1,1,0
2198,6572237,0,28.629,976.097,75.310,22168.342,8,1,1,0
2199,6575227,0,28.634,976.091,75.206,22330.775,9,1,1,0
2200,6578217,0,28.626,976.101,75.093,22401.119,0,1,1,0
2201,6581207,0,28.634,976.091,74.947,22519.354,1,1,1,0
2202,6584197,0,28.634,976.082,74.877,22401.119,2,1,1,0
2203,6587187,0,28.657,976.092,74.881,22471.910,3,1,1,0
2204,6590177,0,28.669,976.089,74.988,22307.424,4,1,1,0
2205,6593167,0,28.667,976.091,75.114,22168.342,5,1,1,0
2206,6596157,0,28.674,976.101,75.290,22145.328,6,1,1,0
2207,6599147,0,28.672,976.097,75.388,22122.365,7,1,1,0
2208,6602137,0,28.667,976.095,75.450,22168.342,8,1,1,0
2209,6605127,0,28.657,976.089,75.434,22191.400,9,1,1,0
2210,6608117,0,28.664,976.100,75.422,22214.510,0,1,1,0
2211,6611107,0,28.674,976.090,75.340,22168.342,1,1,1,0
2212,6614097,0,28.669,976.113,75.353,22214.510,2,1,1,0
2213,6617087,0,28.682,976.123,75.348,22354.174,3,1,1,0
2214,6620077,0,28.669,976.098,75.325,22214.510,4,1,1,0
2215,6623067,0,28.664,976.118,75.275,22191.400,5,1,1,0
2216,6626057,0,28.664,976.096,75.177,22260.869,6,1,1,0
2217,6629047,0,28.674,976.108,75.136,22214.510,7,1,1,0
2218,6632037,0,28.682,976.130,75.124,22401.119,8,1,1,0
2219,6635027,0,28.682,976.096,75.159,22354.174,9,1,1,0
2220,6638017,0,28.694,976.111,75.224,22260.869,0,1,1,0
2221,6641007,0,28.697,976.102,75.330,22122.365,1,1,1,0
2222,6643997,0,28.694,976.099,75.441,21917.809,2,1,1,0
2223,6646987,0,28.694,976.124,75.518,21940.350,3,1,1,0
2224,6649977,0,28.707,976.101,75.570,21940.350,4,1,1,0
2225,6652967,0,28.704,976.067,75.646,21761.307,5,1,1,0
2226,6655957,0,28.707,976.096,75.759,21694.916,6,1,1,0
2227,6658947,0,28.704,976.074,75.815,21761.307,7,1,1,0
2228,6661937,0,28.694,976.082,75.827,21828.104,8,1,1,0
2229,6664927,0,28.687,976.100,75.728,21872.863,9,1,1,0
2230,6667917,0,28.669,976.109,75.542,22008.254,0,1,1,0
2231,6670907,0,28.642,976.095,75.187,22260.869,1,1,1,0
2232,6673897,0,28.647,976.099,74.775,22519.354,2,1,1,0
2233,6676887,0,28.667,976.118,74.443,22638.840,3,1,1,0
2234,6679877,0,28.677,976.115,74.298,22735.346,4,1,1,0
2235,6682867,0,28.674,976.122,74.284,22857.143,5,1,1,0
2236,6685857,0,28.679,976.099,74.257,22759.602,6,1,1,0
2237,6688847,0,28.702,976.121,74.296,22686.990,7,1,1,0
2238,6691837,0,28.687,976.101,74.363,22881.658,8,1,1,0
2239,6694827,0,28.689,976.095,74.349,22783.908,9,1,1,0
2240,6697817,0,28.684,976.101,74.299,22857.143,0,1,1,0
2241,6700807,0,28.692,976.109,74.189,22832.680,1,1,1,0
2242,6703797,0,28.689,976.114,74.147,22930.850,2,1,1,0
2243,6706787,0,28.684,976.112,74.034,22980.252,3,1,1,0
2244,6709777,0,28.704,976.105,73.961,23542.395,4,1,1,0
2245,6712767,0,28.699,976.083,73.981,23477.623,5,1,1,0
2246,6715757,0,28.699,976.076,73.926,23581.430,6,1,1,0
2247,6718747,0,28.697,976.066,73.883,23673.016,7,1,1,0
2248,6721737,0,28.704,976.097,73.815,23725.672,8,1,1,0
2249,6724727,0,28.697,976.107,73.744,23885.053,9,1,1,0
2250,6727717,0,28.702,976.088,73.606,23979.018,0,1,1,0
2251,6730707,0,28.697,976.091,73.494,24019.516,1,1,1,0
2252,6733697,0,28.702,976.121,73.363,24100.922,2,1,1,0
2253,6736687,0,28.712,976.105,73.323,24046.590,3,1,1,0
2254,6739677,0,28.712,976.085,73.309,24182.883,4,1,1,0
2255,6742667,0,28.719,976.127,73.366,24100.922,5,1,1,0
2256,6745657,0,28.727,976.099,73.353,24251.611,6,1,1,0
2257,6748647,0,28.735,976.101,73.445,24169.184,7,1,1,0
2258,6751637,0,28.745,976.104,73.523,24141.834,8,1,1,0
2259,6754627,0,28.752,976.140,73.657,24073.727,9,1,1,0
2260,6757617,0,28.755,976.106,73.789,23965.549,0,1,1,0
2261,6760607,0,28.760,976.144,73.943,23938.656,1,1,1,0
2262,6763597,0,28.747,976.127,73.976,24182.883,2,1,1,0
2263,6766587,0,28.752,976.131,73.956,24033.045,3,1,1,0
2264,6769577,0,28.760,976.124,73.978,23885.053,4,1,1,0
2265,6772567,0,28.755,976.110,74.005,23952.096,5,1,1,0
2266,6775557,0,28.745,976.145,73.934,23965.549,6,1,1,0
2267,6778547,0,28.742,976.159,73.794,24155.502,7,1,1,0
2268,6781537,0,28.737,976.153,73.584,24169.184,8,1,1,0
2269,6784527,0,28.730,976.140,73.381,24390.244,9,1,1,0
2270,6787517,0,28.735,976.160,73.167,24376.309,0,1,1,0
2271,6790507,0,28.732,976.144,73.007,24502.297,1,1,1,0
2272,6793497,0,28.737,976.135,72.848,24686.596,2,1,1,0
2273,6796487,0,28.727,976.164,72.680,24715.195,3,1,1,0
2274,6799477,0,28.730,976.139,72.480,24844.721,4,1,1,0
2275,6802467,0,28.725,976.149,72.278,25093.119,5,1,1,0
2276,6805457,0,28.732,976.146,72.072,25226.646,6,1,1,0
2277,6808447,0,28.730,976.153,71.878,25152.289,7,1,1,0
2278,6811437,0,28.730,976.119,71.795,25346.535,8,1,1,0
2279,6814427,0,28.735,976.146,71.658,25422.045,9,1,1,0
2280,6817417,0,28.737,976.137,71.535,25422.045,0,1,1,0
2281,6820407,0,28.732,976.149,71.396,25452.377,1,1,1,0
2282,6823397,0,28.732,976.157,71.231,25574.426,2,1,1,0
2283,6826387,0,28.737,976.139,71.018,25574.426,3,1,1,0
2284,6829377,0,28.750,976.145,70.924,25853.363,4,1,1,0
2285,6832367,0,28.740,976.130,70.867,25574.426,5,1,1,0
2286,6835357,0,28.742,976.147,70.689,25979.297,6,1,1,0
2287,6838347,0,28.740,976.152,70.455,26026.840,7,1,1,0
2288,6841337,0,28.742,976.147,70.161,26202.662,8,1,1,0
2289,6844327,0,28.740,976.130,69.948,26218.764,9,1,1,0
2290,6847317,0,28.752,976.124,69.820,26315.789,0,1,1,0
2291,6850307,0,28.750,976.109,69.751,26462.684,1,1,1,0
2292,6853297,0,28.770,976.118,69.755,26462.684,2,1,1,0
2293,6856287,0,28.782,976.142,69.880,26429.898,3,1,1,0
2294,6859277,0,28.787,976.134,70.066,26299.568,4,1,1,0
2295,6862267,0,28.802,976.118,70.185,26267.188,5,1,1,0
2296,6865257,0,28.813,976.139,70.358,26234.885,6,1,1,0
2297,6868247,0,28.818,976.150,70.572,26251.025,7,1,1,0
2298,6871237,0,28.830,976.140,70.848,25995.125,8,1,1,0
2299,6874227,0,28.838,976.126,71.152,25900.445,9,1,1,0
2300,6877217,0,28.845,976.139,71.395,25822.070,0,1,1,0
2301,6880207,0,28.848,976.127,71.623,25744.168,1,1,1,0
2302,6883197,0,28.843,976.119,71.725,25697.650,2,1,1,0
2303,6886187,0,28.838,976.121,71.724,25682.184,3,1,1,0
2304,6889177,0,28.843,976.119,71.691,25822.070,4,1,1,0
2305,6892167,0,28.835,976.117,71.627,25853.363,5,1,1,0
2306,6895157,0,28.848,976.116,71.595,25931.928,6,1,1,0
2307,6898147,0,28.848,976.134,71.588,25931.928,7,1,1,0
2308,6901137,0,28.848,976.100,71.636,25744.168,8,1,1,0
2309,6904127,0,28.870,976.141,71.771,25853.363,9,1,1,0
2310,6907117,0,28.865,976.139,71.957,25744.168,0,1,1,0
2311,6910107,0,28.853,976.125,72.038,25697.650,1,1,1,0
2312,6913097,0,28.858,976.136,71.997,25869.037,2,1,1,0
2313,6916087,0,28.863,976.119,71.957,25697.650,3,1,1,0
2314,6919077,0,28.885,976.137,72.016,25666.734,4,1,1,0
2315,6922067,0,28.890,976.112,72.155,25482.779,5,1,1,0
2316,6925057,0,28.888,976.112,72.383,25391.787,6,1,1,0
2317,6928047,0,28.875,976.123,72.540,25452.377,7,1,1,0
2318,6931037,0,28.878,976.122,72.596,25422.045,8,1,1,0
2319,6934027,0,28.880,976.122,72.568,25437.201,9,1,1,0
2320,6937017,0,28.875,976.118,72.533,25452.377,0,1,1,0
2321,6940007,0,28.863,976.130,72.392,25543.803,1,1,1,0
2322,6942997,0,28.855,976.117,72.163,25697.650,2,1,1,0
2323,6945987,0,28.860,976.102,71.929,25728.643,3,1,1,0
2324,6948977,0,28.870,976.114,71.854,25697.650,4,1,1,0
2325,6951967,0,28.868,976.107,71.868,25822.070,5,1,1,0
2326,6954957,0,28.873,976.091,71.903,25775.271,6,1,1,0
2327,6957947,0,28.870,976.093,71.965,25916.178,7,1,1,0
2328,6960937,0,28.865,976.105,71.957,25822.070,8,1,1,0
2329,6963927,0,28.853,976.089,71.796,25963.488,9,1,1,0
2330,6966917,0,28.868,976.108,71.619,26106.465,0,1,1,0
2331,6969907,0,28.873,976.085,71.655,25931.928,1,1,1,0
2332,6972897,0,28.888,976.112,71.809,25884.732,2,1,1,0
2333,6975887,0,28.885,976.097,71.960,25963.488,3,1,1,0
2334,6978877,0,28.878,976.104,71.987,25963.488,4,1,1,0
2335,6981867,0,28.898,976.094,72.004,25853.363,5,1,1,0
2336,6984857,0,28.903,976.098,72.157,25635.891,6,1,1,0
2337,6987847,0,28.898,976.093,72.329,25728.643,7,1,1,0
2338,6990837,0,28.890,976.079,72.418,25605.121,8,1,1,0
2339,6993827,0,28.885,976.068,72.382,25775.271,9,1,1,0
2340,6996817,0,28.888,976.076,72.327,25528.520,0,1,1,0
2341,6999807,0,28.890,976.062,72.279,25666.734,1,1,1,0
2342,7002797,0,28.895,976.062,72.266,25713.139,2,1,1,0
2343,7005787,0,28.895,976.073,72.322,25635.891,3,1,1,0
2344,7008777,0,28.903,976.079,72.406,25682.184,4,1,1,0
2345,7011767,0,28.895,976.092,72.446,25559.105,5,1,1,0
2346,7014757,0,28.890,976.074,72.362,25697.650,6,1,1,0
2347,7017747,0,28.890,976.078,72.307,25682.184,7,1,1,0
2348,7020737,0,28.893,976.067,72.238,25635.891,8,1,1,0
2349,7023727,0,28.898,976.084,72.260,25574.426,9,1,1,0
2350,7026717,0,28.895,976.071,72.336,25666.734,0,1,1,0
2351,7029707,0,28.913,976.081,72.380,25620.496,1,1,1,0
2352,7032697,0,28.906,976.081,72.503,25406.908,2,1,1,0
2353,7035687,0,28.898,976.078,72.544,25437.201,3,1,1,0
2354,7038677,0,28.903,976.091,72.545,25513.256,4,1,1,0
2355,7041667,0,28.893,976.083,72.480,25605.121,5,1,1,0
2356,7044657,0,28.890,976.106,72.376,25697.650,6,1,1,0
2357,7047647,0,28.890,976.096,72.272,25790.852,7,1,1,0
2358,7050637,0,28.893,976.081,72.148,25806.451,8,1,1,0
2359,7053627,0,28.880,976.059,72.049,25790.852,9,1,1,0
2360,7056617,0,28.885,976.067,71.947,25837.707,0,1,1,0
2361,7059607,0,28.890,976.079,71.906,25822.070,1,1,1,0
2362,7062597,0,28.908,976.093,71.978,25806.451,2,1,1,0
2363,7065587,0,28.895,976.071,72.080,25884.732,3,1,1,0
2364,7068577,0,28.898,976.102,72.122,25790.852,4,1,1,0
2365,7071567,0,28.895,976.085,72.100,25728.643,5,1,1,0
2366,7074557,0,28.895,976.092,72.114,25728.643,6,1,1,0
2367,7077547,0,28.921,976.105,72.229,25574.426,7,1,1,0
2368,7080537,0,28.916,976.099,72.394,25620.496,8,1,1,0
2369,7083527,0,28.906,976.077,72.531,25589.764,9,1,1,0
2370,7086517,0,28.906,976.086,72.538,25666.734,0,1,1,0
2371,7089507,0,28.906,976.081,72.580,25452.377,1,1,1,0
2372,7092497,0,28.903,976.084,72.607,25482.779,2,1,1,0
2373,7095487,0,28.903,976.075,72.614,25620.496,3,1,1,0
2374,7098477,0,28.888,976.076,72.487,25589.764,4,1,1,0
2375,7101467,0,28.901,976.080,72.364,25605.121,5,1,1,0
2376,7104457,0,28.893,976.076,72.370,25790.852,6,1,1,0
2377,7107447,0,28.895,976.062,72.363,25559.105,7,1,1,0
2378,7110437,0,28.898,976.051,72.384,25467.568,8,1,1,0
2379,7113427,0,28.898,976.078,72.405,25559.105,9,1,1,0
2380,7116417,0,28.895,976.094,72.446,25589.764,0,1,1,0
2381,7119407,0,28.901,976.082,72.447,25482.779,1,1,1,0
2382,7122397,0,28.895,976.087,72.467,25574.426,2,1,1,0
2383,7125387,0,28.908,976.095,72.545,25422.045,3,1,1,0
2384,7128377,0,28.901,976.078,72.606,25361.602,4,1,1,0
2385,7131367,0,28.903,976.089,72.648,25391.787,5,1,1,0
2386,7134357,0,28.890,976.081,72.639,25391.787,6,1,1,0
2387,7137347,0,28.898,976.076,72.620,25406.908,7,1,1,0
2388,7140337,0,28.906,976.079,72.677,25286.447,8,1,1,0
2389,7143327,0,28.906,976.064,72.836,25241.570,9,1,1,0
2390,7146317,0,28.913,976.085,72.983,25078.369,0,1,1,0
2391,7149307,0,28.911,976.084,73.142,24975.609,1,1,1,0
2392,7152297,0,28.913,976.099,73.240,24990.238,2,1,1,0
2393,7155287,0,28.901,976.096,73.300,24888.197,3,1,1,0
2394,7158277,0,28.883,976.074,73.214,25107.885,4,1,1,0
2395,7161267,0,28.901,976.073,73.154,24960.998,5,1,1,0
2396,7164257,0,28.903,976.071,73.217,24859.195,6,1,1,0
2397,7167247,0,28.893,976.087,73.306,24830.262,7,1,1,0
2398,7170237,0,28.883,976.063,73.318,24946.404,8,1,1,0
2399,7173227,0,28.903,976.093,73.259,24859.195,9,1,1,0
2400,7176217,0,28.885,976.086,73.235,24844.721,0,1,1,0
2401,7179207,0,28.880,976.093,73.186,24873.688,1,1,1,0
2402,7182197,0,28.878,976.087,73.116,25034.227,2,1,1,0
2403,7185187,0,28.888,976.092,73.076,25048.924,3,1,1,0
2404,7188177,0,28.898,976.139,73.140,24975.609,4,1,1,0
2405,7191167,0,28.895,976.117,73.285,24859.195,5,1,1,0
2406,7194157,0,28.893,976.121,73.375,24815.820,6,1,1,0
2407,7197147,0,28.888,976.128,73.388,24758.221,7,1,1,0
2408,7200137,0,28.878,976.104,73.400,24743.863,8,1,1,0
2409,7203127,0,28.880,976.115,73.345,24815.820,9,1,1,0
2410,7206117,0,28.888,976.115,73.381,24729.521,0,1,1,0
2411,7209107,0,28.883,976.101,73.436,24715.195,1,1,1,0
2412,7212097,0,28.875,976.118,73.421,24844.721,2,1,1,0
2413,7215087,0,28.868,976.105,73.343,24859.195,3,1,1,0
2414,7218077,0,28.875,976.123,73.240,24946.404,4,1,1,0
2415,7221067,0,28.865,976.087,73.169,24888.197,5,1,1,0
2416,7224057,0,28.863,976.065,73.120,24888.197,6,1,1,0
2417,7227047,0,28.875,976.086,73.143,24888.197,7,1,1,0
2418,7230037,0,28.863,976.076,73.189,24830.262,8,1,1,0
2419,7233027,0,28.848,976.086,73.069,24975.609,9,1,1,0
2420,7236017,0,28.830,976.079,72.781,25181.979,0,1,1,0
2421,7239007,0,28.820,976.062,72.350,25361.602,1,1,1,0
2422,7241997,0,28.825,976.077,71.950,25605.121,2,1,1,0
2423,7244987,0,28.840,976.067,71.683,25697.650,3,1,1,0
2424,7247977,0,28.838,976.076,71.724,25697.650,4,1,1,0
2425,7250967,0,28.840,976.071,71.746,25666.734,5,1,1,0
2426,7253957,0,28.838,976.051,71.759,25728.643,6,1,1,0
2427,7256947,0,28.840,976.056,71.746,25822.070,7,1,1,0
2428,7259937,0,28.845,976.046,71.795,25916.178,8,1,1,0
2429,7262927,0,28.855,976.052,71.859,25790.852,9,1,1,0
2430,7265917,0,28.850,976.084,71.982,25775.271,0,1,1,0
2431,7268907,0,28.853,976.072,72.017,25589.764,1,1,1,0
2432,7271897,0,28.865,976.062,72.123,25635.891,2,1,1,0
2433,7274887,0,28.870,976.073,72.310,25605.121,3,1,1,0
2434,7277877,0,28.873,976.051,72.498,25452.377,4,1,1,0
2435,7280867,0,28.868,976.049,72.670,25361.602,5,1,1,0
2436,7283857,0,28.875,976.066,72.803,25271.471,6,1,1,0
2437,7286847,0,28.868,976.035,72.996,25271.471,7,1,1,0
2438,7289837,0,28.883,976.054,73.172,25122.670,8,1,1,0
2439,7292827,0,28.893,976.058,73.382,24902.725,9,1,1,0
2440,7295817,0,28.880,976.045,73.582,24830.262,0,1,1,0
2441,7298807,0,28.878,976.045,73.686,24743.863,1,1,1,0
2442,7301797,0,28.880,976.072,73.756,24643.820,2,1,1,0
2443,7304787,0,28.880,976.064,73.818,24700.887,3,1,1,0
2444,7307777,0,28.860,976.063,73.836,24572.855,4,1,1,0
2445,7310767,0,28.855,976.074,73.793,24601.191,5,1,1,0
2446,7313757,0,28.838,976.058,73.623,24715.195,6,1,1,0
2447,7316747,0,28.830,976.075,73.364,24873.688,7,1,1,0
2448,7319737,0,28.818,976.082,73.022,25078.369,8,1,1,0
2449,7322727,0,28.828,976.061,72.711,25241.570,9,1,1,0
2450,7325717,0,28.830,976.084,72.636,25226.646,0,1,1,0
2451,7328707,0,28.823,976.064,72.627,25286.447,1,1,1,0
2452,7331697,0,28.825,976.064,72.600,25452.377,2,1,1,0
2453,7334687,0,28.825,976.054,72.510,25635.891,3,1,1,0
2454,7337677,0,28.833,976.045,72.518,25513.256,4,1,1,0
2455,7340667,0,28.835,976.056,72.609,25391.787,5,1,1,0
2456,7343657,0,28.835,976.058,72.720,25513.256,6,1,1,0
2457,7346647,0,28.840,976.071,72.811,25286.447,7,1,1,0
2458,7349637,0,28.838,976.020,72.900,25301.443,8,1,1,0
2459,7352627,0,28.845,976.053,73.006,25376.686,9,1,1,0
2460,7355617,0,28.840,976.060,73.047,25137.471,0,1,1,0
2461,7358607,0,28.843,976.071,73.123,25167.125,1,1,1,0
2462,7361597,0,28.840,976.083,73.123,25286.447,2,1,1,0
2463,7364587,0,28.840,976.078,73.130,25152.289,3,1,1,0
2464,7367577,0,28.850,976.068,73.201,25004.883,4,1,1,0
2465,7370567,0,28.850,976.070,73.361,24917.268,5,1,1,0
2466,7373557,0,28.838,976.053,73.456,25078.369,6,1,1,0
2467,7376547,0,28.830,976.063,73.482,24888.197,7,1,1,0
2468,7379537,0,28.830,976.068,73.420,24946.404,8,1,1,0
2469,7382527,0,28.825,976.057,73.363,24960.998,9,1,1,0
2470,7385517,0,28.833,976.060,73.295,25063.639,0,1,1,0
2471,7388507,0,28.828,976.036,73.280,25063.639,1,1,1,0
2472,7391497,0,28.833,976.036,73.281,24946.404,2,1,1,0
2473,7394487,0,28.835,976.061,73.372,24902.725,3,1,1,0
2474,7397477,0,28.833,976.065,73.448,24902.725,4,1,1,0
2475,7400467,0,28.825,976.064,73.412,24844.721,5,1,1,0
2476,7403457,0,28.833,976.041,73.420,24844.721,6,1,1,0
2477,7406447,0,28.815,976.060,73.410,24888.197,7,1,1,0
2478,7409437,0,28.818,976.071,73.320,24960.998,8,1,1,0
2479,7412427,0,28.818,976.066,73.258,24975.609,9,1,1,0
2480,7415417,0,28.792,976.055,73.191,25078.369,0,1,1,0
2481,7418407,0,28.800,976.068,73.012,25301.443,1,1,1,0
2482,7421397,0,28.818,976.062,72.890,25241.570,2,1,1,0
2483,7424387,0,28.818,976.071,72.952,25196.850,3,1,1,0
2484,7427377,0,28.818,976.085,73.056,25181.979,4,1,1,0
2485,7430367,0,28.820,976.077,73.064,25331.486,5,1,1,0
2486,7433357,0,28.825,976.095,73.113,25286.447,6,1,1,0
2487,7436347,0,28.833,976.077,73.219,25301.443,7,1,1,0
2488,7439337,0,28.833,976.086,73.351,25181.979,8,1,1,0
2489,7442327,0,28.825,976.075,73.509,25078.369,9,1,1,0
2490,7445317,0,28.818,976.082,73.564,25196.850,0,1,1,0
2491,7448307,0,28.807,976.065,73.430,25271.471,1,1,1,0
2492,7451297,0,28.805,976.063,73.256,25241.570,2,1,1,0
2493,7454287,0,28.810,976.056,73.173,25093.119,3,1,1,0
2494,7457277,0,28.815,976.049,73.181,25301.443,4,1,1,0
2495,7460267,0,28.823,976.073,73.280,25063.639,5,1,1,0
2496,7463257,0,28.833,976.056,73.448,24975.609,6,1,1,0
2497,7466247,0,28.830,976.058,73.601,25034.227,7,1,1,0
2498,7469237,0,28.820,976.059,73.703,24975.609,8,1,1,0
2499,7472227,0,28.815,976.058,73.716,25093.119,9,1,1,0
2500,7475217,0,28.805,976.052,73.652,25004.883,0,1,1,0
2501,7478207,0,28.815,976.060,73.647,25078.369,1,1,1,0
2502,7481197,0,28.813,976.051,73.646,25063.639,2,1,1,0
2503,7484187,0,28.810,976.062,73.674,25004.883,3,1,1,0
2504,7487177,0,28.802,976.065,73.624,25078.369,4,1,1,0
2505,7490167,0,28.792,976.057,73.504,25152.289,5,1,1,0
2506,7493157,0,28.800,976.073,73.366,25137.471,6,1,1,0
2507,7496147,0,28.805,976.056,73.339,25152.289,7,1,1,0
2508,7499137,0,28.802,976.054,73.387,25316.455,8,1,1,0
2509,7502127,0,28.807,976.029,73.416,25167.125,9,1,1,0
2510,7505117,0,28.802,976.043,73.491,25107.885,0,1,1,0
2511,7508107,0,28.815,976.069,73.522,25063.639,1,1,1,0
2512,7511097,0,28.813,976.064,73.570,25048.924,2,1,1,0
2513,7514087,0,28.825,976.039,73.690,24975.609,3,1,1,0
2514,7517077,0,28.815,976.042,73.849,24888.197,4,1,1,0
2515,7520067,0,28.815,976.058,73.932,24772.596,5,1,1,0
2516,7523057,0,28.823,976.062,73.996,24743.863,6,1,1,0
2517,7526047,0,28.823,976.077,74.087,24686.596,7,1,1,0
2518,7529037,0,28.818,976.066,74.177,24558.711,8,1,1,0
2519,7532027,0,28.815,976.060,74.253,24474.188,9,1,1,0
2520,7535017,0,28.813,976.076,74.225,24404.195,0,1,1,0
2521,7538007,0,28.815,976.064,74.246,24502.297,1,1,1,0
2522,7540997,0,28.823,976.059,74.324,24404.195,2,1,1,0
2523,7543987,0,28.820,976.057,74.421,24182.883,3,1,1,0
2524,7546977,0,28.818,976.069,74.540,24306.875,4,1,1,0
2525,7549967,0,28.825,976.089,74.618,24265.402,5,1,1,0
2526,7552957,0,28.825,976.086,74.716,24128.182,6,1,1,0
2527,7555947,0,28.813,976.065,74.811,24073.727,7,1,1,0
2528,7558937,0,28.810,976.076,74.853,24046.590,8,1,1,0
2529,7561927,0,28.807,976.092,74.838,24073.727,9,1,1,0
2530,7564917,0,28.813,976.085,74.769,24155.502,0,1,1,0
2531,7567907,0,28.805,976.061,74.740,24169.184,1,1,1,0
2532,7570897,0,28.815,976.091,74.784,24033.045,2,1,1,0
2533,7573887,0,28.820,976.098,74.855,23871.689,3,1,1,0
2534,7576877,0,28.807,976.061,74.950,23845.008,4,1,1,0
2535,7579867,0,28.810,976.079,75.028,23818.385,5,1,1,0
2536,7582857,0,28.802,976.088,75.026,23898.432,6,1,1,0
2537,7585847,0,28.815,976.083,75.036,23858.342,7,1,1,0
2538,7588837,0,28.795,976.087,75.102,23805.096,8,1,1,0
2539,7591827,0,28.790,976.076,75.017,23898.432,9,1,1,0
2540,7594817,0,28.792,976.071,74.906,23938.656,0,1,1,0
2541,7597807,0,28.795,976.080,74.906,23858.342,1,1,1,0
2542,7600797,0,28.795,976.066,74.969,23805.096,2,1,1,0
2543,7603787,0,28.795,976.066,75.011,23805.096,3,1,1,0
2544,7606777,0,28.790,976.071,75.045,23752.088,4,1,1,0
2545,7609767,0,28.792,976.091,75.052,23686.158,5,1,1,0
2546,7612757,0,28.785,976.063,75.016,23818.385,6,1,1,0
2547,7615747,0,28.787,976.065,75.003,23805.096,7,1,1,0
2548,7618737,0,28.790,976.089,75.045,23699.314,8,1,1,0
2549,7621727,0,28.777,976.056,75.064,23659.889,9,1,1,0
2550,7624717,0,28.782,976.056,75.030,23805.096,0,1,1,0
2551,7627707,0,28.787,976.072,75.031,23712.486,1,1,1,0
2552,7630697,0,28.777,976.068,75.029,23752.088,2,1,1,0
2553,7633687,0,28.787,976.076,75.045,23752.088,3,1,1,0
2554,7636677,0,28.790,976.085,75.059,23659.889,4,1,1,0
2555,7639667,0,28.780,976.056,75.099,23818.385,5,1,1,0
2556,7642657,0,28.775,976.050,75.098,23725.672,6,1,1,0
2557,7645647,0,28.777,976.075,75.120,23686.158,7,1,1,0
2558,7648637,0,28.770,976.071,75.055,23725.672,8,1,1,0
2559,7651627,0,28.775,976.084,75.014,23752.088,9,1,1,0
2560,7654617,0,28.770,976.068,74.971,23738.873,0,1,1,0
2561,7657607,0,28.775,976.079,74.944,23831.689,1,1,1,0
2562,7660597,0,28.772,976.070,74.895,23831.689,2,1,1,0
2563,7663587,0,28.775,976.057,74.916,23831.689,3,1,1,0
2564,7666577,0,28.780,976.067,74.959,23673.016,4,1,1,0
2565,7669567,0,28.777,976.075,75.029,23752.088,5,1,1,0
2566,7672557,0,28.775,976.068,75.063,23725.672,6,1,1,0
2567,7675547,0,28.787,976.098,75.164,23659.889,7,1,1,0
2568,7678537,0,28.777,976.079,75.225,23738.873,8,1,1,0
2569,7681527,0,28.780,976.065,75.288,23659.889,9,1,1,0
2570,7684517,0,28.790,976.085,75.374,23490.549,0,1,1,0
2571,7687507,0,28.767,976.051,75.391,23516.443,1,1,1,0
2572,7690497,0,28.762,976.074,75.334,23633.678,2,1,1,0
2573,7693487,0,28.767,976.064,75.307,23699.314,3,1,1,0
2574,7696477,0,28.767,976.057,75.293,23594.471,4,1,1,0
2575,7699467,0,28.767,976.080,75.286,23673.016,5,1,1,0
2576,7702457,0,28.750,976.093,75.192,23725.672,6,1,1,0
2577,7705447,0,28.747,976.055,75.086,23738.873,7,1,1,0
2578,7708437,0,28.740,976.078,74.966,23938.656,8,1,1,0
2579,7711427,0,28.727,976.067,74.775,24073.727,9,1,1,0
2580,7714417,0,28.730,976.069,74.531,24046.590,0,1,1,0
2581,7717407,0,28.735,976.064,74.371,24320.730,1,1,1,0
2582,7720397,0,28.742,976.071,74.310,24128.182,2,1,1,0
2583,7723387,0,28.737,976.078,74.316,24251.611,3,1,1,0
2584,7726377,0,28.740,976.078,74.316,24087.316,4,1,1,0
2585,7729367,0,28.735,976.083,74.260,24306.875,5,1,1,0
2586,7732357,0,28.725,976.068,74.188,24362.391,6,1,1,0
2587,7735347,0,28.730,976.070,74.056,24544.582,7,1,1,0
2588,7738337,0,28.742,976.084,73.961,24530.471,8,1,1,0
2589,7741327,0,28.745,976.084,74.031,24446.143,9,1,1,0
2590,7744317,0,28.747,976.079,74.164,24390.244,0,1,1,0
2591,7747307,0,28.745,976.102,74.206,24376.309,1,1,1,0
2592,7750297,0,28.752,976.072,74.235,24362.391,2,1,1,0
2593,7753287,0,28.745,976.061,74.324,24404.195,3,1,1,0
2594,7756277,0,28.747,976.081,74.394,24334.602,4,1,1,0
2595,7759267,0,28.757,976.078,74.459,24320.730,5,1,1,0
2596,7762257,0,28.757,976.079,74.571,24265.402,6,1,1,0
2597,7765247,0,28.762,976.080,74.704,24087.316,7,1,1,0
2598,7768237,0,28.760,976.081,74.760,24128.182,8,1,1,0
2599,7771227,0,28.762,976.089,74.900,24033.045,9,1,1,0
2600,7774217,0,28.757,976.105,74.997,23992.502,0,1,1,0
2601,7777207,0,28.752,976.068,75.038,23992.502,1,1,1,0
2602,7780197,0,28.765,976.073,75.048,23791.822,2,1,1,0
2603,7783187,0,28.755,976.086,75.053,23992.502,3,1,1,0
2604,7786177,0,28.745,976.095,74.981,23952.096,4,1,1,0
2605,7789167,0,28.755,976.069,74.913,24073.727,5,1,1,0
2606,7792157,0,28.750,976.056,74.898,24019.516,6,1,1,0
2607,7795147,0,28.757,976.060,74.920,23898.432,7,1,1,0
2608,7798137,0,28.760,976.076,74.998,23992.502,8,1,1,0
2609,7801127,0,28.742,976.064,75.022,24100.922,9,1,1,0
2610,7804117,0,28.742,976.066,74.967,24155.502,0,1,1,0
2611,7807107,0,28.742,976.102,74.834,24100.922,1,1,1,0
2612,7810097,0,28.745,976.057,74.862,24182.883,2,1,1,0
2613,7813087,0,28.750,976.093,74.912,23938.656,3,1,1,0
2614,7816077,0,28.760,976.083,75.005,24006.002,4,1,1,0
2615,7819067,0,28.745,976.061,75.037,23952.096,5,1,1,0
2616,7822057,0,28.755,976.056,75.081,23992.502,6,1,1,0
2617,7825047,0,28.745,976.043,75.093,23831.689,7,1,1,0
2618,7828037,0,28.750,976.063,75.115,23992.502,8,1,1,0
2619,7831027,0,28.742,976.077,75.128,23979.018,9,1,1,0
2620,7834017,0,28.745,976.055,75.114,23885.053,0,1,1,0
2621,7837007,0,28.742,976.070,75.050,23992.502,1,1,1,0
2622,7839997,0,28.752,976.092,75.080,24019.516,2,1,1,0
2623,7842987,0,28.752,976.070,75.101,23965.549,3,1,1,0
2624,7845977,0,28.745,976.066,75.170,23885.053,4,1,1,0
2625,7848967,0,28.745,976.082,75.247,23925.234,5,1,1,0
2626,7851957,0,28.752,976.072,75.255,23965.549,6,1,1,0
2627,7854947,0,28.755,976.081,75.305,23752.088,7,1,1,0
2628,7857937,0,28.750,976.058,75.353,23805.096,8,1,1,0
2629,7860927,0,28.755,976.056,75.396,23845.008,9,1,1,0
2630,7863917,0,28.760,976.101,75.474,23911.824,0,1,1,0
2631,7866907,0,28.745,976.071,75.548,23885.053,1,1,1,0
2632,7869897,0,28.750,976.077,75.556,23791.822,2,1,1,0
2633,7872887,0,28.755,976.074,75.557,23752.088,3,1,1,0
2634,7875877,0,28.747,976.077,75.570,23738.873,4,1,1,0
2635,7878867,0,28.757,976.061,75.600,23620.594,5,1,1,0
2636,7881857,0,28.752,976.068,75.634,23712.486,6,1,1,0
2637,7884847,0,28.755,976.061,75.677,23659.889,7,1,1,0
2638,7887837,0,28.750,976.075,75.690,23594.471,8,1,1,0
2639,7890827,0,28.750,976.056,75.718,23555.393,9,1,1,0
2640,7893817,0,28.750,976.079,75.711,23659.889,0,1,1,0
2641,7896807,0,28.747,976.061,75.661,23581.430,1,1,1,0
2642,7899797,0,28.750,976.070,75.690,23620.594,2,1,1,0
2643,7902787,0,28.745,976.059,75.682,23568.404,3,1,1,0
2644,7905777,0,28.740,976.071,75.611,23699.314,4,1,1,0
2645,7908767,0,28.742,976.057,75.541,23738.873,5,1,1,0
2646,7911757,0,28.737,976.048,75.512,23738.873,6,1,1,0
2647,7914747,0,28.750,976.058,75.479,23725.672,7,1,1,0
2648,7917737,0,28.742,976.070,75.485,23831.689,8,1,1,0
2649,7920727,0,28.742,976.086,75.513,23659.889,9,1,1,0
2650,7923717,0,28.755,976.051,75.550,23725.672,0,1,1,0
2651,7926707,0,28.762,976.073,75.643,23686.158,1,1,1,0
2652,7929697,0,28.765,976.059,75.763,23029.867,2,1,1,0
2653,7932687,0,28.757,976.053,75.853,23542.395,3,1,1,0
2654,7935677,0,28.745,976.054,75.850,23607.525,4,1,1,0
2655,7938667,0,28.750,976.063,75.795,23594.471,5,1,1,0
2656,7941657,0,28.740,976.032,75.779,23542.395,6,1,1,0
2657,7944647,0,28.742,976.064,75.759,23581.430,7,1,1,0
2658,7947637,0,28.747,976.052,75.696,23568.404,8,1,1,0
2659,7950627,0,28.747,976.057,75.696,23620.594,9,1,1,0
2660,7953617,0,28.750,976.059,75.697,23581.430,0,1,1,0
2661,7956607,0,28.750,976.047,75.711,23568.404,1,1,1,0
2662,7959597,0,28.750,976.036,75.746,23464.711,2,1,1,0
2663,7962587,0,28.755,976.051,75.761,23581.430,3,1,1,0
2664,7965577,0,28.755,976.042,75.796,23490.549,4,1,1,0
2665,7968567,0,28.757,976.045,75.888,23029.867,5,1,1,0
2666,7971557,0,28.767,976.064,75.911,23464.711,6,1,1,0
2667,7974547,0,28.772,976.048,76.024,22980.252,7,1,1,0
2668,7977537,0,28.770,976.043,76.122,22955.523,8,1,1,0
2669,7980527,0,28.775,976.049,76.200,22857.143,9,1,1,0
2670,7983517,0,28.767,976.044,76.276,22759.602,0,1,1,0
2671,7986507,0,28.767,976.037,76.304,22759.602,1,1,1,0
2672,7989497,0,28.775,976.029,76.383,22590.893,2,1,1,0
2673,7992487,0,28.775,976.047,76.425,22711.143,3,1,1,0
2674,7995477,0,28.782,976.051,76.504,22543.148,4,1,1,0
2675,7998467,0,28.772,976.046,76.566,22543.148,5,1,1,0
2676,8001457,0,28.772,976.054,76.615,22519.354,6,1,1,0
2677,8004447,0,28.765,976.039,76.621,22686.990,7,1,1,0
2678,8007437,0,28.750,976.036,76.569,22686.990,8,1,1,0
2679,8010427,0,28.760,976.040,76.500,22638.840,9,1,1,0
2680,8013417,0,28.765,976.030,76.473,22638.840,0,1,1,0
2681,8016407,0,28.760,976.047,76.507,22590.893,1,1,1,0
2682,8019397,0,28.750,976.023,76.526,22711.143,2,1,1,0
2683,8022387,0,28.757,976.042,76.535,22711.143,3,1,1,0
2684,8025377,0,28.757,976.040,76.486,22543.148,4,1,1,0
2685,8028367,0,28.755,976.035,76.457,22638.840,5,1,1,0
2686,8031357,0,28.752,976.041,76.428,22686.990,6,1,1,0
2687,8034347,0,28.745,976.029,76.342,22686.990,7,1,1,0
2688,8037337,0,28.740,976.030,76.243,22783.908,8,1,1,0
2689,8040327,0,28.750,976.036,76.196,22857.143,9,1,1,0
2690,8043317,0,28.755,976.051,76.189,22686.990,0,1,1,0
2691,8046307,0,28.755,976.015,76.246,22735.346,1,1,1,0
2692,8049297,0,28.765,976.014,76.297,22686.990,2,1,1,0
2693,8052287,0,28.762,976.012,76.381,22614.842,3,1,1,0
2694,8055277,0,28.762,976.022,76.430,22638.840,4,1,1,0
2695,8058267,0,28.772,976.032,76.502,22519.354,5,1,1,0
2696,8061257,0,28.760,976.021,76.514,22590.893,6,1,1,0
2697,8064247,0,28.762,976.015,76.508,22590.893,7,1,1,0
2698,8067237,0,28.755,976.026,76.471,22735.346,8,1,1,0
2699,8070227,0,28.772,976.018,76.495,22662.889,9,1,1,0
2700,8073217,0,28.767,976.014,76.494,22471.910,0,1,1,0
2701,8076207,0,28.762,976.024,76.543,22448.264,1,1,1,0
2702,8079197,0,28.762,976.008,76.571,22519.354,2,1,1,0
2703,8082187,0,28.762,976.024,76.585,22590.893,3,1,1,0
2704,8085177,0,28.762,976.003,76.627,22519.354,4,1,1,0
2705,8088167,0,28.770,976.007,76.678,22519.354,5,1,1,0
2706,8091157,0,28.775,975.991,76.742,22448.264,6,1,1,0
2707,8094147,0,28.755,975.982,76.788,22543.148,7,1,1,0
2708,8097137,0,28.762,976.010,76.782,22543.148,8,1,1,0
2709,8100127,0,28.767,975.998,76.748,22401.119,9,1,1,0
2710,8103117,0,28.772,976.011,76.770,22424.668,0,1,1,0
2711,8106107,0,28.775,975.986,76.841,22330.775,1,1,1,0
2712,8109097,0,28.782,976.011,76.955,22377.623,2,1,1,0
2713,8112087,0,28.782,976.002,77.019,22260.869,3,1,1,0
2714,8115077,0,28.772,975.998,77.088,22330.775,4,1,1,0
2715,8118067,0,28.772,976.012,77.102,22260.869,5,1,1,0
2716,8121057,0,28.775,976.004,77.102,22307.424,6,1,1,0
2717,8124047,0,28.770,976.000,77.108,22307.424,7,1,1,0
2718,8127037,0,28.772,976.014,77.137,22214.510,8,1,1,0
2719,8130027,0,28.775,975.995,77.159,22237.666,9,1,1,0
2720,8133017,0,28.775,976.011,77.180,22076.578,0,1,1,0
2721,8136007,0,28.772,975.984,77.215,22076.578,1,1,1,0
2722,8138997,0,28.772,976.002,77.250,22122.365,2,1,1,0
2723,8141987,0,28.777,976.002,77.300,22008.254,3,1,1,0
2724,8144977,0,28.772,975.968,77.335,22053.756,4,1,1,0
2725,8147967,0,28.785,975.988,77.408,22008.254,5,1,1,0
2726,8150957,0,28.787,975.979,77.437,21985.572,6,1,1,0
2727,8153947,0,28.775,975.980,77.491,22008.254,7,1,1,0
2728,8156937,0,28.785,975.981,77.521,21895.312,8,1,1,0
2729,8159927,0,28.782,975.986,77.521,21917.809,9,1,1,0
2730,8162917,0,28.780,975.966,77.534,22053.756,0,1,1,0
2731,8165907,0,28.775,975.962,77.562,22008.254,1,1,1,0
2732,8168897,0,28.770,975.973,77.582,22030.980,2,1,1,0
2733,8171887,0,28.770,975.944,77.582,21940.350,3,1,1,0
2734,8174877,0,28.767,975.971,77.582,21895.312,4,1,1,0
2735,8177867,0,28.772,975.968,77.597,21917.809,5,1,1,0
2736,8180857,0,28.780,975.973,77.619,21783.525,6,1,1,0
2737,8183847,0,28.762,975.958,77.637,22008.254,7,1,1,0
2738,8186837,0,28.747,975.980,77.592,22008.254,8,1,1,0
2739,8189827,0,28.750,975.955,77.437,21962.938,9,1,1,0
2740,8192817,0,28.742,975.951,77.315,22008.254,0,1,1,0
2741,8195807,0,28.747,975.962,77.231,22191.400,1,1,1,0
2742,8198797,0,28.752,975.966,77.162,22168.342,2,1,1,0
2743,8201787,0,28.760,975.952,77.191,22099.447,3,1,1,0
2744,8204777,0,28.765,975.965,77.235,22168.342,4,1,1,0
2745,8207767,0,28.762,975.978,77.305,21962.938,5,1,1,0
2746,8210757,0,28.760,975.983,77.304,22145.328,6,1,1,0
2747,8213747,0,28.762,975.996,77.305,22076.578,7,1,1,0
2748,8216737,0,28.760,975.970,77.318,22122.365,8,1,1,0
2749,8219727,0,28.755,975.972,77.296,22076.578,9,1,1,0
2750,8222717,0,28.757,975.981,77.297,22168.342,0,1,1,0
2751,8225707,0,28.752,975.972,77.275,22076.578,1,1,1,0
2752,8228697,0,28.755,975.954,77.254,22076.578,2,1,1,0
2753,8231687,0,28.750,975.961,77.253,22030.980,3,1,1,0
2754,8234677,0,28.760,975.963,77.255,22076.578,4,1,1,0
2755,8237667,0,28.752,975.957,77.303,22030.980,5,1,1,0
2756,8240657,0,28.757,975.952,77.353,22008.254,6,1,1,0
2757,8243647,0,28.757,975.936,77.346,21962.938,7,1,1,0
2758,8246637,0,28.755,975.943,77.346,21940.350,8,1,1,0
2759,8249627,0,28.747,975.941,77.302,22145.328,9,1,1,0
2760,8252617,0,28.755,975.936,77.318,22008.254,0,1,1,0
2761,8255607,0,28.755,975.947,77.303,22168.342,1,1,1,0
2762,8258597,0,28.757,975.945,77.332,22168.342,2,1,1,0
2763,8261587,0,28.755,975.939,77.346,22076.578,3,1,1,0
2764,8264577,0,28.755,975.957,77.339,22030.980,4,1,1,0
2765,8267567,0,28.757,975.934,77.332,21962.938,5,1,1,0
2766,8270557,0,28.760,975.935,77.375,21985.572,6,1,1,0
2767,8273547,0,28.757,975.947,77.417,22030.980,7,1,1,0
2768,8276537,0,28.762,975.963,77.446,21940.350,8,1,1,0
2769,8279527,0,28.765,975.960,77.482,22099.447,9,1,1,0
2770,8282517,0,28.755,975.934,77.530,21895.312,0,1,1,0
2771,8285507,0,28.765,975.924,77.560,22122.365,1,1,1,0
2772,8288497,0,28.767,975.939,77.610,21940.350,2,1,1,0
2773,8291487,0,28.767,975.958,77.638,21850.461,3,1,1,0
2774,8294477,0,28.765,975.949,77.673,21940.350,4,1,1,0
2775,8297467,0,28.747,975.941,77.656,21962.938,5,1,1,0
2776,8300457,0,28.755,975.945,77.629,21917.809,6,1,1,0
2777,8303447,0,28.765,975.946,77.588,21940.350,7,1,1,0
2778,8306437,0,28.750,975.927,77.600,21940.350,8,1,1,0
2779,8309427,0,28.750,975.923,77.585,21985.572,9,1,1,0
2780,8312417,0,28.755,975.929,77.572,22008.254,0,1,1,0
2781,8315407,0,28.737,975.928,77.541,22145.328,1,1,1,0
2782,8318397,0,28.725,975.943,77.439,22122.365,2,1,1,0
2783,8321387,0,28.727,975.936,77.263,22214.510,3,1,1,0
2784,8324377,0,28.737,975.953,77.131,22260.869,4,1,1,0
2785,8327367,0,28.735,975.944,77.060,22284.123,5,1,1,0
2786,8330357,0,28.747,975.952,77.005,22284.123,6,1,1,0
2787,8333347,0,28.737,975.933,77.053,22237.666,7,1,1,0
2788,8336337,0,28.737,975.935,77.074,22168.342,8,1,1,0
2789,8339327,0,28.730,975.958,76.988,22401.119,9,1,1,0
2790,8342317,0,28.725,975.952,76.924,22307.424,0,1,1,0
2791,8345307,0,28.732,975.977,76.855,22424.668,1,1,1,0
2792,8348297,0,28.735,975.960,76.799,22307.424,2,1,1,0
2793,8351287,0,28.735,975.949,76.756,22495.605,3,1,1,0
2794,8354277,0,28.740,975.938,76.778,22424.668,4,1,1,0
2795,8357267,0,28.737,975.949,76.806,22471.910,5,1,1,0
2796,8360257,0,28.755,975.975,76.837,22307.424,6,1,1,0
2797,8363247,0,28.742,975.951,76.920,22307.424,7,1,1,0
2798,8366237,0,28.735,975.945,76.918,22284.123,8,1,1,0
2799,8369227,0,28.737,975.960,76.905,22424.668,9,1,1,0
2800,8372217,0,28.752,975.961,76.943,22377.623,0,1,1,0
2801,8375207,0,28.750,975.962,76.956,22237.666,1,1,1,0
2802,8378197,0,28.745,975.942,76.977,22330.775,2,1,1,0
2803,8381187,0,28.750,975.959,77.027,22284.123,3,1,1,0
2804,8384177,0,28.737,975.949,77.025,22377.623,4,1,1,0
2805,8387167,0,28.740,975.962,76.969,22448.264,5,1,1,0
2806,8390157,0,28.740,975.955,76.941,22330.775,6,1,1,0
2807,8393147,0,28.732,975.961,76.897,22471.910,7,1,1,0
2808,8396137,0,28.732,975.968,76.862,22448.264,8,1,1,0
2809,8399127,0,28.745,975.966,76.850,22354.174,9,1,1,0
2810,8402117,0,28.747,975.966,76.864,22354.174,0,1,1,0
2811,8405107,0,28.740,975.964,76.912,22354.174,1,1,1,0
2812,8408097,0,28.727,975.954,76.924,22543.148,2,1,1,0
2813,8411087,0,28.735,975.976,76.791,22448.264,3,1,1,0
2814,8414077,0,28.730,975.952,76.706,22495.605,4,1,1,0
2815,8417067,0,28.725,975.950,76.677,22495.605,5,1,1,0
2816,8420057,0,28.727,975.947,76.579,22590.893,6,1,1,0
2817,8423047,0,28.725,975.941,76.494,22686.990,7,1,1,0
2818,8426037,0,28.725,975.941,76.458,22735.346,8,1,1,0
2819,8429027,0,28.714,975.940,76.365,22759.602,9,1,1,0
2820,8432017,0,28.730,975.943,76.276,22686.990,0,1,1,0
2821,8435007,0,28.732,975.936,76.298,22783.908,1,1,1,0
2822,8437997,0,28.735,975.924,76.327,22638.840,2,1,1,0
2823,8440987,0,28.745,975.930,76.427,22735.346,3,1,1,0
2824,8443977,0,28.750,975.943,76.498,22686.990,4,1,1,0
2825,8446967,0,28.757,975.950,76.626,22590.893,5,1,1,0
2826,8449957,0,28.762,975.936,76.782,22448.264,6,1,1,0
2827,8452947,0,28.770,975.948,76.911,22471.910,7,1,1,0
2828,8455937,0,28.765,975.953,77.009,22424.668,8,1,1,0
2829,8458927,0,28.757,975.956,77.085,22448.264,9,1,1,0
2830,8461917,0,28.752,975.950,77.077,22543.148,0,1,1,0
2831,8464907,0,28.765,975.953,77.150,22448.264,1,1,1,0
2832,8467897,0,28.770,975.980,77.179,22424.668,2,1,1,0
2833,8470887,0,28.750,975.946,77.218,22284.123,3,1,1,0
2834,8473877,0,28.755,975.963,77.233,22260.869,4,1,1,0
2835,8476867,0,28.752,975.966,77.275,22284.123,5,1,1,0
2836,8479857,0,28.747,975.975,77.246,22330.775,6,1,1,0
2837,8482847,0,28.740,975.985,77.202,22307.424,7,1,1,0
2838,8485837,0,28.740,975.973,77.089,22377.623,8,1,1,0
2839,8488827,0,28.747,975.966,77.055,22377.623,9,1,1,0
2840,8491817,0,28.755,975.972,77.049,22424.668,0,1,1,0
2841,8494807,0,28.755,975.970,77.070,22354.174,1,1,1,0
2842,8497797,0,28.747,975.966,77.076,22543.148,2,1,1,0
2843,8500787,0,28.750,975.959,77.076,22330.775,3,1,1,0
2844,8503777,0,28.760,975.967,77.092,22354.174,4,1,1,0
2845,8506767,0,28.750,975.966,77.112,22307.424,5,1,1,0
2846,8509757,0,28.745,975.973,77.104,22424.668,6,1,1,0
2847,8512747,0,28.750,975.957,77.133,22354.174,7,1,1,0
2848,8515737,0,28.750,975.982,77.105,22471.910,8,1,1,0
2849,8518727,0,28.752,975.972,77.105,22424.668,9,1,1,0
2850,8521717,0,28.752,975.966,77.119,22590.893,0,1,1,0
2851,8524707,0,28.757,976.001,77.120,22377.623,1,1,1,0
2852,8527697,0,28.752,975.966,77.119,22424.668,2,1,1,0
2853,8530687,0,28.757,975.974,77.170,22401.119,3,1,1,0
2854,8533677,0,28.760,975.960,77.227,22377.623,4,1,1,0
2855,8536667,0,28.767,975.955,77.277,22284.123,5,1,1,0
2856,8539657,0,28.775,975.970,77.335,22330.775,6,1,1,0
2857,8542647,0,28.777,975.962,77.449,22260.869,7,1,1,0
2858,8545637,0,28.782,975.959,77.506,22260.869,8,1,1,0
2859,8548627,0,28.780,975.954,77.584,22168.342,9,1,1,0
2860,8551617,0,28.765,975.953,77.602,22354.174,0,1,1,0
2861,8554607,0,28.770,975.980,77.596,22307.424,1,1,1,0
2862,8557597,0,28.762,975.972,77.559,22122.365,2,1,1,0
2863,8560587,0,28.762,975.976,77.552,22330.775,3,1,1,0
2864,8563577,0,28.752,975.957,77.480,22214.510,4,1,1,0
2865,8566567,0,28.760,975.969,77.446,22260.869,5,1,1,0
2866,8569557,0,28.765,975.953,77.433,22260.869,6,1,1,0
2867,8572547,0,28.762,975.970,77.439,22307.424,7,1,1,0
2868,8575537,0,28.762,975.954,77.482,22145.328,8,1,1,0
2869,8578527,0,28.767,975.973,77.511,22122.365,9,1,1,0
2870,8581517,0,28.770,975.966,77.532,22145.328,0,1,1,0
2871,8584507,0,28.757,975.956,77.580,22191.400,1,1,1,0
2872,8587497,0,28.747,975.952,77.500,22284.123,2,1,1,0
2873,8590487,0,28.757,975.950,77.459,22307.424,3,1,1,0
2874,8593477,0,28.755,975.965,77.417,22377.623,4,1,1,0
2875,8596467,0,28.762,975.953,77.397,22214.510,5,1,1,0
2876,8599457,0,28.767,975.951,77.447,22214.510,6,1,1,0
2877,8602447,0,28.772,975.955,77.512,22237.666,7,1,1,0
2878,8605437,0,28.760,975.944,77.573,22214.510,8,1,1,0
2879,8608427,0,28.767,975.953,77.617,22099.447,9,1,1,0
2880,8611417,0,28.757,975.941,77.601,22076.578,0,1,1,0
2881,8614407,0,28.755,975.949,77.572,22145.328,1,1,1,0
2882,8617397,0,28.772,975.966,77.582,22122.365,2,1,1,0
2883,8620387,0,28.762,975.940,77.574,22168.342,3,1,1,0
2884,8623377,0,28.762,975.960,77.588,22053.756,4,1,1,0
2885,8626367,0,28.752,975.964,77.614,22145.328,5,1,1,0
2886,8629357,0,28.752,975.952,77.593,22076.578,6,1,1,0
2887,8632347,0,28.755,975.952,77.544,22076.578,7,1,1,0
2888,8635337,0,28.755,975.954,77.530,22191.400,8,1,1,0
2889,8638327,0,28.755,975.949,77.530,22168.342,9,1,1,0
2890,8641317,0,28.757,975.950,77.523,22145.328,0,1,1,0
2891,8644307,0,28.755,975.950,77.530,22076.578,1,1,1,0
2892,8647297,0,28.755,975.943,77.501,22424.668,2,1,1,0
2893,8650287,0,28.747,975.962,77.514,22377.623,3,1,1,0
2894,8653277,0,28.737,975.933,77.456,22214.510,4,1,1,0
2895,8656267,0,28.747,975.939,77.344,22330.775,5,1,1,0
2896,8659257,0,28.742,975.937,77.259,22401.119,6,1,1,0
2897,8662247,0,28.730,975.947,77.186,22448.264,7,1,1,0
2898,8665237,0,28.725,975.929,77.072,22354.174,8,1,1,0
2899,8668227,0,28.727,975.947,76.959,22590.893,9,1,1,0
2900,8671217,0,28.714,975.949,76.795,22638.840,0,1,1,0
2901,8674207,0,28.725,975.945,76.649,22735.346,1,1,1,0
2902,8677197,0,28.722,975.948,76.521,22759.602,2,1,1,0
2903,8680187,0,28.714,975.935,76.393,22735.346,3,1,1,0
2904,8683177,0,28.714,975.957,76.210,22832.680,4,1,1,0
2905,8686167,0,28.694,975.955,75.989,23503.488,5,1,1,0
2906,8689157,0,28.704,975.938,75.745,23542.395,6,1,1,0
2907,8692147,0,28.704,975.949,75.548,23659.889,7,1,1,0
2908,8695137,0,28.699,975.939,75.379,23673.016,8,1,1,0
2909,8698127,0,28.694,975.930,75.217,23752.088,9,1,1,0
2910,8701117,0,28.707,975.936,75.093,23738.873,0,1,1,0
2911,8704107,0,28.712,975.940,75.017,23805.096,1,1,1,0
2912,8707097,0,28.714,975.926,74.990,23831.689,2,1,1,0
2913,8710087,0,28.719,975.932,74.976,23831.689,3,1,1,0
2914,8713077,0,28.730,975.938,74.999,23831.689,4,1,1,0
2915,8716067,0,28.735,975.920,75.042,23752.088,5,1,1,0
2916,8719057,0,28.735,975.942,75.105,24114.545,6,1,1,0
2917,8722047,0,28.735,975.915,75.133,23791.822,7,1,1,0
2918,8725037,0,28.747,975.937,75.205,23885.053,8,1,1,0
2919,8728027,0,28.765,975.949,75.335,23805.096,9,1,1,0
2920,8731017,0,28.762,975.922,75.474,23791.822,0,1,1,0
2921,8734007,0,28.757,975.920,75.579,23778.562,1,1,1,0
2922,8736997,0,28.770,975.941,75.644,23845.008,2,1,1,0
2923,8739987,0,28.762,975.938,75.713,23646.775,3,1,1,0
2924,8742977,0,28.760,975.944,75.713,23752.088,4,1,1,0
2925,8745967,0,28.757,975.932,75.698,23725.672,5,1,1,0
2926,8748957,0,28.767,975.928,75.728,23686.158,6,1,1,0
2927,8751947,0,28.760,975.913,75.741,23607.525,7,1,1,0
2928,8754937,0,28.767,975.910,75.763,23686.158,8,1,1,0
2929,8757927,0,28.785,975.931,75.829,23542.395,9,1,1,0
2930,8760917,0,28.790,975.938,75.887,23516.443,0,1,1,0
2931,8763907,0,28.780,975.947,76.025,23568.404,1,1,1,0
2932,8766897,0,28.757,975.911,76.007,23607.525,2,1,1,0
2933,8769887,0,28.750,975.923,75.851,23581.430,3,1,1,0
2934,8772877,0,28.765,975.931,75.749,23686.158,4,1,1,0
2935,8775867,0,28.772,975.932,75.680,23646.775,5,1,1,0
2936,8778857,0,28.777,975.932,75.681,23778.562,6,1,1,0
2937,8781847,0,28.782,975.947,75.766,23607.525,7,1,1,0
2938,8784837,0,28.780,975.927,75.843,23542.395,8,1,1,0
2939,8787827,0,28.775,975.943,75.842,23620.594,9,1,1,0
2940,8790817,0,28.762,975.906,75.755,23594.471,0,1,1,0
2941,8793807,0,28.775,975.912,75.673,23673.016,1,1,1,0
2942,8796797,0,28.787,975.927,75.626,23738.873,2,1,1,0
2943,8799787,0,28.780,975.932,75.674,23607.525,3,1,1,0
2944,8802777,0,28.795,975.930,75.761,23607.525,4,1,1,0
2945,8805767,0,28.797,975.921,75.888,23581.430,5,1,1,0
2946,8808757,0,28.785,975.916,75.991,23516.443,6,1,1,0
2947,8811747,0,28.797,975.923,76.021,23646.775,7,1,1,0
2948,8814737,0,28.797,975.926,76.057,23620.594,8,1,1,0
2949,8817727,0,28.800,975.926,76.099,23673.016,9,1,1,0
2950,8820717,0,28.795,975.897,76.126,22955.523,0,1,1,0
2951,8823707,0,28.802,975.910,76.177,23529.412,1,1,1,0
2952,8826697,0,28.795,975.917,76.169,23477.623,2,1,1,0
2953,8829687,0,28.795,975.919,76.176,23542.395,3,1,1,0
2954,8832677,0,28.797,975.899,76.176,23594.471,4,1,1,0
2955,8835667,0,28.805,975.905,76.170,23516.443,5,1,1,0
2956,8838657,0,28.800,975.880,76.226,23490.549,6,1,1,0
2957,8841647,0,28.795,975.899,76.239,23555.393,7,1,1,0
2958,8844637,0,28.795,975.883,76.225,23529.412,8,1,1,0
2959,8847627,0,28.795,975.887,76.239,22930.850,9,1,1,0
2960,8850617,0,28.782,975.915,76.173,23581.430,0,1,1,0
2961,8853607,0,28.777,975.907,76.025,23646.775,1,1,1,0
2962,8856597,0,28.782,975.913,75.906,23620.594,2,1,1,0
2963,8859587,0,28.780,975.886,75.779,23725.672,3,1,1,0
2964,8862577,0,28.797,975.908,75.761,23620.594,4,1,1,0
2965,8865567,0,28.792,975.879,75.803,23646.775,5,1,1,0
2966,8868557,0,28.810,975.907,75.904,23581.430,6,1,1,0
2967,8871547,0,28.807,975.896,75.974,23659.889,7,1,1,0
2968,8874537,0,28.810,975.891,76.017,23633.678,8,1,1,0
2969,8877527,0,28.810,975.875,76.073,23005.033,9,1,1,0
2970,8880517,0,28.820,975.879,76.159,23451.814,0,1,1,0
2971,8883507,0,28.820,975.917,76.222,23607.525,1,1,1,0
2972,8886497,0,28.820,975.903,76.286,23607.525,2,1,1,0
2973,8889487,0,28.825,975.890,76.308,22980.252,3,1,1,0
2974,8892477,0,28.830,975.903,76.407,23529.412,4,1,1,0
2975,8895467,0,28.838,975.897,76.493,22906.229,5,1,1,0
2976,8898457,0,28.828,975.896,76.583,22783.908,6,1,1,0
2977,8901447,0,28.828,975.889,76.604,22881.658,7,1,1,0
2978,8904437,0,28.823,975.858,76.666,22808.268,8,1,1,0
2979,8907427,0,28.830,975.896,76.724,22881.658,9,1,1,0
2980,8910417,0,28.833,975.886,76.781,22857.143,0,1,1,0
2981,8913407,0,28.828,975.882,76.830,22783.908,1,1,1,0
2982,8916397,0,28.823,975.899,76.829,22735.346,2,1,1,0
2983,8919387,0,28.820,975.878,76.786,22735.346,3,1,1,0
2984,8922377,0,28.835,975.886,76.746,22735.346,4,1,1,0
2985,8925367,0,28.843,975.881,76.804,22783.908,5,1,1,0
2986,8928357,0,28.843,975.879,76.931,22686.990,6,1,1,0
2987,8931347,0,28.858,975.889,77.054,22590.893,7,1,1,0
2988,8934337,0,28.858,975.896,77.181,22590.893,8,1,1,0
2989,8937327,0,28.848,975.885,77.327,22471.910,9,1,1,0
2990,8940317,0,28.828,975.889,77.359,22590.893,0,1,1,0
2991,8943307,0,28.800,975.883,77.227,22686.990,1,1,1,0
2992,8946297,0,28.807,975.889,77.031,22759.602,2,1,1,0
2993,8949287,0,28.823,975.899,76.871,22832.680,3,1,1,0
2994,8952277,0,28.825,975.889,76.787,22711.143,4,1,1,0
2995,8955267,0,28.830,975.871,76.809,22686.990,5,1,1,0
2996,8958257,0,28.845,975.865,76.939,22590.893,6,1,1,0
2997,8961247,0,28.845,975.878,77.108,22590.893,7,1,1,0
2998,8964237,0,28.833,975.866,77.205,22590.893,8,1,1,0
2999,8967227,0,28.820,975.901,77.245,22638.840,9,1,1,0
3000,8970217,0,28.802,975.891,77.114,22735.346,0,1,1,0
3001,8973207,0,28.800,975.892,76.987,22783.908,1,1,1,0
3002,8976197,0,28.785,975.891,76.822,22711.143,2,1,1,0
3003,8979187,0,28.792,975.890,76.633,22930.850,3,1,1,0
3004,8982177,0,28.810,975.900,76.509,22930.850,4,1,1,0
3005,8985167,0,28.810,975.881,76.467,22808.268,5,1,1,0
3006,8988157,0,28.815,975.867,76.538,22881.658,6,1,1,0
3007,8991147,0,28.820,975.874,76.659,22832.680,7,1,1,0
3008,8994137,0,28.795,975.867,76.697,22980.252,8,1,1,0
3009,8997127,0,28.785,975.863,76.589,22930.850,9,1,1,0
3010,9000117,0,28.780,975.857,76.419,23529.412,0,1,1,0
3011,9003107,0,28.782,975.839,76.230,23555.393,1,1,1,0
3012,9006097,0,28.807,975.879,76.185,23620.594,2,1,1,0
3013,9009087,0,28.818,975.867,76.236,23529.412,3,1,1,0
3014,9012077,0,28.805,975.868,76.325,23607.525,4,1,1,0
3015,9015067,0,28.792,975.858,76.316,23542.395,5,1,1,0
3016,9018057,0,28.792,975.867,76.281,23607.525,6,1,1,0
3017,9021047,0,28.790,975.847,76.182,23451.814,7,1,1,0
3018,9024037,0,28.800,975.860,76.113,23542.395,8,1,1,0
3019,9027027,0,28.805,975.873,76.142,23555.393,9,1,1,0
3020,9030017,0,28.802,975.844,76.156,23529.412,0,1,1,0
3021,9033007,0,28.805,975.857,76.185,23542.395,1,1,1,0
3022,9035997,0,28.797,975.860,76.176,23607.525,2,1,1,0
3023,9038987,0,28.807,975.859,76.213,23542.395,3,1,1,0
3024,9041977,0,28.830,975.884,76.266,23464.711,4,1,1,0
3025,9044967,0,28.833,975.886,76.394,23516.443,5,1,1,0
3026,9047957,0,28.833,975.880,76.520,22857.143,6,1,1,0
3027,9050947,0,28.835,975.877,76.634,22881.658,7,1,1,0
3028,9053937,0,28.843,975.904,76.755,22832.680,8,1,1,0
3029,9056927,0,28.848,975.899,76.868,22881.658,9,1,1,0
3030,9059917,0,28.840,975.884,76.980,22808.268,0,1,1,0
3031,9062907,0,28.835,975.891,77.021,22759.602,1,1,1,0
3032,9065897,0,28.835,975.882,77.078,22881.658,2,1,1,0
3033,9068887,0,28.848,975.919,77.158,22759.602,3,1,1,0
3034,9071877,0,28.848,975.901,77.243,22711.143,4,1,1,0
3035,9074867,0,28.850,975.914,77.321,22662.889,5,1,1,0
3036,9077857,0,28.858,975.914,77.442,22614.842,6,1,1,0
3037,9080847,0,28.855,975.948,77.534,22566.996,7,1,1,0
3038,9083837,0,28.853,975.919,77.611,22495.605,8,1,1,0
3039,9086827,0,28.860,975.929,77.662,22401.119,9,1,1,0
3040,9089817,0,28.845,975.935,77.716,22590.893,0,1,1,0
3041,9092807,0,28.850,975.941,77.752,22448.264,1,1,1,0
3042,9095797,0,28.855,975.923,77.831,22401.119,2,1,1,0
3043,9098787,0,28.848,975.915,77.865,22330.775,3,1,1,0
3044,9101777,0,28.845,975.897,77.929,22401.119,4,1,1,0
3045,9104767,0,28.848,975.887,77.972,22260.869,5,1,1,0
3046,9107757,0,28.850,975.894,78.029,22307.424,6,1,1,0
3047,9110747,0,28.843,975.899,78.027,22354.174,7,1,1,0
3048,9113737,0,28.840,975.883,78.048,22354.174,8,1,1,0
3049,9116727,0,28.843,975.899,78.042,22401.119,9,1,1,0
3050,9119717,0,28.833,975.891,78.089,22214.510,0,1,1,0
3051,9122707,0,28.820,975.901,78.052,22424.668,1,1,1,0
3052,9125697,0,28.815,975.890,77.944,22448.264,2,1,1,0
3053,9128687,0,28.820,975.883,77.889,22448.264,3,1,1,0
3054,9131677,0,28.825,975.914,77.840,22448.264,4,1,1,0
3055,9134667,0,28.830,975.902,77.855,22284.123,5,1,1,0
3056,9137657,0,28.828,975.900,77.876,22260.869,6,1,1,0
3057,9140647,0,28.828,975.910,77.876,22638.840,7,1,1,0
3058,9143637,0,28.825,975.898,77.868,22260.869,8,1,1,0
3059,9146627,0,28.830,975.894,77.876,22424.668,9,1,1,0
3060,9149617,0,28.835,975.904,77.927,22260.869,0,1,1,0
3061,9152607,0,28.833,975.902,77.997,22448.264,1,1,1,0
3062,9155597,0,28.835,975.925,78.047,22330.775,2,1,1,0
3063,9158587,0,28.835,975.920,78.090,22168.342,3,1,1,0
3064,9161577,0,28.838,975.922,78.154,22237.666,4,1,1,0
3065,9164567,0,28.825,975.923,78.095,22191.400,5,1,1,0
3066,9167557,0,28.823,975.937,78.080,22377.623,6,1,1,0
3067,9170547,0,28.835,975.934,78.019,22307.424,7,1,1,0
3068,9173537,0,28.823,975.899,78.017,22168.342,8,1,1,0
3069,9176527,0,28.835,975.927,78.061,22307.424,9,1,1,0
3070,9179517,0,28.843,975.919,78.098,22354.174,0,1,1,0
3071,9182507,0,28.840,975.917,78.140,22145.328,1,1,1,0
3072,9185497,0,28.838,975.924,78.190,22237.666,2,1,1,0
3073,9188487,0,28.830,975.903,78.209,22214.510,3,1,1,0
3074,9191477,0,28.845,975.921,78.226,22214.510,4,1,1,0
3075,9194467,0,28.843,975.947,78.268,22145.328,5,1,1,0
3076,9197457,0,28.840,975.942,78.304,22122.365,6,1,1,0
3077,9200447,0,28.802,975.950,78.240,22214.510,7,1,1,0
3078,9203437,0,28.810,975.938,78.099,22330.775,8,1,1,0
3079,9206427,0,28.813,975.938,77.979,22330.775,9,1,1,0
3080,9209417,0,28.825,975.925,77.889,22307.424,0,1,1,0
3081,9212407,0,28.838,975.922,77.856,22260.869,1,1,1,0
3082,9215397,0,28.835,975.911,77.934,22168.342,2,1,1,0
3083,9218387,0,28.848,975.919,78.028,22145.328,3,1,1,0
3084,9221377,0,28.835,975.913,78.097,22214.510,4,1,1,0
3085,9224367,0,28.840,975.909,78.126,22260.869,5,1,1,0
3086,9227357,0,28.860,975.954,78.172,22214.510,6,1,1,0
3087,9230347,0,28.868,975.960,78.280,22191.400,7,1,1,0
3088,9233337,0,28.875,975.951,78.374,22076.578,8,1,1,0
3089,9236327,0,28.873,975.939,78.444,22076.578,9,1,1,0
3090,9239317,0,28.868,975.944,78.507,22122.365,0,1,1,0
3091,9242307,0,28.863,975.950,78.542,22099.447,1,1,1,0
3092,9245297,0,28.860,975.938,78.556,22008.254,2,1,1,0
3093,9248287,0,28.848,975.912,78.553,22030.980,3,1,1,0
3094,9251277,0,28.767,975.921,78.368,22214.510,4,1,1,0
3095,9254267,0,28.704,975.934,77.719,22543.148,5,1,1,0
3096,9257257,0,28.679,975.929,76.648,23464.711,6,1,1,0
3097,9260247,0,28.657,975.954,75.526,23765.318,7,1,1,0
3098,9263237,0,28.632,975.963,74.479,24128.182,8,1,1,0
3099,9266227,0,28.626,975.976,73.495,24404.195,9,1,1,0
3100,9269217,0,28.624,975.959,72.565,24715.195,0,1,1,0
3101,9272207,0,28.616,975.957,71.734,24990.238,1,1,1,0
3102,9275197,0,28.614,975.926,70.976,25226.646,2,1,1,0
3103,9278187,0,28.609,975.926,70.296,25513.256,3,1,1,0
3104,9281177,0,28.604,975.909,69.624,25574.426,4,1,1,0
3105,9284167,0,28.609,975.919,69.004,25853.363,5,1,1,0
3106,9287157,0,28.611,975.921,68.399,26074.557,6,1,1,0
3107,9290147,0,28.611,975.915,67.869,26429.898,7,1,1,0
3108,9293137,0,28.611,975.948,67.375,26512.014,8,1,1,0
3109,9296127,0,28.614,975.933,66.895,26761.447,9,1,1,0
3110,9299117,0,28.616,975.930,66.451,26896.406,0,1,1,0
3111,9302107,0,28.614,975.914,66.040,27049.873,1,1,1,0
3112,9305097,0,28.621,975.936,65.624,27170.451,2,1,1,0
3113,9308087,0,28.619,975.905,65.242,27344.584,3,1,1,0
3114,9311077,0,28.624,975.873,64.928,27627.887,4,1,1,0
3115,9314067,0,28.624,975.882,64.587,27556.512,5,1,1,0
3116,9317057,0,28.634,975.911,64.262,27953.701,6,1,1,0
3117,9320047,0,28.634,975.919,63.955,27826.088,7,1,1,0
3118,9323037,0,28.637,975.870,63.676,27990.379,8,1,1,0
3119,9326027,0,28.637,975.867,63.377,28231.143,9,1,1,0
3120,9329017,0,28.649,975.868,63.107,28343.666,0,1,1,0
3121,9332007,0,28.649,975.873,62.868,28609.746,1,1,1,0
3122,9334997,0,28.664,975.872,62.606,28764.045,2,1,1,0
3123,9337987,0,28.657,975.865,62.360,28667.414,3,1,1,0
3124,9340977,0,28.669,975.874,62.131,28783.449,4,1,1,0
3125,9343967,0,28.672,975.873,61.894,28861.330,5,1,1,0
3126,9346957,0,28.682,975.883,61.684,29018.363,6,1,1,0
3127,9349947,0,28.672,975.853,61.472,29077.691,7,1,1,0
3128,9352937,0,28.684,975.856,61.263,29357.799,8,1,1,0
3129,9355927,0,28.692,975.858,61.067,29257.143,9,1,1,0
3130,9358917,0,28.692,975.865,60.844,29561.201,0,1,1,0
3131,9361907,0,28.699,975.861,60.662,29663.963,1,1,1,0
3132,9364897,0,28.704,975.891,60.499,29829.877,2,1,1,0
3133,9367887,0,28.707,975.857,60.335,29788.225,3,1,1,0
3134,9370877,0,28.712,975.858,60.166,29829.877,4,1,1,0
3135,9373867,0,28.722,975.860,60.017,29850.746,5,1,1,0
3136,9376857,0,28.722,975.862,59.847,30039.896,6,1,1,0
3137,9379847,0,28.732,975.861,59.686,30082.256,7,1,1,0
3138,9382837,0,28.735,975.870,59.543,30317.385,8,1,1,0
3139,9385827,0,28.742,975.885,59.381,30295.857,9,1,1,0
3140,9388817,0,28.742,975.869,59.218,30403.801,0,1,1,0
3141,9391807,0,28.750,975.876,59.102,30468.936,1,1,1,0
3142,9394797,0,28.752,975.861,58.946,30425.480,2,1,1,0
3143,9397787,0,28.757,975.866,58.778,30622.010,3,1,1,0
3144,9400777,0,28.765,975.865,58.688,30578.117,4,1,1,0
3145,9403767,0,28.770,975.862,58.546,30688.084,5,1,1,0
3146,9406757,0,28.772,975.848,58.443,30732.293,6,1,1,0
3147,9409747,0,28.782,975.845,58.308,30977.734,7,1,1,0
3148,9412737,0,28.775,975.828,58.178,30910.408,8,1,1,0
3149,9415727,0,28.785,975.845,58.056,31000.242,9,1,1,0
3150,9418717,0,28.790,975.829,57.953,31135.977,0,1,1,0
3151,9421707,0,28.800,975.862,57.864,31067.961,1,1,1,0
3152,9424697,0,28.800,975.864,57.761,31158.715,2,1,1,0
3153,9427687,0,28.805,975.861,57.639,31318.816,3,1,1,0
3154,9430677,0,28.815,975.861,57.531,31364.861,4,1,1,0
3155,9433667,0,28.815,975.832,57.440,31457.361,5,1,1,0
3156,9436657,0,28.828,975.864,57.358,31411.043,6,1,1,0
3157,9439647,0,28.830,975.850,57.262,31550.406,7,1,1,0
3158,9442637,0,28.833,975.828,57.146,31434.186,8,1,1,0
3159,9445627,0,28.838,975.859,57.076,31714.568,9,1,1,0
3160,9448617,0,28.843,975.834,56.993,31738.160,0,1,1,0
3161,9451607,0,28.845,975.811,56.910,31550.406,1,1,1,0
3162,9454597,0,28.850,975.819,56.827,31809.145,2,1,1,0
3163,9457587,0,28.860,975.805,56.751,31832.877,3,1,1,0
3164,9460577,0,28.868,975.804,56.682,31904.287,4,1,1,0
3165,9463567,0,28.865,975.811,56.578,31928.162,5,1,1,0
3166,9466557,0,28.868,975.820,56.547,32120.451,6,1,1,0
3167,9469547,0,28.875,975.811,56.477,32120.451,7,1,1,0
3168,9472537,0,28.878,975.822,56.400,32217.469,8,1,1,0
3169,9475527,0,28.885,975.821,56.312,32241.814,9,1,1,0
3170,9478517,0,28.895,975.825,56.243,32241.814,0,1,1,0
3171,9481507,0,28.903,975.817,56.180,32339.566,1,1,1,0
3172,9484497,0,28.908,975.819,56.135,32266.195,2,1,1,0
3173,9487487,0,28.906,975.828,56.045,32290.615,3,1,1,0
3174,9490477,0,28.911,975.826,56.001,32512.064,4,1,1,0
3175,9493467,0,28.908,975.799,55.924,32561.689,5,1,1,0
3176,9496457,0,28.916,975.830,55.874,32611.465,6,1,1,0
3177,9499447,0,28.916,975.825,55.816,32761.709,7,1,1,0
3178,9502437,0,28.918,975.821,55.746,32561.689,8,1,1,0
3179,9505427,0,28.923,975.859,55.677,32561.689,9,1,1,0
3180,9508417,0,28.931,975.831,55.646,32913.344,0,1,1,0
3181,9511407,0,28.933,975.830,55.576,32812.098,1,1,1,0
3182,9514397,0,28.936,975.821,55.519,32812.098,2,1,1,0
3183,9517387,0,28.938,975.825,55.461,32913.344,3,1,1,0
3184,9520377,0,28.948,975.832,55.437,32964.203,4,1,1,0
3185,9523367,0,28.948,975.831,55.380,33015.219,5,1,1,0
3186,9526357,0,28.953,975.836,55.304,32913.344,6,1,1,0
3187,9529347,0,28.956,975.840,55.253,33117.723,7,1,1,0
3188,9532337,0,28.951,975.811,55.195,33169.215,8,1,1,0
3189,9535327,0,28.973,975.830,55.166,33015.219,9,1,1,0
3190,9538317,0,28.966,975.807,55.133,33220.867,0,1,1,0
3191,9541307,0,28.968,975.810,55.076,33246.754,1,1,1,0
3192,9544297,0,28.978,975.811,55.059,33324.656,2,1,1,0
3193,9547287,0,28.978,975.811,54.995,33272.680,3,1,1,0
3194,9550277,0,28.976,975.793,54.975,33534.188,4,1,1,0
3195,9553267,0,28.983,975.795,54.913,33350.703,5,1,1,0
3196,9556257,0,28.986,975.788,54.881,33429.094,6,1,1,0
3197,9559247,0,28.996,975.816,54.825,33376.793,7,1,1,0
3198,9562237,0,28.996,975.784,54.800,33773.086,8,1,1,0
3199,9565227,0,28.996,975.785,54.749,33481.559,9,1,1,0
3200,9568217,0,29.004,975.775,54.712,33693.078,0,1,1,0
3201,9571207,0,29.006,975.759,54.668,33693.078,1,1,1,0
3202,9574197,0,29.006,975.784,54.642,33560.566,2,1,1,0
3203,9577187,0,29.014,975.783,54.599,33693.078,3,1,1,0
3204,9580177,0,29.016,975.803,54.555,33666.492,4,1,1,0
3205,9583167,0,29.016,975.767,54.523,33799.840,5,1,1,0
3206,9586157,0,29.021,975.802,54.498,33880.359,6,1,1,0
3207,9589147,0,29.019,975.780,54.453,34042.555,7,1,1,0
3208,9592137,0,29.026,975.780,54.423,33853.477,8,1,1,0
3209,9595127,0,29.026,975.764,54.384,33799.840,9,1,1,0
3210,9598117,0,29.031,975.781,54.334,33934.254,0,1,1,0
3211,9601107,0,29.036,975.808,54.329,33988.316,1,1,1,0
3212,9604097,0,29.034,975.770,54.297,33961.262,2,1,1,0
3213,9607087,0,29.044,975.781,54.260,34288.777,3,1,1,0
3214,9610077,0,29.046,975.771,54.241,34096.965,4,1,1,0
3215,9613067,0,29.044,975.749,54.222,34124.234,5,1,1,0
3216,9616057,0,29.044,975.762,54.215,34096.965,6,1,1,0
3217,9619047,0,29.054,975.761,54.172,34206.309,7,1,1,0
3218,9622037,0,29.054,975.764,54.172,34233.754,8,1,1,0
3219,9625027,0,29.054,975.766,54.134,34233.754,9,1,1,0
3220,9628017,0,29.069,975.781,54.105,34233.754,0,1,1,0
3221,9631007,0,29.064,975.763,54.085,34261.242,1,1,1,0
3222,9633997,0,29.059,975.757,54.078,34151.547,2,1,1,0
3223,9636987,0,29.066,975.792,54.022,34510.648,3,1,1,0
3224,9639977,0,29.066,975.781,54.028,34594.594,4,1,1,0
3225,9642967,0,29.071,975.782,54.016,34454.914,5,1,1,0
3226,9645957,0,29.074,975.757,53.991,34206.309,6,1,1,0
3227,9648947,0,29.074,975.764,53.934,34566.566,7,1,1,0
3228,9651937,0,29.079,975.769,53.903,34566.566,8,1,1,0
3229,9654927,0,29.076,975.744,53.833,34566.566,9,1,1,0
3230,9657917,0,29.082,975.771,53.732,34678.949,0,1,1,0
3231,9660907,0,29.079,975.769,53.605,34877.383,1,1,1,0
3232,9663897,0,29.089,975.772,53.468,34622.668,2,1,1,0
3233,9666887,0,29.089,975.763,53.354,34678.949,3,1,1,0
3234,9669877,0,29.092,975.749,53.323,34678.949,4,1,1,0
3235,9672867,0,29.092,975.770,53.266,34792.062,5,1,1,0
3236,9675857,0,29.087,975.759,53.114,34848.898,6,1,1,0
3237,9678847,0,29.079,975.752,52.948,34905.918,7,1,1,0
3238,9681837,0,29.082,975.746,52.835,35135.879,8,1,1,0
3239,9684827,0,29.076,975.750,52.696,35049.289,9,1,1,0
3240,9687817,0,29.079,975.748,52.583,35457.062,0,1,1,0
3241,9690807,0,29.079,975.752,52.426,35135.879,1,1,1,0
3242,9693797,0,29.079,975.732,52.350,35135.879,2,1,1,0
3243,9696787,0,29.076,975.741,52.193,35368.887,3,1,1,0
3244,9699777,0,29.074,975.749,52.073,35164.836,4,1,1,0
3245,9702767,0,29.066,975.744,51.940,35398.230,5,1,1,0
3246,9705757,0,29.066,975.733,51.777,35724.254,6,1,1,0
3247,9708747,0,29.056,975.732,51.669,35724.254,7,1,1,0
3248,9711737,0,29.056,975.732,51.488,35634.742,8,1,1,0
3249,9714727,0,29.046,975.724,51.355,35844.301,9,1,1,0
3250,9717717,0,29.049,975.721,51.237,35754.191,0,1,1,0
3251,9720707,0,29.046,975.733,51.161,36209.336,1,1,1,0
3252,9723697,0,29.039,975.735,51.054,36056.340,2,1,1,0
3253,9726687,0,29.029,975.723,50.947,36025.895,3,1,1,0
3254,9729677,0,29.031,975.720,50.903,36025.895,4,1,1,0
3255,9732667,0,29.024,975.712,50.815,36332.672,5,1,1,0
3256,9735657,0,29.016,975.731,50.758,36178.633,6,1,1,0
3257,9738647,0,29.006,975.716,50.657,36581.879,7,1,1,0
3258,9741637,0,29.009,975.733,50.589,36332.672,8,1,1,0
3259,9744627,0,28.988,975.726,50.517,36550.543,9,1,1,0
3260,9747617,0,28.983,975.718,50.504,36613.273,0,1,1,0
3261,9750607,0,28.986,975.713,50.480,36519.258,1,1,1,0
3262,9753597,0,28.973,975.718,50.453,36676.219,2,1,1,0
3263,9756587,0,28.976,975.721,50.398,36550.543,3,1,1,0
3264,9759577,0,28.961,975.720,50.358,36676.219,4,1,1,0
3265,9762567,0,28.956,975.700,50.314,36676.219,5,1,1,0
3266,9765557,0,28.946,975.725,50.275,37090.699,6,1,1,0
3267,9768547,0,28.943,975.717,50.213,37155.297,7,1,1,0
3268,9771537,0,28.931,975.722,50.193,37026.324,8,1,1,0
3269,9774527,0,28.923,975.727,50.123,36771.043,9,1,1,0
3270,9777517,0,28.913,975.717,50.116,36771.043,0,1,1,0
3271,9780507,0,28.911,975.729,50.041,37155.297,1,1,1,0
3272,9783497,0,28.908,975.744,50.084,36962.172,2,1,1,0
3273,9786487,0,28.898,975.727,50.083,37220.121,3,1,1,0
3274,9789477,0,28.895,975.718,50.064,37155.297,4,1,1,0
3275,9792467,0,28.885,975.721,50.013,37580.738,5,1,1,0
3276,9795457,0,28.878,975.715,50.018,37187.680,6,1,1,0
3277,9798447,0,28.875,975.731,49.980,37252.621,7,1,1,0
3278,9801437,0,28.863,975.735,49.985,37383.176,8,1,1,0
3279,9804427,0,28.853,975.729,49.965,37415.961,9,1,1,0
3280,9807417,0,28.845,975.732,49.939,37514.652,0,1,1,0
3281,9810407,0,28.838,975.734,49.932,37647.059,1,1,1,0
3282,9813397,0,28.838,975.730,50.006,37514.652,2,1,1,0
3283,9816387,0,28.830,975.731,50.005,37713.613,3,1,1,0
3284,9819377,0,28.825,975.729,49.986,37713.613,4,1,1,0
3285,9822367,0,28.818,975.732,50.010,37746.977,5,1,1,0
3286,9825357,0,28.813,975.723,49.984,37680.305,6,1,1,0
3287,9828347,0,28.800,975.722,49.977,37746.977,7,1,1,0
3288,9831337,0,28.795,975.727,49.970,37881.031,8,1,1,0
3289,9834327,0,28.792,975.718,49.957,37847.426,9,1,1,0
3290,9837317,0,28.785,975.710,49.975,37914.691,0,1,1,0
3291,9840307,0,28.775,975.713,49.992,37914.691,1,1,1,0
3292,9843297,0,28.767,975.693,49.997,38016.039,2,1,1,0
3293,9846287,0,28.760,975.682,49.946,38083.902,3,1,1,0
3294,9849277,0,28.755,975.681,49.915,37914.691,4,1,1,0
3295,9852267,0,28.750,975.670,49.896,38083.902,5,1,1,0
3296,9855257,0,28.735,975.664,49.863,38016.039,6,1,1,0
3297,9858247,0,28.732,975.682,49.868,38152.012,7,1,1,0
3298,9861237,0,28.722,975.663,49.861,38220.363,8,1,1,0
3299,9864227,0,28.714,975.648,49.847,38117.926,9,1,1,0
3300,9867217,0,28.712,975.648,49.829,38288.961,0,1,1,0
3301,9870207,0,28.704,975.667,49.809,38323.352,1,1,1,0
3302,9873197,0,28.694,975.640,49.808,38083.902,2,1,1,0
3303,9876187,0,28.692,975.625,49.783,38152.012,3,1,1,0
3304,9879177,0,28.687,975.643,49.788,38288.961,4,1,1,0
3305,9882167,0,28.682,975.641,49.843,38496.242,5,1,1,0
3306,9885157,0,28.674,975.619,49.842,38426.898,6,1,1,0
3307,9888147,0,28.667,975.614,49.878,38496.242,7,1,1,0
3308,9891137,0,28.664,975.620,49.890,38461.539,8,1,1,0
3309,9894127,0,28.662,975.634,49.903,38288.961,9,1,1,0
3310,9897117,0,28.647,975.588,49.938,38776.129,0,1,1,0
3311,9900107,0,28.654,975.632,49.939,38740.922,1,1,1,0
3312,9903097,0,28.647,975.633,49.950,38670.695,2,1,1,0
3313,9906087,0,28.634,975.598,49.967,38740.922,3,1,1,0
3314,9909077,0,28.644,975.629,49.987,38426.898,4,1,1,0
3315,9912067,0,28.629,975.603,49.973,38600.723,5,1,1,0
3316,9915057,0,28.632,975.621,50.010,38917.605,6,1,1,0
3317,9918047,0,28.626,975.617,50.003,38670.695,7,1,1,0
3318,9921037,0,28.629,975.625,50.010,38600.723,8,1,1,0
3319,9924027,0,28.624,975.630,50.046,38705.777,9,1,1,0
3320,9927017,0,28.619,975.640,50.033,38705.777,0,1,1,0
3321,9930007,0,28.614,975.629,50.051,38988.730,1,1,1,0
3322,9932997,0,28.614,975.645,50.033,38846.738,2,1,1,0
3323,9935987,0,28.611,975.634,50.057,38811.402,3,1,1,0
3324,9938977,0,28.611,975.627,50.057,38811.402,4,1,1,0
3325,9941967,0,28.609,975.623,50.094,38988.730,5,1,1,0
3326,9944957,0,28.601,975.617,50.043,38988.730,6,1,1,0
3327,9947947,0,28.601,975.590,50.025,38988.730,7,1,1,0
3328,9950937,0,28.601,975.590,50.031,39060.117,8,1,1,0
3329,9953927,0,28.589,975.593,49.986,39239.730,9,1,1,0
3330,9956917,0,28.586,975.596,49.979,38846.738,0,1,1,0
3331,9959907,0,28.589,975.606,49.967,38988.730,1,1,1,0
3332,9962897,0,28.581,975.607,49.892,39024.391,2,1,1,0
3333,9965887,0,28.574,975.596,49.835,39275.852,3,1,1,0
3334,9968877,0,28.569,975.601,49.822,39131.766,4,1,1,0
3335,9971867,0,28.564,975.595,49.778,39275.852,5,1,1,0
3336,9974857,0,28.556,975.609,49.752,39239.730,6,1,1,0
3337,9977847,0,28.561,975.636,49.772,39312.039,7,1,1,0
3338,9980837,0,28.556,975.600,49.758,39493.984,8,1,1,0
3339,9983827,0,28.546,975.553,49.770,39384.617,9,1,1,0
3340,9986817,0,28.546,975.574,49.801,39457.461,0,1,1,0
3341,9989807,0,28.551,975.582,49.820,39493.984,1,1,1,0
3342,9992797,0,28.551,975.617,49.801,39384.617,2,1,1,0
3343,9995787,0,28.551,975.610,49.894,39567.234,3,1,1,0
3344,9998777,0,28.551,975.591,49.938,39384.617,4,1,1,0
3345,10001767,0,28.549,975.605,49.987,39493.984,5,1,1,0
3346,10004757,0,28.549,975.599,49.999,39530.574,6,1,1,0
3347,10007747,0,28.546,975.601,50.061,39239.730,7,1,1,0
3348,10010737,0,28.549,975.632,50.080,39640.754,8,1,1,0
3349,10013727,0,28.554,975.609,50.130,39457.461,9,1,1,0
3350,10016717,0,28.541,975.576,50.153,39567.234,0,1,1,0
3351,10019707,0,28.549,975.585,50.148,39640.754,1,1,1,0
3352,10022697,0,28.546,975.581,50.173,39457.461,2,1,1,0
3353,10025687,0,28.556,975.605,50.211,39530.574,3,1,1,0
3354,10028677,0,28.546,975.579,50.216,39603.961,4,1,1,0
3355,10031667,0,28.559,975.616,50.237,39530.574,5,1,1,0
3356,10034657,0,28.556,975.594,50.242,39493.984,6,1,1,0
3357,10037647,0,28.554,975.587,50.242,39348.293,7,1,1,0
3358,10040637,0,28.556,975.611,50.261,39677.621,8,1,1,0
3359,10043627,0,28.561,975.598,50.262,39714.551,9,1,1,0
3360,10046617,0,28.559,975.596,50.268,39751.555,0,1,1,0
3361,10049607,0,28.561,975.607,50.237,39640.754,1,1,1,0
3362,10052597,0,28.559,975.579,50.249,39677.621,2,1,1,0
3363,10055587,0,28.564,975.611,50.225,39714.551,3,1,1,0
3364,10058577,0,28.561,975.595,50.218,39825.762,4,1,1,0
3365,10061567,0,28.571,975.619,50.238,39603.961,5,1,1,0
3366,10064557,0,28.569,975.611,50.225,39640.754,6,1,1,0
3367,10067547,0,28.564,975.613,50.231,39714.551,7,1,1,0
3368,10070537,0,28.579,975.632,50.202,39677.621,8,1,1,0
3369,10073527,0,28.571,975.635,50.201,39937.598,9,1,1,0
3370,10076517,0,28.579,975.646,50.202,39788.621,0,1,1,0
3371,10079507,0,28.576,975.619,50.158,40012.504,1,1,1,0
3372,10082497,0,28.576,975.614,50.108,39900.250,2,1,1,0
3373,10085487,0,28.584,975.611,50.066,39493.984,3,1,1,0
3374,10088477,0,28.584,975.623,50.016,39788.621,4,1,1,0
3375,10091467,0,28.584,975.616,50.023,39975.016,5,1,1,0
3376,10094457,0,28.596,975.628,49.968,39937.598,6,1,1,0
3377,10097447,0,28.591,975.608,49.930,40087.691,7,1,1,0
3378,10100437,0,28.596,975.620,49.906,40087.691,8,1,1,0
3379,10103427,0,28.601,975.623,49.882,40050.062,9,1,1,0
3380,10106417,0,28.601,975.615,49.795,40125.391,0,1,1,0
3381,10109407,0,28.601,975.603,49.771,40276.902,1,1,1,0
3382,10112397,0,28.606,975.614,49.746,40012.504,2,1,1,0
3383,10115387,0,28.604,975.610,49.746,40238.918,3,1,1,0
3384,10118377,0,28.606,975.610,49.759,40012.504,4,1,1,0
3385,10121367,0,28.611,975.609,49.784,40276.902,5,1,1,0
3386,10124357,0,28.616,975.593,49.748,40238.918,6,1,1,0
3387,10127347,0,28.614,975.582,49.735,40238.918,7,1,1,0
3388,10130337,0,28.616,975.593,49.729,40314.961,8,1,1,0
3389,10133327,0,28.624,975.596,49.749,40238.918,9,1,1,0
3390,10136317,0,28.624,975.603,49.761,40125.391,0,1,1,0
3391,10139307,0,28.626,975.589,49.799,40314.961,1,1,1,0
3392,10142297,0,28.634,975.605,49.787,40391.289,2,1,1,0
3393,10145287,0,28.632,975.566,49.787,40353.090,3,1,1,0
3394,10148277,0,28.629,975.574,49.774,40429.562,4,1,1,0
3395,10151267,0,28.642,975.595,49.751,40314.961,5,1,1,0
3396,10154257,0,28.634,975.575,49.744,40391.289,6,1,1,0
3397,10157247,0,28.639,975.573,49.695,40429.562,7,1,1,0
3398,10160237,0,28.649,975.583,49.628,40201.004,8,1,1,0
3399,10163227,0,28.657,975.616,49.561,40276.902,9,1,1,0
3400,10166217,0,28.654,975.589,49.474,40391.289,0,1,1,0
3401,10169207,0,28.659,975.598,49.419,40777.316,1,1,1,0
3402,10172197,0,28.662,975.573,49.364,40544.820,2,1,1,0
3403,10175187,0,28.664,975.593,49.321,40699.523,3,1,1,0
3404,10178177,0,28.669,975.590,49.229,40660.738,4,1,1,0
3405,10181167,0,28.672,975.590,49.167,40622.023,5,1,1,0
3406,10184157,0,28.677,975.569,49.112,40738.383,6,1,1,0
3407,10187147,0,28.674,975.568,49.044,40699.523,7,1,1,0
3408,10190137,0,28.674,975.563,49.001,40738.383,8,1,1,0
3409,10193127,0,28.682,975.573,48.928,40933.801,9,1,1,0
3410,10196117,0,28.674,975.558,48.915,40894.570,0,1,1,0
3411,10199107,0,28.682,975.558,48.872,40933.801,1,1,1,0
3412,10202097,0,28.682,975.580,48.835,40855.410,2,1,1,0
3413,10205087,0,28.679,975.547,48.829,40699.523,3,1,1,0
3414,10208077,0,28.689,975.578,48.818,40973.113,4,1,1,0
3415,10211067,0,28.697,975.579,48.825,40855.410,5,1,1,0
3416,10214057,0,28.687,975.546,48.818,40738.383,6,1,1,0
3417,10217047,0,28.697,975.556,48.782,40622.023,7,1,1,0
3418,10220037,0,28.697,975.550,48.831,41012.496,8,1,1,0
3419,10223027,0,28.699,975.558,48.838,40855.410,9,1,1,0
3420,10226017,0,28.699,975.540,48.819,40894.570,0,1,1,0
3421,10229007,0,28.699,975.558,48.825,40933.801,1,1,1,0
3422,10231997,0,28.699,975.533,48.825,41051.957,2,1,1,0
3423,10234987,0,28.699,975.543,48.807,41051.957,3,1,1,0
3424,10237977,0,28.704,975.531,48.752,40973.113,4,1,1,0
3425,10240967,0,28.702,975.536,48.813,40973.113,5,1,1,0
3426,10243957,0,28.702,975.524,48.789,41091.492,6,1,1,0
3427,10246947,0,28.707,975.535,48.771,40855.410,7,1,1,0
3428,10249937,0,28.704,975.533,48.789,41170.793,8,1,1,0
3429,10252927,0,28.707,975.542,48.795,41131.105,9,1,1,0
3430,10255917,0,28.709,975.542,48.783,41290.324,0,1,1,0
3431,10258907,0,28.707,975.538,48.746,41131.105,1,1,1,0
3432,10261897,0,28.709,975.553,48.703,41091.492,2,1,1,0
3433,10264887,0,28.709,975.553,48.660,41330.320,3,1,1,0
3434,10267877,0,28.709,975.553,48.629,41370.395,4,1,1,0
3435,10270867,0,28.712,975.553,48.593,41250.402,5,1,1,0
3436,10273857,0,28.707,975.547,48.500,41612.484,6,1,1,0
3437,10276847,0,28.699,975.518,48.487,41410.547,7,1,1,0
3438,10279837,0,28.704,975.538,48.438,41170.793,8,1,1,0
3439,10282827,0,28.704,975.519,48.420,41370.395,9,1,1,0
3440,10285817,0,28.699,975.531,48.351,41491.086,0,1,1,0
3441,10288807,0,28.702,975.520,48.308,41491.086,1,1,1,0
3442,10291797,0,28.704,975.524,48.278,41571.938,2,1,1,0
3443,10294787,0,28.699,975.511,48.210,41571.938,3,1,1,0
3444,10297777,0,28.702,975.535,48.167,41653.109,4,1,1,0
3445,10300767,0,28.694,975.514,48.092,41571.938,5,1,1,0
3446,10303757,0,28.697,975.525,48.044,41450.777,6,1,1,0
3447,10306747,0,28.694,975.516,48.043,41734.594,7,1,1,0
3448,10309737,0,28.697,975.514,48.031,41571.938,8,1,1,0
3449,10312727,0,28.694,975.514,48.056,41653.109,9,1,1,0
3450,10315717,0,28.692,975.509,48.074,41693.812,0,1,1,0
3451,10318707,0,28.699,975.531,48.050,41775.457,1,1,1,0
3452,10321697,0,28.687,975.523,48.030,41816.398,2,1,1,0
3453,10324687,0,28.692,975.519,48.031,41734.594,3,1,1,0
3454,10327677,0,28.694,975.547,48.074,41857.422,4,1,1,0
3455,10330667,0,28.697,975.566,48.093,41775.457,5,1,1,0
3456,10333657,0,28.687,975.553,48.122,42188.531,6,1,1,0
3457,10336647,0,28.687,975.558,48.134,41939.711,7,1,1,0
3458,10339637,0,28.684,975.558,48.116,41734.594,8,1,1,0
3459,10342627,0,28.694,975.541,48.123,41898.527,9,1,1,0
3460,10345617,0,28.692,975.536,48.092,42063.754,0,1,1,0
3461,10348607,0,28.694,975.557,48.080,41653.109,1,1,1,0
3462,10351597,0,28.689,975.546,48.037,42146.855,2,1,1,0
3463,10354587,0,28.697,975.554,48.031,41816.398,3,1,1,0
3464,10357577,0,28.692,975.546,47.976,41898.527,4,1,1,0
3465,10360567,0,28.689,975.517,47.883,42146.855,5,1,1,0
3466,10363557,0,28.689,975.532,47.822,42022.324,6,1,1,0
3467,10366547,0,28.692,975.537,47.773,42063.754,7,1,1,0
3468,10369537,0,28.687,975.528,47.723,42022.324,8,1,1,0
3469,10372527,0,28.694,975.539,47.718,42022.324,9,1,1,0
3470,10375517,0,28.689,975.509,47.693,42314.051,0,1,1,0
3471,10378507,0,28.692,975.534,47.669,42482.574,1,1,1,0
3472,10381497,0,28.689,975.514,47.614,42398.145,2,1,1,0
3473,10384487,0,28.687,975.517,47.546,42314.051,3,1,1,0
3474,10387477,0,28.697,975.520,47.529,42398.145,4,1,1,0
3475,10390467,0,28.692,975.523,47.522,42188.531,5,1,1,0
3476,10393457,0,28.692,975.519,47.491,42314.051,6,1,1,0
3477,10396447,0,28.697,975.514,47.455,42356.055,7,1,1,0
3478,10399437,0,28.692,975.518,47.479,42482.574,8,1,1,0
3479,10402427,0,28.689,975.525,47.479,42482.574,9,1,1,0
3480,10405417,0,28.692,975.521,47.491,42567.344,0,1,1,0
3481,10408407,0,28.692,975.510,47.510,42567.344,1,1,1,0
3482,10411397,0,28.692,975.502,47.528,42314.051,2,1,1,0
3483,10414387,0,28.687,975.512,47.491,42482.574,3,1,1,0
3484,10417377,0,28.702,975.529,47.529,42652.449,4,1,1,0
3485,10420367,0,28.699,975.515,47.529,42567.344,5,1,1,0
3486,10423357,0,28.702,975.515,47.542,42567.344,6,1,1,0
3487,10426347,0,28.699,975.522,47.517,42609.855,7,1,1,0
3488,10429337,0,28.704,975.506,47.505,42440.316,8,1,1,0
3489,10432327,0,28.709,975.526,47.488,42652.449,9,1,1,0
3490,10435317,0,28.707,975.503,47.499,42737.898,0,1,1,0
3491,10438307,0,28.714,975.505,47.531,42567.344,1,1,1,0
3492,10441297,0,28.707,975.503,47.481,42609.855,2,1,1,0
3493,10444287,0,28.714,975.510,47.500,42737.898,3,1,1,0
3494,10447277,0,28.717,975.518,47.433,42737.898,4,1,1,0
3495,10450267,0,28.714,975.505,47.409,42737.898,5,1,1,0
3496,10453257,0,28.722,975.522,47.416,42823.688,6,1,1,0
3497,10456247,0,28.727,975.508,47.392,42737.898,7,1,1,0
3498,10459237,0,28.722,975.498,47.361,42823.688,8,1,1,0
3499,10462227,0,28.730,975.520,47.325,42823.688,9,1,1,0
3500,10465217,0,28.730,975.501,47.282,42737.898,0,1,1,0
3501,10468207,0,28.730,975.513,47.264,42780.750,1,1,1,0
3502,10471197,0,28.735,975.510,47.277,42909.824,2,1,1,0
3503,10474187,0,28.742,975.523,47.247,42737.898,3,1,1,0
3504,10477177,0,28.732,975.508,47.240,42866.711,4,1,1,0
3505,10480167,0,28.735,975.503,47.240,42823.688,5,1,1,0
3506,10483157,0,28.737,975.499,47.167,42996.305,6,1,1,0
3507,10486147,0,28.745,975.512,47.211,42866.711,7,1,1,0
3508,10489137,0,28.745,975.512,47.156,43345.750,8,1,1,0
3509,10492127,0,28.737,975.510,47.155,42996.305,9,1,1,0
3510,10495117,0,28.750,975.514,47.095,42823.688,0,1,1,0
3511,10498107,0,28.750,975.520,47.107,43083.137,1,1,1,0
3512,10501097,0,28.745,975.532,47.058,43083.137,2,1,1,0
3513,10504087,0,28.747,975.516,47.083,42996.305,3,1,1,0
3514,10507077,0,28.752,975.520,47.114,43170.320,4,1,1,0
3515,10510067,0,28.747,975.491,47.125,42909.824,5,1,1,0
3516,10513057,0,28.752,975.499,47.120,43170.320,6,1,1,0
3517,10516047,0,28.752,975.504,47.059,42866.711,7,1,1,0
3518,10519037,0,28.752,975.509,47.016,43301.758,8,1,1,0
3519,10522027,0,28.760,975.506,47.054,43214.043,9,1,1,0
3520,10525017,0,28.757,975.488,47.072,42953.020,0,1,1,0
3521,10528007,0,28.765,975.521,47.122,43126.684,1,1,1,0
3522,10530997,0,28.757,975.513,47.169,43170.320,2,1,1,0
3523,10533987,0,28.760,975.499,47.194,43170.320,3,1,1,0
3524,10536977,0,28.765,975.512,47.244,43214.043,4,1,1,0
3525,10539967,0,28.765,975.501,47.195,43170.320,5,1,1,0
3526,10542957,0,28.760,975.501,47.158,43170.320,6,1,1,0
3527,10545947,0,28.762,975.505,47.158,43170.320,7,1,1,0
3528,10548937,0,28.755,975.472,47.139,43345.750,8,1,1,0
3529,10551927,0,28.762,975.481,47.109,43083.137,9,1,1,0
3530,10554917,0,28.762,975.481,47.085,43083.137,0,1,1,0
3531,10557907,0,28.757,975.488,47.029,43345.750,1,1,1,0
3532,10560897,0,28.760,975.504,46.993,43389.832,2,1,1,0
3533,10563887,0,28.757,975.472,46.931,43434.000,3,1,1,0
3534,10566877,0,28.760,975.476,46.895,43389.832,4,1,1,0
3535,10569867,0,28.755,975.490,46.876,43345.750,5,1,1,0
3536,10572857,0,28.760,975.477,46.883,43434.000,6,1,1,0
3537,10575847,0,28.765,975.498,46.908,43257.855,7,1,1,0
3538,10578837,0,28.767,975.489,46.902,43301.758,8,1,1,0
3539,10581827,0,28.767,975.500,46.927,43522.613,9,1,1,0
3540,10584817,0,28.772,975.487,47.037,43345.750,0,1,1,0
3541,10587807,0,28.772,975.489,47.037,43389.832,1,1,1,0
3542,10590797,0,28.767,975.448,47.110,43170.320,2,1,1,0
3543,10593787,0,28.775,975.491,47.111,43567.051,3,1,1,0
3544,10596777,0,28.775,975.461,47.159,43478.262,4,1,1,0
3545,10599767,0,28.775,975.452,47.153,43567.051,5,1,1,0
3546,10602757,0,28.772,975.453,47.147,43700.922,6,1,1,0
3547,10605747,0,28.777,975.455,47.154,43567.051,7,1,1,0
3548,10608737,0,28.777,975.452,47.154,43522.613,8,1,1,0
3549,10611727,0,28.775,975.453,47.098,43656.207,9,1,1,0
3550,10614717,0,28.772,975.448,47.086,43522.613,0,1,1,0
3551,10617707,0,28.772,975.443,47.074,43478.262,1,1,1,0
3552,10620697,0,28.780,975.441,47.038,43611.586,2,1,1,0
3553,10623687,0,28.777,975.428,46.970,43700.922,3,1,1,0
3554,10626677,0,28.780,975.413,46.977,43522.613,4,1,1,0
3555,10629667,0,28.785,975.436,46.935,43790.625,5,1,1,0
3556,10632657,0,28.775,975.430,46.909,43745.727,6,1,1,0
3557,10635647,0,28.782,975.436,46.916,43790.625,7,1,1,0
3558,10638637,0,28.777,975.421,46.879,43611.586,8,1,1,0
3559,10641627,0,28.777,975.430,46.873,43790.625,9,1,1,0
3560,10644617,0,28.780,975.436,46.824,43522.613,0,1,1,0
3561,10647607,0,28.780,975.425,46.806,43656.207,1,1,1,0
3562,10650597,0,28.785,975.425,46.746,43880.699,2,1,1,0
3563,10653587,0,28.780,975.446,46.776,43611.586,3,1,1,0
3564,10656577,0,28.787,975.418,46.770,44016.508,4,1,1,0
3565,10659567,0,28.782,975.416,46.697,44107.512,5,1,1,0
3566,10662557,0,28.782,975.415,46.672,43835.617,6,1,1,0
3567,10665547,0,28.787,975.426,46.642,44336.684,7,1,1,0
3568,10668537,0,28.800,975.425,46.528,44061.961,8,1,1,0
3569,10671527,0,28.792,975.426,46.564,43925.875,9,1,1,0
3570,10674517,0,28.795,975.405,46.570,43971.145,0,1,1,0
3571,10677507,0,28.800,975.457,46.626,43971.145,1,1,1,0
3572,10680497,0,28.795,975.406,46.643,44016.508,2,1,1,0
3573,10683487,0,28.797,975.396,46.692,43835.617,3,1,1,0
3574,10686477,0,28.802,975.425,46.675,43790.625,4,1,1,0
3575,10689467,0,28.805,975.405,46.620,43790.625,5,1,1,0
3576,10692457,0,28.802,975.393,46.614,44521.738,6,1,1,0
3577,10695447,0,28.807,975.407,46.554,44244.730,7,1,1,0
3578,10698437,0,28.805,975.416,46.499,44107.512,8,1,1,0
3579,10701427,0,28.805,975.402,46.517,44061.961,9,1,1,0
3580,10704417,0,28.813,975.400,46.530,44061.961,0,1,1,0
3581,10707407,0,28.810,975.400,46.524,44153.156,1,1,1,0
3582,10710397,0,28.810,975.395,46.554,44198.895,2,1,1,0
3583,10713387,0,28.800,975.398,46.553,44153.156,3,1,1,0
3584,10716377,0,28.805,975.389,46.578,44153.156,4,1,1,0
3585,10719367,0,28.807,975.389,46.529,44198.895,5,1,1,0
3586,10722357,0,28.807,975.396,46.541,44198.895,6,1,1,0
3587,10725347,0,28.802,975.401,46.559,44429.020,7,1,1,0
3588,10728337,0,28.805,975.375,46.596,44107.512,8,1,1,0
3589,10731327,0,28.802,975.394,46.590,44382.801,9,1,1,0
3590,10734317,0,28.797,975.390,46.619,44290.656,0,1,1,0
3591,10737307,0,28.807,975.404,46.584,44244.730,1,1,1,0
3592,10740297,0,28.805,975.402,46.578,44198.895,2,1,1,0
3593,10743287,0,28.805,975.414,46.584,44244.730,3,1,1,0
3594,10746277,0,28.802,975.409,46.590,44198.895,4,1,1,0
3595,10749267,0,28.807,975.409,46.560,44290.656,5,1,1,0
3596,10752257,0,28.805,975.405,46.584,44290.656,6,1,1,0
3597,10755247,0,28.805,975.423,46.566,44244.730,7,1,1,0
3598,10758237,0,28.802,975.401,46.547,44429.020,8,1,1,0
3599,10761227,0,28.800,975.416,46.589,44336.684,9,1,1,0
3600,10764217,0,28.807,975.425,46.541,44429.020,0,1,1,0
3601,10767207,0,28.805,975.413,46.535,44382.801,1,1,1,0
3602,10770197,0,28.805,975.432,46.529,44521.738,2,1,1,0
3603,10773187,0,28.805,975.414,46.590,44382.801,3,1,1,0
3604,10776177,0,28.800,975.419,46.614,44336.684,4,1,1,0
3605,10779167,0,28.805,975.414,46.620,44708.348,5,1,1,0
3606,10782157,0,28.805,975.423,46.614,44244.730,6,1,1,0
3607,10785147,0,28.807,975.427,46.669,44429.020,7,1,1,0
3608,10788137,0,28.807,975.427,46.682,44336.684,8,1,1,0
3609,10791127,0,28.805,975.418,46.687,44382.801,9,1,1,0
3610,10794117,0,28.800,975.416,46.675,44475.332,0,1,1,0
3611,10797107,0,28.805,975.429,46.657,44708.348,1,1,1,0
3612,10800097,0,28.797,975.426,46.613,44708.348,2,1,1,0
3613,10803087,0,28.797,975.432,46.601,44521.738,3,1,1,0
3614,10806077,0,28.797,975.423,46.528,44521.738,4,1,1,0
3615,10809067,0,28.792,975.437,46.479,44849.336,5,1,1,0
3616,10812057,0,28.795,975.442,46.491,44568.246,6,1,1,0
3617,10815047,0,28.797,975.419,46.473,44614.848,7,1,1,0
3618,10818037,0,28.797,975.441,46.479,44661.551,8,1,1,0
3619,10821027,0,28.797,975.439,46.461,44429.020,9,1,1,0
3620,10824017,0,28.787,975.426,46.442,44429.020,0,1,1,0
3621,10827007,0,28.795,975.415,46.455,44991.211,1,1,1,0
3622,10829997,0,28.792,975.442,46.467,44802.238,2,1,1,0
3623,10832987,0,28.790,975.429,46.454,44429.020,3,1,1,0
3624,10835977,0,28.787,975.431,46.466,44614.848,4,1,1,0
3625,10838967,0,28.785,975.418,46.490,44568.246,5,1,1,0
3626,10841957,0,28.787,975.436,46.460,44849.336,6,1,1,0
3627,10844947,0,28.785,975.434,46.514,44708.348,7,1,1,0
3628,10847937,0,28.782,975.429,46.508,44755.246,8,1,1,0
3629,10850927,0,28.777,975.430,46.477,44802.238,9,1,1,0
3630,10853917,0,28.777,975.455,46.550,44849.336,0,1,1,0
3631,10856907,0,28.782,975.418,46.514,44802.238,1,1,1,0
3632,10859897,0,28.780,975.425,46.514,44802.238,2,1,1,0
3633,10862887,0,28.787,975.420,46.490,44661.551,3,1,1,0
3634,10865877,0,28.780,975.425,46.495,44991.211,4,1,1,0
3635,10868867,0,28.780,975.429,46.465,44802.238,5,1,1,0
3636,10871857,0,28.780,975.463,46.489,44802.238,6,1,1,0
3637,10874847,0,28.785,975.476,46.441,45038.707,7,1,1,0
3638,10877837,0,28.790,975.456,46.411,45325.777,8,1,1,0
3639,10880827,0,28.782,975.415,46.344,45133.992,9,1,1,0
3640,10883817,0,28.782,975.413,46.356,45133.992,0,1,1,0
3641,10886807,0,28.787,975.433,46.369,44991.211,1,1,1,0
3642,10889797,0,28.790,975.460,46.320,44991.211,2,1,1,0
3643,10892787,0,28.790,975.451,46.296,45181.785,3,1,1,0
3644,10895777,0,28.792,975.444,46.254,45181.785,4,1,1,0
3645,10898767,0,28.787,975.451,46.223,45133.992,5,1,1,0
3646,10901757,0,28.790,975.469,46.217,44991.211,6,1,1,0
3647,10904747,0,28.792,975.449,46.217,45325.777,7,1,1,0
3648,10907737,0,28.790,975.465,46.199,45229.684,8,1,1,0
3649,10910727,0,28.787,975.469,46.229,44991.211,9,1,1,0
3650,10913717,0,28.782,975.459,46.192,44755.246,0,1,1,0
3651,10916707,0,28.787,975.474,46.180,45181.785,1,1,1,0
3652,10919697,0,28.780,975.475,46.161,45325.777,2,1,1,0
3653,10922687,0,28.782,975.466,46.125,45229.684,3,1,1,0
3654,10925677,0,28.777,975.468,46.112,45519.203,4,1,1,0
3655,10928667,0,28.777,975.477,46.100,45277.680,5,1,1,0
3656,10931657,0,28.777,975.500,46.082,45470.691,6,1,1,0
3657,10934647,0,28.777,975.479,46.015,45519.203,7,1,1,0
3658,10937637,0,28.777,975.464,45.972,45373.980,8,1,1,0
3659,10940627,0,28.777,975.479,45.936,45470.691,9,1,1,0
3660,10943617,0,28.772,975.450,45.905,45665.359,0,1,1,0
3661,10946607,0,28.770,975.485,45.856,45665.359,1,1,1,0
3662,10949597,0,28.760,975.474,45.806,45567.816,2,1,1,0
3663,10952587,0,28.762,975.508,45.770,45567.816,3,1,1,0
3664,10955577,0,28.750,975.486,45.751,45960.504,4,1,1,0
3665,10958567,0,28.752,975.481,45.678,45665.359,5,1,1,0
3666,10961557,0,28.750,975.486,45.636,45861.699,6,1,1,0
3667,10964547,0,28.745,975.494,45.593,45763.316,7,1,1,0
3668,10967537,0,28.730,975.486,45.573,45714.285,8,1,1,0
3669,10970527,0,28.732,975.501,45.530,45812.457,9,1,1,0
3670,10973517,0,28.730,975.490,45.524,45616.535,0,1,1,0
3671,10976507,0,28.722,975.489,45.523,45665.359,1,1,1,0
3672,10979497,0,28.714,975.489,45.595,45960.504,2,1,1,0
3673,10982487,0,28.719,975.498,45.662,45763.316,3,1,1,0
3674,10985477,0,28.714,975.498,45.692,45812.457,4,1,1,0
3675,10988467,0,28.702,975.468,45.733,45911.047,5,1,1,0
3676,10991457,0,28.712,975.482,45.764,46460.980,6,1,1,0
3677,10994447,0,28.714,975.487,45.813,45616.535,7,1,1,0
3678,10997437,0,28.714,975.496,45.862,45960.504,8,1,1,0
3679,11000427,0,28.709,975.479,45.879,45812.457,9,1,1,0
3680,11003417,0,28.712,975.467,45.910,45763.316,0,1,1,0
3681,11006407,0,28.712,975.482,45.922,45861.699,1,1,1,0
3682,11009397,0,28.712,975.456,46.001,45714.285,2,1,1,0
3683,11012387,0,28.712,975.467,46.043,45861.699,3,1,1,0
3684,11015377,0,28.717,975.491,46.117,46059.734,4,1,1,0
3685,11018367,0,28.712,975.471,46.140,45763.316,5,1,1,0
3686,11021357,0,28.719,975.493,46.147,46010.066,6,1,1,0
3687,11024347,0,28.714,975.482,46.129,46209.387,7,1,1,0
3688,11027337,0,28.719,975.482,46.099,45911.047,8,1,1,0
3689,11030327,0,28.717,975.484,46.129,45861.699,9,1,1,0
3690,11033317,0,28.725,975.475,46.124,45861.699,0,1,1,0
3691,11036307,0,28.714,975.482,46.177,45861.699,1,1,1,0
3692,11039297,0,28.725,975.484,46.221,45665.359,2,1,1,0
3693,11042287,0,28.732,975.503,46.192,45861.699,3,1,1,0
3694,11045277,0,28.737,975.494,46.265,46259.488,4,1,1,0
3695,11048267,0,28.740,975.496,46.259,45714.285,5,1,1,0
3696,11051257,0,28.742,975.469,46.193,45763.316,6,1,1,0
3697,11054247,0,28.757,975.504,46.182,46309.695,7,1,1,0
3698,11057237,0,28.755,975.508,46.127,45911.047,8,1,1,0
3699,11060227,0,28.757,975.499,46.122,45861.699,9,1,1,0
3700,11063217,0,28.762,975.481,46.049,46109.512,0,1,1,0
3701,11066207,0,28.765,975.496,45.983,46010.066,1,1,1,0
3702,11069197,0,28.765,975.489,45.880,45960.504,2,1,1,0
3703,11072187,0,28.772,975.504,45.784,46159.395,3,1,1,0
3704,11075177,0,28.777,975.504,45.700,46059.734,4,1,1,0
3705,11078167,0,28.777,975.497,45.663,46259.488,5,1,1,0
3706,11081157,0,28.772,975.496,45.614,46209.387,6,1,1,0
3707,11084147,0,28.772,975.495,45.535,46209.387,7,1,1,0
3708,11087137,0,28.775,975.468,45.475,46259.488,8,1,1,0
3709,11090127,0,28.775,975.464,45.421,46109.512,9,1,1,0
3710,11093117,0,28.790,975.499,45.368,46059.734,0,1,1,0
3711,11096107,0,28.785,975.488,45.349,46360.016,1,1,1,0
3712,11099097,0,28.790,975.499,45.259,46562.387,2,1,1,0
3713,11102087,0,28.785,975.483,45.222,46360.016,3,1,1,0
3714,11105077,0,28.787,975.504,45.168,46460.980,4,1,1,0
3715,11108067,0,28.785,975.502,45.120,46159.395,5,1,1,0
3716,11111057,0,28.790,975.478,45.132,46511.629,6,1,1,0
3717,11114047,0,28.777,975.480,45.155,46562.387,7,1,1,0
3718,11117037,0,28.780,975.466,45.143,46410.441,8,1,1,0
3719,11120027,0,28.780,975.482,45.149,46209.387,9,1,1,0
3720,11123017,0,28.782,975.499,45.144,46766.531,0,1,1,0
3721,11126007,0,28.785,975.474,45.180,46410.441,1,1,1,0
3722,11128997,0,28.777,975.480,45.191,46209.387,2,1,1,0
3723,11131987,0,28.782,975.481,45.228,46715.328,3,1,1,0
3724,11134977,0,28.782,975.477,45.367,46460.980,4,1,1,0
3725,11137967,0,28.782,975.456,45.476,46309.695,5,1,1,0
3726,11140957,0,28.792,975.472,45.574,46664.234,6,1,1,0
3727,11143947,0,28.785,975.486,45.579,46562.387,7,1,1,0
3728,11146937,0,28.795,975.480,45.575,46410.441,8,1,1,0
3729,11149927,0,28.792,975.472,45.580,46460.980,9,1,1,0
3730,11152917,0,28.800,975.468,45.593,46410.441,0,1,1,0
3731,11155907,0,28.800,975.486,45.569,47504.176,1,1,1,0
3732,11158897,0,28.807,975.468,45.594,46460.980,2,1,1,0
3733,11161887,0,28.813,975.472,45.589,46460.980,3,1,1,0
3734,11164877,0,28.813,975.479,45.571,46410.441,4,1,1,0
3735,11167867,0,28.815,975.452,45.577,46460.980,5,1,1,0
3736,11170857,0,28.828,975.464,45.621,46562.387,6,1,1,0
3737,11173847,0,28.823,975.476,45.645,46562.387,7,1,1,0
3738,11176837,0,28.830,975.455,45.633,46460.980,8,1,1,0
3739,11179827,0,28.823,975.428,45.620,46460.980,9,1,1,0
3740,11182817,0,28.835,975.465,45.561,47557.125,0,1,1,0
3741,11185807,0,28.840,975.461,45.477,46613.254,1,1,1,0
3742,11188797,0,28.843,975.467,45.393,46715.328,2,1,1,0
3743,11191787,0,28.843,975.463,45.356,46613.254,3,1,1,0
3744,11194777,0,28.845,975.451,45.339,46511.629,4,1,1,0
3745,11197767,0,28.848,975.478,45.321,47530.637,5,1,1,0
3746,11200757,0,28.845,975.467,45.272,46613.254,6,1,1,0
3747,11203747,0,28.843,975.458,45.223,46715.328,7,1,1,0
3748,11206737,0,28.853,975.471,45.146,47663.379,8,1,1,0
3749,11209727,0,28.843,975.449,45.085,46664.234,9,1,1,0
3750,11212717,0,28.848,975.435,45.079,46715.328,0,1,1,0
3751,11215707,0,28.850,975.449,45.079,46766.531,1,1,1,0
3752,11218697,0,28.858,975.443,45.123,46664.234,2,1,1,0
3753,11221687,0,28.860,975.446,45.081,47477.746,3,1,1,0
3754,11224677,0,28.865,975.442,45.069,46613.254,4,1,1,0
3755,11227667,0,28.868,975.452,45.100,46817.848,5,1,1,0
3756,11230657,0,28.870,975.447,45.070,46766.531,6,1,1,0
3757,11233647,0,28.880,975.455,45.059,46766.531,7,1,1,0
3758,11236637,0,28.883,975.437,44.999,47636.770,8,1,1,0
3759,11239627,0,28.883,975.448,44.987,46715.328,9,1,1,0
3760,11242617,0,28.893,975.450,44.964,47451.344,0,1,1,0
3761,11245607,0,28.895,975.449,45.025,47663.379,1,1,1,0
3762,11248597,0,28.901,975.444,45.031,46766.531,2,1,1,0
3763,11251587,0,28.906,975.448,45.038,46766.531,3,1,1,0
3764,11254577,0,28.908,975.426,45.002,47636.770,4,1,1,0
3765,11257567,0,28.911,975.441,44.954,46817.848,5,1,1,0
3766,11260557,0,28.918,975.457,44.889,46817.848,6,1,1,0
3767,11263547,0,28.923,975.435,44.817,47716.684,7,1,1,0
3768,11266537,0,28.926,975.445,44.733,47504.176,8,1,1,0
3769,11269527,0,28.938,975.459,44.692,47636.770,9,1,1,0
3770,11272517,0,28.938,975.448,44.662,47743.379,0,1,1,0
3771,11275507,0,28.946,975.452,44.639,47690.016,1,1,1,0
3772,11278497,0,28.951,975.445,44.651,47690.016,2,1,1,0
3773,11281487,0,28.951,975.422,44.597,47931.098,3,1,1,0
3774,11284477,0,28.958,975.437,44.574,48256.363,4,1,1,0
3775,11287467,0,28.956,975.444,44.501,47557.125,5,1,1,0
3776,11290457,0,28.958,975.426,44.423,47716.684,6,1,1,0
3777,11293447,0,28.968,975.454,44.359,47931.098,7,1,1,0
3778,11296437,0,28.966,975.416,44.304,47985.004,8,1,1,0
3779,11299427,0,28.968,975.418,44.238,48093.180,9,1,1,0
3780,11302417,0,28.968,975.421,44.190,48012.004,0,1,1,0
3781,11305407,0,28.968,975.420,44.184,48039.031,1,1,1,0
3782,11308397,0,28.976,975.435,44.179,48283.668,2,1,1,0
3783,11311387,0,28.973,975.429,44.167,48120.301,3,1,1,0
3784,11314377,0,28.978,975.420,44.167,47663.379,4,1,1,0
3785,11317367,0,28.978,975.418,44.167,47770.105,5,1,1,0
3786,11320357,0,28.978,975.431,44.137,48256.363,6,1,1,0
3787,11323347,0,28.973,975.425,44.131,48039.031,7,1,1,0
3788,11326337,0,28.981,975.431,44.132,47716.684,8,1,1,0
3789,11329327,0,28.991,975.446,44.127,48039.031,9,1,1,0
3790,11332317,0,28.988,975.441,44.078,48120.301,0,1,1,0
3791,11335307,0,28.986,975.414,44.072,48229.090,1,1,1,0
3792,11338297,0,28.991,975.434,44.097,48201.844,2,1,1,0
3793,11341287,0,28.994,975.434,44.079,48201.844,3,1,1,0
3794,11344277,0,28.996,975.439,44.061,48420.656,4,1,1,0
3795,11347267,0,28.991,975.428,44.055,48066.090,5,1,1,0
3796,11350257,0,28.994,975.419,44.067,47985.004,6,1,1,0
3797,11353247,0,28.991,975.419,44.073,48120.301,7,1,1,0
3798,11356237,0,29.004,975.436,44.032,48365.766,8,1,1,0
3799,11359227,0,28.994,975.428,44.025,48448.145,9,1,1,0
3800,11362217,0,28.994,975.423,43.995,48530.805,0,1,1,0
3801,11365207,0,28.999,975.436,43.978,48420.656,1,1,1,0
3802,11368197,0,29.004,975.428,43.978,48420.656,2,1,1,0
3803,11371187,0,29.009,975.437,43.985,48420.656,3,1,1,0
3804,11374177,0,29.011,975.419,44.003,48420.656,4,1,1,0
3805,11377167,0,29.011,975.423,43.979,48120.301,5,1,1,0
3806,11380157,0,29.016,975.435,43.968,48503.223,6,1,1,0
3807,11383147,0,29.014,975.434,43.949,48311.004,7,1,1,0
3808,11386137,0,29.016,975.419,43.950,48808.391,8,1,1,0
3809,11389127,0,29.019,975.425,43.926,48613.750,9,1,1,0
3810,11392117,0,29.024,975.429,43.945,48448.145,0,1,1,0
3811,11395107,0,29.016,975.407,43.914,48420.656,1,1,1,0
3812,11398097,0,29.021,975.429,43.908,48752.617,2,1,1,0
3813,11401087,0,29.024,975.411,43.885,48530.805,3,1,1,0
3814,11404077,0,29.024,975.423,43.879,48530.805,4,1,1,0
3815,11407067,0,29.029,975.418,43.837,48365.766,5,1,1,0
3816,11410057,0,29.034,975.426,43.880,48586.070,6,1,1,0
3817,11413047,0,29.036,975.423,43.886,48283.668,7,1,1,0
3818,11416037,0,29.041,975.425,43.899,48475.668,8,1,1,0
3819,11419027,0,29.034,975.406,43.898,48475.668,9,1,1,0
3820,11422017,0,29.046,975.425,43.869,48530.805,0,1,1,0
3821,11425007,0,29.051,975.427,43.870,48365.766,1,1,1,0
3822,11427997,0,29.064,975.440,43.865,48752.617,2,1,1,0
3823,11430987,0,29.061,975.419,43.865,48696.977,3,1,1,0
3824,11433977,0,29.059,975.411,43.877,48503.223,4,1,1,0
3825,11436967,0,29.071,975.430,43.872,48641.461,5,1,1,0
3826,11439957,0,29.074,975.439,43.861,48780.488,6,1,1,0
3827,11442947,0,29.076,975.430,43.849,48503.223,7,1,1,0
3828,11445937,0,29.079,975.436,43.825,48475.668,8,1,1,0
3829,11448927,0,29.079,975.436,43.843,48669.203,9,1,1,0
3830,11451917,0,29.087,975.424,43.808,48641.461,0,1,1,0
3831,11454907,0,29.094,975.446,43.815,48613.750,1,1,1,0
3832,11457897,0,29.094,975.424,43.803,48174.633,2,1,1,0
3833,11460887,0,29.092,975.426,43.785,48864.285,3,1,1,0
3834,11463877,0,29.087,975.422,43.802,48808.391,4,1,1,0
3835,11466867,0,29.089,975.426,43.796,48311.004,5,1,1,0
3836,11469857,0,29.092,975.444,43.797,48752.617,6,1,1,0
3837,11472847,0,29.087,975.413,43.796,48586.070,7,1,1,0
3838,11475837,0,29.076,975.411,43.801,48613.750,8,1,1,0
3839,11478827,0,29.074,975.421,43.813,48696.977,9,1,1,0
3840,11481817,0,29.076,975.420,43.795,48613.750,0,1,1,0
3841,11484807,0,29.071,975.428,43.812,48093.180,1,1,1,0
3842,11487797,0,29.071,975.432,43.824,48780.488,2,1,1,0
3843,11490787,0,29.066,975.431,43.830,48752.617,3,1,1,0
3844,11493777,0,29.061,975.424,43.823,48696.977,4,1,1,0
3845,11496767,0,29.059,975.402,43.841,48808.391,5,1,1,0
3846,11499757,0,29.059,975.422,43.793,48920.312,6,1,1,0
3847,11502747,0,29.064,975.419,43.817,48808.391,7,1,1,0
3848,11505737,0,29.059,975.435,43.781,49344.641,8,1,1,0
3849,11508727,0,29.061,975.429,43.769,49004.594,9,1,1,0
3850,11511717,0,29.056,975.406,43.763,48420.656,0,1,1,0
3851,11514707,0,29.054,975.411,43.762,48976.469,1,1,1,0
3852,11517697,0,29.044,975.400,43.767,48808.391,2,1,1,0
3853,11520687,0,29.044,975.434,43.749,48976.469,3,1,1,0
3854,11523677,0,29.046,975.436,43.779,48920.312,4,1,1,0
3855,11526667,0,29.036,975.421,43.778,49259.188,5,1,1,0
3856,11529657,0,29.039,975.431,43.814,49174.031,6,1,1,0
3857,11532647,0,29.034,975.428,43.820,48365.766,7,1,1,0
3858,11535637,0,29.031,975.422,43.826,48948.375,8,1,1,0
3859,11538627,0,29.029,975.415,43.879,48696.977,9,1,1,0
3860,11541617,0,29.026,975.416,43.897,49089.164,0,1,1,0
3861,11544607,0,29.026,975.432,43.885,48530.805,1,1,1,0
3862,11547597,0,29.024,975.429,43.909,48976.469,2,1,1,0
3863,11550587,0,29.014,975.421,43.943,49117.422,3,1,1,0
3864,11553577,0,29.014,975.423,43.961,48696.977,4,1,1,0
3865,11556567,0,29.011,975.424,44.003,49174.031,5,1,1,0
3866,11559557,0,29.014,975.416,44.027,48920.312,6,1,1,0
3867,11562547,0,29.001,975.411,44.026,49032.754,7,1,1,0
3868,11565537,0,28.991,975.410,44.025,49401.773,8,1,1,0
3869,11568527,0,29.001,975.431,44.044,48864.285,9,1,1,0
3870,11571517,0,28.996,975.429,44.061,49089.164,0,1,1,0
3871,11574507,0,28.981,975.403,44.060,49259.188,1,1,1,0
3872,11577497,0,28.986,975.435,44.090,49316.125,2,1,1,0
3873,11580487,0,28.976,975.418,44.089,49487.727,3,1,1,0
3874,11583477,0,28.971,975.423,44.106,49316.125,4,1,1,0
3875,11586467,0,28.966,975.418,44.142,49259.188,5,1,1,0
3876,11589457,0,28.966,975.421,44.166,49230.770,6,1,1,0
3877,11592447,0,28.968,975.439,44.196,49259.188,7,1,1,0
3878,11595437,0,28.958,975.417,44.225,49202.383,8,1,1,0
3879,11598427,0,28.958,975.408,44.243,49430.391,9,1,1,0
3880,11601417,0,28.956,975.417,44.249,49545.191,0,1,1,0
3881,11604407,0,28.956,975.433,44.285,49230.770,1,1,1,0
3882,11607397,0,28.946,975.413,44.296,49459.043,2,1,1,0
3883,11610387,0,28.941,975.414,44.283,49344.641,3,1,1,0
3884,11613377,0,28.933,975.419,44.318,48976.469,4,1,1,0
3885,11616367,0,28.931,975.437,44.342,49401.773,5,1,1,0
3886,11619357,0,28.931,975.442,44.366,49573.973,6,1,1,0
3887,11622347,0,28.918,975.418,44.425,49202.383,7,1,1,0
3888,11625337,0,28.908,975.419,44.496,49430.391,8,1,1,0
3889,11628327,0,28.908,975.423,44.496,49344.641,9,1,1,0
3890,11631317,0,28.906,975.428,44.513,49459.043,0,1,1,0
3891,11634307,0,28.903,975.424,44.525,49373.191,1,1,1,0
3892,11637297,0,28.895,975.426,44.506,49145.711,2,1,1,0
3893,11640287,0,28.885,975.418,44.517,49202.383,3,1,1,0
3894,11643277,0,28.888,975.432,44.541,49401.773,4,1,1,0
3895,11646267,0,28.885,975.443,44.541,49718.391,5,1,1,0
3896,11649257,0,28.885,975.434,44.523,49259.188,6,1,1,0
3897,11652247,0,28.875,975.437,44.528,49545.191,7,1,1,0
3898,11655237,0,28.878,975.439,44.552,49344.641,8,1,1,0
3899,11658227,0,28.880,975.434,44.601,49459.043,9,1,1,0
3900,11661217,0,28.880,975.428,44.661,49631.641,0,1,1,0
3901,11664207,0,28.875,975.451,44.702,49430.391,1,1,1,0
3902,11667197,0,28.880,975.432,44.691,49631.641,2,1,1,0
3903,11670187,0,28.878,975.440,44.685,49230.770,3,1,1,0
3904,11673177,0,28.880,975.446,44.697,49259.188,4,1,1,0
3905,11676167,0,28.880,975.434,44.733,49202.383,5,1,1,0
3906,11679157,0,28.878,975.446,44.745,49573.973,6,1,1,0
3907,11682147,0,28.875,975.437,44.727,49545.191,7,1,1,0
3908,11685137,0,28.870,975.424,44.684,49776.395,8,1,1,0
3909,11688127,0,28.875,975.430,44.648,49373.191,9,1,1,0
3910,11691117,0,28.870,975.438,44.648,49430.391,0,1,1,0
3911,11694107,0,28.875,975.444,44.600,49344.641,1,1,1,0
3912,11697097,0,28.868,975.440,44.587,49516.441,2,1,1,0
3913,11700087,0,28.868,975.431,44.563,49487.727,3,1,1,0
3914,11703077,0,28.863,975.425,44.556,49316.125,4,1,1,0
3915,11706067,0,28.863,975.427,44.550,49545.191,5,1,1,0
3916,11709057,0,28.860,975.421,44.568,49834.535,6,1,1,0
3917,11712047,0,28.855,975.430,44.531,49776.395,7,1,1,0
3918,11715037,0,28.845,975.415,44.524,49776.395,8,1,1,0
3919,11718027,0,28.853,975.446,44.501,50009.766,9,1,1,0
3920,11721017,0,28.848,975.421,44.476,49459.043,0,1,1,0
3921,11724007,0,28.850,975.435,44.441,49892.809,1,1,1,0
3922,11726997,0,28.848,975.426,44.368,50039.094,2,1,1,0
3923,11729987,0,28.853,975.430,44.327,49660.523,3,1,1,0
3924,11732977,0,28.855,975.443,44.297,49718.391,4,1,1,0
3925,11735967,0,28.850,975.428,44.326,49718.391,5,1,1,0
3926,11738957,0,28.855,975.441,44.327,50068.453,6,1,1,0
3927,11741947,0,28.863,975.449,44.322,49718.391,7,1,1,0
3928,11744937,0,28.860,975.450,44.297,50039.094,8,1,1,0
3929,11747927,0,28.853,975.424,44.272,50009.766,9,1,1,0
3930,11750917,0,28.855,975.425,44.249,50186.238,0,1,1,0
3931,11753907,0,28.858,975.420,44.201,49834.535,1,1,1,0
3932,11756897,0,28.863,975.429,44.214,49747.375,2,1,1,0
3933,11759887,0,28.865,975.440,44.238,50068.453,3,1,1,0
3934,11762877,0,28.860,975.441,44.201,50245.340,4,1,1,0
3935,11765867,0,28.858,975.425,44.189,49573.973,5,1,1,0
3936,11768857,0,28.858,975.423,44.177,49344.641,6,1,1,0
3937,11771847,0,28.858,975.436,44.159,49863.652,7,1,1,0
3938,11774837,0,28.855,975.418,44.159,50274.941,8,1,1,0
3939,11777827,0,28.863,975.438,44.135,50274.941,9,1,1,0
3940,11780817,0,28.855,975.410,44.123,50068.453,0,1,1,0
3941,11783807,0,28.850,975.423,44.116,50068.453,1,1,1,0
3942,11786797,0,28.853,975.424,44.104,50513.023,2,1,1,0
3943,11789787,0,28.855,975.428,44.105,50215.770,3,1,1,0
3944,11792777,0,28.850,975.424,44.128,50186.238,4,1,1,0
3945,11795767,0,28.850,975.435,44.116,50215.770,5,1,1,0
3946,11798757,0,28.845,975.426,44.091,50215.770,6,1,1,0
3947,11801747,0,28.843,975.415,44.109,50127.277,7,1,1,0
3948,11804737,0,28.835,975.436,44.078,49951.219,8,1,1,0
3949,11807727,0,28.835,975.422,44.042,50723.203,9,1,1,0
3950,11810717,0,28.835,975.423,44.060,50127.277,0,1,1,0
3951,11813707,0,28.835,975.411,44.078,50483.141,1,1,1,0
3952,11816697,0,28.833,975.421,44.072,50632.910,2,1,1,0
3953,11819687,0,28.823,975.415,44.101,50783.574,3,1,1,0
3954,11822677,0,28.825,975.437,44.107,50363.957,4,1,1,0
3955,11825667,0,28.825,975.430,44.131,50363.957,5,1,1,0
3956,11828657,0,28.823,975.419,44.125,50127.277,6,1,1,0
3957,11831647,0,28.818,975.442,44.124,50304.578,7,1,1,0
3958,11834637,0,28.823,975.423,44.143,50483.141,8,1,1,0
3959,11837627,0,28.815,975.438,44.154,50783.574,9,1,1,0
3960,11840617,0,28.810,975.429,44.153,50483.141,0,1,1,0
3961,11843607,0,28.810,975.452,44.183,50693.070,1,1,1,0
3962,11846597,0,28.805,975.421,44.195,50393.699,2,1,1,0
3963,11849587,0,28.805,975.439,44.207,50753.371,3,1,1,0
3964,11852577,0,28.800,975.460,44.260,50662.973,4,1,1,0
3965,11855567,0,28.795,975.453,44.278,50483.141,5,1,1,0
3966,11858557,0,28.795,975.422,44.302,50304.578,6,1,1,0
3967,11861547,0,28.802,975.459,44.339,50693.070,7,1,1,0
3968,11864537,0,28.797,975.448,44.356,50753.371,8,1,1,0
3969,11867527,0,28.787,975.458,44.355,50602.887,9,1,1,0
3970,11870517,0,28.785,975.445,44.379,50542.941,0,1,1,0
3971,11873507,0,28.775,975.477,44.359,50363.957,1,1,1,0
3972,11876497,0,28.767,975.453,44.346,50393.699,2,1,1,0
3973,11879487,0,28.767,975.473,44.310,50483.141,3,1,1,0
3974,11882477,0,28.760,975.456,44.309,50483.141,4,1,1,0
3975,11885467,0,28.755,975.456,44.285,50723.203,5,1,1,0
3976,11888457,0,28.750,975.461,44.272,50572.895,6,1,1,0
3977,11891447,0,28.745,975.471,44.296,50245.340,7,1,1,0
3978,11894437,0,28.735,975.472,44.276,50723.203,8,1,1,0
3979,11897427,0,28.735,975.490,44.282,50363.957,9,1,1,0
3980,11900417,0,28.714,975.465,44.280,50844.090,0,1,1,0
3981,11903407,0,28.709,975.458,44.309,50513.023,1,1,1,0
3982,11906397,0,28.702,975.450,44.320,50965.559,2,1,1,0
3983,11909387,0,28.699,975.448,44.356,50483.141,3,1,1,0
3984,11912377,0,28.699,975.481,44.386,50602.887,4,1,1,0
3985,11915367,0,28.694,975.491,44.422,50542.941,5,1,1,0
3986,11918357,0,28.689,975.482,44.409,50602.887,6,1,1,0
3987,11921347,0,28.684,975.474,44.451,50723.203,7,1,1,0
3988,11924337,0,28.674,975.470,44.486,50965.559,8,1,1,0
3989,11927327,0,28.674,975.452,44.516,50996.016,9,1,1,0
3990,11930317,0,28.669,975.459,44.539,50693.070,0,1,1,0
3991,11933307,0,28.672,975.463,44.539,50632.910,1,1,1,0
3992,11936297,0,28.669,975.468,44.539,50813.816,2,1,1,0
3993,11939287,0,28.664,975.480,44.563,50662.973,3,1,1,0
3994,11942277,0,28.662,975.474,44.544,51087.605,4,1,1,0
3995,11945267,0,28.639,975.437,44.529,50662.973,5,1,1,0
3996,11948257,0,28.634,975.456,44.547,51026.512,6,1,1,0
3997,11951247,0,28.624,975.443,44.540,50783.574,7,1,1,0
3998,11954237,0,28.616,975.443,44.527,51612.902,8,1,1,0
3999,11957227,0,28.614,975.462,44.544,50844.090,9,1,1,0
4000,11960217,0,28.611,975.453,44.532,51210.242,0,1,1,0
4001,11963207,0,28.599,975.449,44.561,51179.527,1,1,1,0
4002,11966197,0,28.589,975.425,44.553,50996.016,2,1,1,0
4003,11969187,0,28.574,975.435,44.564,51179.527,3,1,1,0
4004,11972177,0,28.569,975.425,44.527,51057.039,4,1,1,0
4005,11975167,0,28.564,975.453,44.550,50935.137,5,1,1,0
4006,11978157,0,28.554,975.437,44.525,50844.090,6,1,1,0
4007,11981147,0,28.554,975.447,44.555,51179.527,7,1,1,0
4008,11984137,0,28.551,975.451,44.597,51118.211,8,1,1,0
4009,11987127,0,28.546,975.461,44.608,51087.605,9,1,1,0
4010,11990117,0,28.538,975.455,44.632,51457.285,0,1,1,0
4011,11993107,0,28.531,975.453,44.667,51271.781,1,1,1,0
4012,11996097,0,28.526,975.444,44.666,51395.301,2,1,1,0
4013,11999087,0,28.518,975.441,44.677,51333.469,3,1,1,0
4014,12002077,0,28.511,975.454,44.701,51426.277,4,1,1,0
4015,12005067,0,28.513,975.445,44.731,51148.852,5,1,1,0
4016,12008057,0,28.511,975.468,44.767,51426.277,6,1,1,0
4017,12011047,0,28.501,975.455,44.784,51087.605,7,1,1,0
4018,12014037,0,28.493,975.454,44.813,51271.781,8,1,1,0
4019,12017027,0,28.491,975.454,44.831,51271.781,9,1,1,0
4020,12020017,0,28.481,975.442,44.854,51210.242,0,1,1,0
4021,12023007,0,28.478,975.417,44.902,50996.016,1,1,1,0
4022,12025997,0,28.476,975.430,44.919,51118.211,2,1,1,0
4023,12028987,0,28.468,975.431,44.979,51057.039,3,1,1,0
4024,12031977,0,28.463,975.436,44.996,51271.781,4,1,1,0
4025,12034967,0,28.453,975.435,45.055,51333.469,5,1,1,0
4026,12037957,0,28.451,975.426,45.133,51271.781,6,1,1,0
4027,12040947,0,28.448,975.408,45.163,51210.242,7,1,1,0
4028,12043937,0,28.438,975.431,45.192,50996.016,8,1,1,0
4029,12046927,0,28.438,975.452,45.210,51395.301,9,1,1,0
4030,12049917,0,28.425,975.437,45.275,50904.754,0,1,1,0
4031,12052907,0,28.423,975.444,45.317,51519.422,1,1,1,0
4032,12055897,0,28.418,975.429,45.371,50935.137,2,1,1,0
4033,12058887,0,28.410,975.430,45.431,51118.211,3,1,1,0
4034,12061877,0,28.403,975.423,45.454,50904.754,4,1,1,0
4035,12064867,0,28.398,975.437,45.532,51333.469,5,1,1,0
4036,12067857,0,28.393,975.440,45.592,51395.301,6,1,1,0
4037,12070847,0,28.390,975.469,45.616,51395.301,7,1,1,0
4038,12073837,0,28.383,975.445,45.633,51148.852,8,1,1,0
4039,12076827,0,28.380,975.441,45.651,51179.527,9,1,1,0
4040,12079817,0,28.375,975.459,45.662,50996.016,0,1,1,0
4041,12082807,0,28.373,975.458,45.638,51395.301,1,1,1,0
4042,12085797,0,28.360,975.456,45.624,51457.285,2,1,1,0
4043,12088787,0,28.347,975.435,45.617,51364.367,3,1,1,0
4044,12091777,0,28.352,975.498,45.629,51395.301,4,1,1,0
4045,12094767,0,28.345,975.469,45.640,51581.703,5,1,1,0
4046,12097757,0,28.335,975.506,45.615,51210.242,6,1,1,0
4047,12100747,0,28.330,975.480,45.608,51519.422,7,1,1,0
4048,12103737,0,28.322,975.491,45.589,51148.852,8,1,1,0
4049,12106727,0,28.312,975.492,45.564,51519.422,9,1,1,0
4050,12109717,0,28.310,975.472,45.545,51087.605,0,1,1,0
4051,12112707,0,28.302,975.487,45.532,51581.703,1,1,1,0
4052,12115697,0,28.292,975.467,45.525,51333.469,2,1,1,0
4053,12118687,0,28.292,975.481,45.507,51581.703,3,1,1,0
4054,12121677,0,28.282,975.467,45.494,51271.781,4,1,1,0
4055,12124667,0,28.277,975.461,45.493,51364.367,5,1,1,0
4056,12127657,0,28.275,975.477,45.487,51990.250,6,1,1,0
4057,12130647,0,28.262,975.456,45.509,51333.469,7,1,1,0
4058,12133637,0,28.267,975.487,45.492,51832.355,8,1,1,0
4059,12136627,0,28.254,975.488,45.496,51644.141,9,1,1,0
4060,12139617,0,28.249,975.491,45.502,51958.594,0,1,1,0
4061,12142607,0,28.244,975.483,45.489,51926.977,1,1,1,0
4062,12145597,0,28.239,975.492,45.500,51457.285,2,1,1,0
4063,12148587,0,28.227,975.468,45.511,51457.285,3,1,1,0
4064,12151577,0,28.224,975.489,45.571,51863.855,4,1,1,0
4065,12154567,0,28.232,975.506,45.621,51832.355,5,1,1,0
4066,12157557,0,28.222,975.502,45.656,51832.355,6,1,1,0
4067,12160547,0,28.222,975.520,45.619,51395.301,7,1,1,0
4068,12163537,0,28.214,975.496,45.582,51895.398,8,1,1,0
4069,12166527,0,28.209,975.488,45.569,51800.891,9,1,1,0
4070,12169517,0,28.217,975.517,45.582,52085.453,0,1,1,0
4071,12172507,0,28.212,975.499,45.594,51990.250,1,1,1,0
4072,12175497,0,28.204,975.491,45.593,51675.414,2,1,1,0
4073,12178487,0,28.194,975.489,45.580,52276.902,3,1,1,0
4074,12181477,0,28.192,975.482,45.531,52276.902,4,1,1,0
4075,12184467,0,28.197,975.507,45.507,52212.930,5,1,1,0
4076,12187457,0,28.189,975.514,45.512,51800.891,6,1,1,0
4077,12190447,0,28.187,975.503,45.470,51675.414,7,1,1,0
4078,12193437,0,28.176,975.477,45.450,51926.977,8,1,1,0
4079,12196427,0,28.176,975.497,45.426,52085.453,9,1,1,0
4080,12199417,0,28.174,975.507,45.432,52276.902,0,1,1,0
4081,12202407,0,28.169,975.505,45.419,52244.898,1,1,1,0
4082,12205397,0,28.171,975.507,45.414,52117.266,2,1,1,0
4083,12208387,0,28.164,975.487,45.419,52276.902,3,1,1,0
4084,12211377,0,28.161,975.505,45.394,51832.355,4,1,1,0
4085,12214367,0,28.161,975.480,45.406,52212.930,5,1,1,0
4086,12217357,0,28.164,975.489,45.431,52405.324,6,1,1,0
4087,12220347,0,28.149,975.461,45.453,51990.250,7,1,1,0
4088,12223337,0,28.156,975.467,45.563,52021.945,8,1,1,0
4089,12226327,0,28.161,975.458,45.642,51895.398,9,1,1,0
4090,12229317,0,28.154,975.461,45.726,51800.891,0,1,1,0
4091,12232307,0,28.154,975.456,45.732,52149.113,1,1,1,0
4092,12235297,0,28.156,975.463,45.720,51895.398,2,1,1,0
4093,12238287,0,28.156,975.499,45.726,51895.398,3,1,1,0
4094,12241277,0,28.156,975.463,45.720,51990.250,4,1,1,0
4095,12244267,0,28.164,975.485,45.715,52021.945,5,1,1,0
4096,12247257,0,28.154,975.459,45.708,52021.945,6,1,1,0
4097,12250247,0,28.164,975.508,45.721,51990.250,7,1,1,0
4098,12253237,0,28.159,975.469,45.721,51926.977,8,1,1,0
4099,12256227,0,28.164,975.449,45.770,52117.266,9,1,1,0
4100,12259217,0,28.169,975.473,45.788,52212.930,0,1,1,0
4101,12262207,0,28.171,975.482,45.819,52021.945,1,1,1,0
4102,12265197,0,28.176,975.473,45.807,51800.891,2,1,1,0
4103,12268187,0,28.182,975.481,45.796,51738.074,3,1,1,0
4104,12271177,0,28.189,975.465,45.736,51738.074,4,1,1,0
4105,12274167,0,28.197,975.468,45.725,51895.398,5,1,1,0
4106,12277157,0,28.199,975.473,45.738,52631.578,6,1,1,0
4107,12280147,0,28.209,975.469,45.763,52149.113,7,1,1,0
4108,12283137,0,28.214,975.460,45.739,51926.977,8,1,1,0
4109,12286127,0,28.224,975.473,45.704,51769.465,9,1,1,0
4110,12289117,0,28.224,975.448,45.656,52149.113,0,1,1,0
4111,12292107,0,28.237,975.461,45.645,52117.266,1,1,1,0
4112,12295097,0,28.242,975.446,45.610,52373.160,2,1,1,0
4113,12298087,0,28.252,975.461,45.617,52534.375,3,1,1,0
4114,12301077,0,28.259,975.445,45.618,52308.949,4,1,1,0
4115,12304067,0,28.262,975.427,45.606,51644.141,5,1,1,0
4116,12307057,0,28.277,975.436,45.626,52085.453,6,1,1,0
4117,12310047,0,28.282,975.431,45.639,52181.004,7,1,1,0
4118,12313037,0,28.302,975.427,45.611,51863.855,8,1,1,0
4119,12316027,0,28.312,975.442,45.558,51800.891,9,1,1,0
4120,12319017,0,28.320,975.421,45.522,51863.855,0,1,1,0
4121,12322007,0,28.330,975.418,45.463,51895.398,1,1,1,0
4122,12324997,0,28.340,975.408,45.392,52244.898,2,1,1,0
4123,12327987,0,28.360,975.441,45.346,51832.355,3,1,1,0
4124,12330977,0,28.370,975.428,45.305,52149.113,4,1,1,0
4125,12333967,0,28.375,975.417,45.239,51832.355,5,1,1,0
4126,12336957,0,28.395,975.447,45.205,52181.004,6,1,1,0
4127,12339947,0,28.398,975.406,45.121,52212.930,7,1,1,0
4128,12342937,0,28.413,975.404,45.099,51863.855,8,1,1,0
4129,12345927,0,28.420,975.444,45.027,52276.902,9,1,1,0
4130,12348917,0,28.433,975.412,45.017,52308.949,0,1,1,0
4131,12351907,0,28.433,975.418,44.950,52053.680,1,1,1,0
4132,12354897,0,28.445,975.424,44.867,52373.160,2,1,1,0
4133,12357887,0,28.456,975.403,44.814,52308.949,3,1,1,0
4134,12360877,0,28.461,975.409,44.743,51926.977,4,1,1,0
4135,12363867,0,28.476,975.440,44.690,52405.324,5,1,1,0
4136,12366857,0,28.488,975.420,44.632,52437.527,6,1,1,0
4137,12369847,0,28.493,975.420,44.614,52341.035,7,1,1,0
4138,12372837,0,28.496,975.422,44.584,52373.160,8,1,1,0
4139,12375827,0,28.501,975.408,44.537,52276.902,9,1,1,0
4140,12378817,0,28.508,975.405,44.478,52341.035,0,1,1,0
4141,12381807,0,28.513,975.402,44.454,52117.266,1,1,1,0
4142,12384797,0,28.518,975.397,44.383,52244.898,2,1,1,0
4143,12387787,0,28.521,975.408,44.305,52373.160,3,1,1,0
4144,12390777,0,28.523,975.399,44.221,52308.949,4,1,1,0
4145,12393767,0,28.528,975.406,44.174,52469.770,5,1,1,0
4146,12396757,0,28.531,975.398,44.138,52794.391,6,1,1,0
4147,12399747,0,28.544,975.422,44.067,52631.578,7,1,1,0
4148,12402737,0,28.541,975.396,43.983,52794.391,8,1,1,0
4149,12405727,0,28.538,975.396,43.935,52469.770,9,1,1,0
4150,12408717,0,28.544,975.398,43.887,52696.582,0,1,1,0
4151,12411707,0,28.551,975.411,43.846,52599.137,1,1,1,0
4152,12414697,0,28.546,975.420,43.798,52599.137,2,1,1,0
4153,12417687,0,28.551,975.399,43.715,52437.527,3,1,1,0
4154,12420677,0,28.549,975.424,43.601,52696.582,4,1,1,0
4155,12423667,0,28.554,975.442,43.571,53024.027,5,1,1,0
4156,12426657,0,28.549,975.413,43.529,52502.051,6,1,1,0
4157,12429647,0,28.554,975.429,43.505,53056.996,7,1,1,0
4158,12432637,0,28.554,975.419,43.428,52405.324,8,1,1,0
4159,12435627,0,28.549,975.393,43.487,52794.391,9,1,1,0
4160,12438617,0,28.556,975.406,43.464,52827.074,0,1,1,0
4161,12441607,0,28.554,975.410,43.469,52892.562,1,1,1,0
4162,12444597,0,28.556,975.422,43.500,53156.145,2,1,1,0
4163,12447587,0,28.574,975.417,43.520,52925.367,3,1,1,0
4164,12450577,0,28.566,975.427,43.525,52892.562,4,1,1,0
4165,12453567,0,28.561,975.419,43.530,53189.277,5,1,1,0
4166,12456557,0,28.569,975.413,43.531,52827.074,6,1,1,0
4167,12459547,0,28.566,975.393,43.537,52925.367,7,1,1,0
4168,12462537,0,28.559,975.392,43.518,52631.578,8,1,1,0
4169,12465527,0,28.561,975.414,43.512,52925.367,9,1,1,0
4170,12468517,0,28.559,975.403,43.494,52859.797,0,1,1,0
4171,12471507,0,28.556,975.410,43.494,53222.453,1,1,1,0
4172,12474497,0,28.556,975.410,43.494,52991.098,2,1,1,0
4173,12477487,0,28.554,975.439,43.487,53355.566,3,1,1,0
4174,12480477,0,28.556,975.415,43.518,52859.797,4,1,1,0
4175,12483467,0,28.549,975.409,43.529,52958.211,5,1,1,0
4176,12486457,0,28.551,975.429,43.529,53090.004,6,1,1,0
4177,12489447,0,28.538,975.405,43.528,53189.277,7,1,1,0
4178,12492437,0,28.533,975.417,43.557,52469.770,8,1,1,0
4179,12495427,0,28.533,975.430,43.563,53056.996,9,1,1,0
4180,12498417,0,28.528,975.417,43.598,53388.945,0,1,1,0
4181,12501407,0,28.531,975.412,43.670,52925.367,1,1,1,0
4182,12504397,0,28.523,975.415,43.693,53090.004,2,1,1,0
4183,12507387,0,28.526,975.417,43.682,52827.074,3,1,1,0
4184,12510377,0,28.523,975.417,43.657,53123.055,4,1,1,0
4185,12513367,0,28.531,975.430,43.682,52827.074,5,1,1,0
4186,12516357,0,28.526,975.417,43.706,53056.996,6,1,1,0
4187,12519347,0,28.526,975.397,43.712,53123.055,7,1,1,0
4188,12522337,0,28.526,975.410,43.724,53255.668,8,1,1,0
4189,12525327,0,28.521,975.406,43.705,53422.371,9,1,1,0
4190,12528317,0,28.523,975.401,43.777,52664.062,0,1,1,0
4191,12531307,0,28.523,975.411,43.837,53455.836,1,1,1,0
4192,12534297,0,28.523,975.419,43.873,52958.211,2,1,1,0
4193,12537287,0,28.516,975.400,43.884,53189.277,3,1,1,0
4194,12540277,0,28.513,975.382,43.920,53090.004,4,1,1,0
4195,12543267,0,28.516,975.400,43.950,53123.055,5,1,1,0
4196,12546257,0,28.518,975.388,43.974,53455.836,6,1,1,0
4197,12549247,0,28.518,975.395,44.034,53056.996,7,1,1,0
4198,12552237,0,28.518,975.372,44.040,53189.277,8,1,1,0
4199,12555227,0,28.518,975.402,44.076,52631.578,9,1,1,0
4200,12558217,0,28.518,975.402,44.064,53123.055,0,1,1,0
4201,12561207,0,28.513,975.389,44.052,52925.367,1,1,1,0
4202,12564197,0,28.521,975.375,44.071,53189.277,2,1,1,0
4203,12567187,0,28.523,975.383,44.059,53725.078,3,1,1,0
4204,12570177,0,28.521,975.400,44.035,53056.996,4,1,1,0
4205,12573167,0,28.516,975.396,44.004,53322.223,5,1,1,0
4206,12576157,0,28.518,975.391,43.956,53288.926,6,1,1,0
4207,12579147,0,28.516,975.386,43.944,53322.223,7,1,1,0
4208,12582137,0,28.513,975.393,43.884,53255.668,8,1,1,0
4209,12585127,0,28.516,975.379,43.932,53288.926,9,1,1,0
4210,12588117,0,28.513,975.396,43.884,53189.277,0,1,1,0
4211,12591107,0,28.513,975.425,43.884,53489.344,1,1,1,0
4212,12594097,0,28.506,975.425,43.883,53255.668,2,1,1,0
4213,12597087,0,28.518,975.398,43.872,53189.277,3,1,1,0
4214,12600077,0,28.516,975.371,43.890,53388.945,4,1,1,0
4215,12603067,0,28.506,975.342,43.895,53288.926,5,1,1,0
4216,12606057,0,28.508,975.335,43.907,53355.566,6,1,1,0
4217,12609047,0,28.511,975.341,43.866,53288.926,7,1,1,0
4218,12612037,0,28.513,975.366,43.800,54065.469,8,1,1,0
4219,12615027,0,28.511,975.330,43.740,53522.895,9,1,1,0
4220,12618017,0,28.516,975.348,43.710,53489.344,0,1,1,0
4221,12621007,0,28.531,975.369,43.682,53489.344,1,1,1,0
4222,12623997,0,28.521,975.332,43.669,53489.344,2,1,1,0
4223,12626987,0,28.526,975.354,43.664,53422.371,3,1,1,0
4224,12629977,0,28.528,975.353,43.610,53792.812,4,1,1,0
4225,12632967,0,28.528,975.329,43.574,53590.121,5,1,1,0
4226,12635957,0,28.536,975.351,43.551,53222.453,6,1,1,0
4227,12638947,0,28.526,975.356,43.526,53355.566,7,1,1,0
4228,12641937,0,28.531,975.338,43.521,53758.926,8,1,1,0
4229,12644927,0,28.541,975.348,43.528,53826.746,9,1,1,0
4230,12647917,0,28.538,975.357,43.528,53657.516,0,1,1,0
4231,12650907,0,28.538,975.357,43.539,54168.430,1,1,1,0
4232,12653897,0,28.544,975.361,43.540,53657.516,2,1,1,0
4233,12656887,0,28.538,975.360,43.581,53556.484,3,1,1,0
4234,12659877,0,28.541,975.352,43.665,53691.273,4,1,1,0
4235,12662867,0,28.541,975.355,43.731,53189.277,5,1,1,0
4236,12665857,0,28.551,975.383,43.756,53623.797,6,1,1,0
4237,12668847,0,28.538,975.362,43.773,53355.566,7,1,1,0
4238,12671837,0,28.546,975.377,43.810,53489.344,8,1,1,0
4239,12674827,0,28.556,975.396,43.823,54134.066,9,1,1,0
4240,12677817,0,28.561,975.387,43.848,53489.344,0,1,1,0
4241,12680807,0,28.551,975.390,43.828,53792.812,1,1,1,0
4242,12683797,0,28.561,975.389,43.866,53388.945,2,1,1,0
4243,12686787,0,28.569,975.391,43.818,53657.516,3,1,1,0
4244,12689777,0,28.566,975.382,43.830,53623.797,4,1,1,0
4245,12692767,0,28.571,975.384,43.807,53489.344,5,1,1,0
4246,12695757,0,28.569,975.411,43.812,53355.566,6,1,1,0
4247,12698747,0,28.574,975.397,43.777,53024.027,7,1,1,0
4248,12701737,0,28.574,975.397,43.795,53522.895,8,1,1,0
4249,12704727,0,28.574,975.391,43.789,53489.344,9,1,1,0
4250,12707717,0,28.579,975.411,43.826,53355.566,0,1,1,0
4251,12710707,0,28.579,975.406,43.820,53725.078,1,1,1,0
4252,12713697,0,28.574,975.399,43.795,53590.121,2,1,1,0
4253,12716687,0,28.566,975.407,43.788,53928.797,3,1,1,0
4254,12719677,0,28.571,975.406,43.777,53792.812,4,1,1,0
4255,12722667,0,28.581,975.419,43.736,53288.926,5,1,1,0
4256,12725657,0,28.571,975.399,43.735,53691.273,6,1,1,0
4257,12728647,0,28.574,975.409,43.675,53725.078,7,1,1,0
4258,12731637,0,28.564,975.407,43.638,53522.895,8,1,1,0
4259,12734627,0,28.566,975.409,43.633,53691.273,9,1,1,0
4260,12737617,0,28.559,975.399,43.638,53657.516,0,1,1,0
4261,12740607,0,28.564,975.412,43.620,53725.078,1,1,1,0
4262,12743597,0,28.556,975.385,43.601,53758.926,2,1,1,0
4263,12746587,0,28.556,975.401,43.607,53758.926,3,1,1,0
4264,12749577,0,28.549,975.384,43.618,54031.238,4,1,1,0
4265,12752567,0,28.554,975.392,43.619,53792.812,5,1,1,0
4266,12755557,0,28.549,975.399,43.648,53455.836,6,1,1,0
4267,12758547,0,28.549,975.390,43.672,53860.719,7,1,1,0
4268,12761537,0,28.544,975.395,43.666,53522.895,8,1,1,0
4269,12764527,0,28.544,975.397,43.684,53725.078,9,1,1,0
4270,12767517,0,28.533,975.369,43.683,53860.719,0,1,1,0
4271,12770507,0,28.533,975.369,43.712,53388.945,1,1,1,0
4272,12773497,0,28.536,975.362,43.701,53725.078,2,1,1,0
4273,12776487,0,28.533,975.376,43.724,54237.289,3,1,1,0
4274,12779477,0,28.526,975.368,43.742,53725.078,4,1,1,0
4275,12782467,0,28.518,975.352,43.717,53623.797,5,1,1,0
4276,12785457,0,28.526,975.365,43.718,53792.812,6,1,1,0
4277,12788447,0,28.523,975.392,43.717,53894.738,7,1,1,0
4278,12791437,0,28.518,975.366,43.723,53962.902,8,1,1,0
4279,12794427,0,28.516,975.354,43.734,53997.047,9,1,1,0
4280,12797417,0,28.516,975.371,43.728,53928.797,0,1,1,0
4281,12800407,0,28.503,975.378,43.739,54031.238,1,1,1,0
4282,12803397,0,28.501,975.392,43.727,54065.469,2,1,1,0
4283,12806387,0,28.496,975.365,43.726,54202.836,3,1,1,0
4284,12809377,0,28.488,975.359,43.725,53962.902,4,1,1,0
4285,12812367,0,28.488,975.380,43.689,53928.797,5,1,1,0
4286,12815357,0,28.483,975.351,43.653,53962.902,6,1,1,0
4287,12818347,0,28.483,975.360,43.647,54168.430,7,1,1,0
4288,12821337,0,28.476,975.335,43.628,53894.738,8,1,1,0
4289,12824327,0,28.476,975.352,43.586,53928.797,9,1,1,0
4290,12827317,0,28.471,975.338,43.621,54340.902,0,1,1,0
4291,12830307,0,28.463,975.327,43.602,54237.289,1,1,1,0
4292,12833297,0,28.461,975.339,43.572,54549.328,2,1,1,0
4293,12836287,0,28.456,975.344,43.578,54065.469,3,1,1,0
4294,12839277,0,28.451,975.333,43.589,54271.781,4,1,1,0
4295,12842267,0,28.451,975.319,43.625,54271.781,5,1,1,0
4296,12845257,0,28.451,975.342,43.631,54410.203,6,1,1,0
4297,12848247,0,28.440,975.314,43.642,54271.781,7,1,1,0
4298,12851237,0,28.435,975.310,43.617,54306.320,8,1,1,0
4299,12854227,0,28.435,975.346,43.629,54444.918,9,1,1,0
4300,12857217,0,28.428,975.342,43.628,54168.430,0,1,1,0
4301,12860207,0,28.423,975.325,43.574,54271.781,1,1,1,0
4302,12863197,0,28.418,975.309,43.579,54237.289,2,1,1,0
4303,12866187,0,28.423,975.320,43.574,54584.223,3,1,1,0
4304,12869177,0,28.418,975.325,43.567,54202.836,4,1,1,0
4305,12872167,0,28.420,975.359,43.573,54514.480,5,1,1,0
4306,12875157,0,28.413,975.348,43.602,54410.203,6,1,1,0
4307,12878147,0,28.410,975.348,43.620,55077.453,7,1,1,0
4308,12881137,0,28.405,975.324,43.590,54375.531,8,1,1,0
4309,12884127,0,28.403,975.347,43.577,54549.328,9,1,1,0
4310,12887117,0,28.405,975.346,43.602,54410.203,0,1,1,0
4311,12890107,0,28.400,975.376,43.619,54619.160,1,1,1,0
4312,12893097,0,28.403,975.358,43.637,54689.168,2,1,1,0
4313,12896087,0,28.403,975.369,43.643,54410.203,3,1,1,0
4314,12899077,0,28.393,975.363,43.630,54829.727,4,1,1,0
4315,12902067,0,28.400,975.371,43.595,54935.621,5,1,1,0
4316,12905057,0,28.400,975.351,43.607,54619.160,6,1,1,0
4317,12908047,0,28.405,975.366,43.631,54619.160,7,1,1,0
4318,12911037,0,28.408,975.362,43.674,54479.676,8,1,1,0
4319,12914027,0,28.410,975.362,43.686,54410.203,9,1,1,0
4320,12917017,0,28.413,975.398,43.668,54619.160,0,1,1,0
4321,12920007,0,28.408,975.384,43.662,54689.168,1,1,1,0
4322,12922997,0,28.410,975.373,43.656,54900.277,2,1,1,0
4323,12925987,0,28.410,975.359,43.632,54654.141,3,1,1,0
4324,12928977,0,28.418,975.377,43.645,54340.902,4,1,1,0
4325,12931967,0,28.418,975.370,43.609,54306.320,5,1,1,0
4326,12934957,0,28.415,975.352,43.633,54971.012,6,1,1,0
4327,12937947,0,28.418,975.354,43.591,54794.520,7,1,1,0
4328,12940937,0,28.420,975.367,43.573,54654.141,8,1,1,0
4329,12943927,0,28.425,975.360,43.586,54654.141,9,1,1,0
4330,12946917,0,28.423,975.325,43.574,54759.359,0,1,1,0
4331,12949907,0,28.428,975.356,43.556,54864.980,1,1,1,0
4332,12952897,0,28.430,975.342,43.527,54654.141,2,1,1,0
4333,12955887,0,28.435,975.362,43.521,54549.328,3,1,1,0
4334,12958877,0,28.438,975.361,43.504,54654.141,4,1,1,0
4335,12961867,0,28.438,975.339,43.486,54654.141,5,1,1,0
4336,12964857,0,28.438,975.345,43.498,54479.676,6,1,1,0
4337,12967847,0,28.448,975.331,43.475,54759.359,7,1,1,0
4338,12970837,0,28.443,975.359,43.480,54549.328,8,1,1,0
4339,12973827,0,28.451,975.340,43.487,54619.160,9,1,1,0
4340,12976817,0,28.453,975.335,43.511,54935.621,0,1,1,0
4341,12979807,0,28.463,975.330,43.501,54689.168,1,1,1,0
4342,12982797,0,28.471,975.331,43.520,54237.289,2,1,1,0
4343,12985787,0,28.471,975.343,43.496,54375.531,3,1,1,0
4344,12988777,0,28.466,975.332,43.483,54584.223,4,1,1,0
4345,12991767,0,28.473,975.322,43.400,54971.012,5,1,1,0
4346,12994757,0,28.468,975.331,43.388,54794.520,6,1,1,0
4347,12997747,0,28.473,975.329,43.340,54549.328,7,1,1,0
4348,13000737,0,28.471,975.327,43.310,54829.727,8,1,1,0
4349,13003727,0,28.478,975.329,43.323,55148.645,9,1,1,0
4350,13006717,0,28.473,975.329,43.299,54619.160,0,1,1,0
4351,13009707,0,28.473,975.318,43.311,54829.727,1,1,1,0
4352,13012697,0,28.476,975.313,43.305,54935.621,2,1,1,0
4353,13015687,0,28.471,975.341,43.310,54864.980,3,1,1,0
4354,13018677,0,28.468,975.323,43.298,54900.277,4,1,1,0
4355,13021667,0,28.473,975.325,43.269,54829.727,5,1,1,0
4356,13024657,0,28.466,975.325,43.250,54971.012,6,1,1,0
4357,13027647,0,28.461,975.316,43.220,54584.223,7,1,1,0
4358,13030637,0,28.473,975.340,43.197,55077.453,8,1,1,0
4359,13033627,0,28.461,975.326,43.196,54935.621,9,1,1,0
4360,13036617,0,28.468,975.354,43.197,54935.621,0,1,1,0
4361,13039607,0,28.468,975.341,43.197,54935.621,1,1,1,0
4362,13042597,0,28.463,975.352,43.202,55041.926,2,1,1,0
4363,13045587,0,28.461,975.333,43.208,54864.980,3,1,1,0
4364,13048577,0,28.458,975.330,43.183,54935.621,4,1,1,0
4365,13051567,0,28.458,975.323,43.183,55041.926,5,1,1,0
4366,13054557,0,28.458,975.337,43.154,55113.023,6,1,1,0
4367,13057547,0,28.456,975.376,43.135,54900.277,7,1,1,0
4368,13060537,0,28.448,975.324,43.123,55327.426,8,1,1,0
4369,13063527,0,28.445,975.334,43.104,55435.254,9,1,1,0
4370,13066517,0,28.448,975.335,43.093,55041.926,0,1,1,0
4371,13069507,0,28.440,975.329,43.098,55184.309,1,1,1,0
4372,13072497,0,28.438,975.343,43.098,55471.289,2,1,1,0
4373,13075487,0,28.443,975.336,43.074,55184.309,3,1,1,0
4374,13078477,0,28.433,975.335,43.103,55291.578,4,1,1,0
4375,13081467,0,28.443,975.340,43.074,55113.023,5,1,1,0
4376,13084457,0,28.440,975.354,43.122,54794.520,6,1,1,0
4377,13087447,0,28.440,975.329,43.140,55507.371,7,1,1,0
4378,13090437,0,28.440,975.346,43.146,55184.309,8,1,1,0
4379,13093427,0,28.438,975.337,43.115,55184.309,9,1,1,0
4380,13096417,0,28.438,975.355,43.127,55220.016,0,1,1,0
4381,13099407,0,28.438,975.336,43.133,55507.371,1,1,1,0
4382,13102397,0,28.433,975.382,43.097,55579.680,2,1,1,0
4383,13105387,0,28.435,975.382,43.115,55327.426,3,1,1,0
4384,13108377,0,28.433,975.369,43.169,55291.578,4,1,1,0
4385,13111367,0,28.435,975.373,43.157,55435.254,5,1,1,0
4386,13114357,0,28.430,975.367,43.162,55113.023,6,1,1,0
4387,13117347,0,28.430,975.357,43.168,55184.309,7,1,1,0
4388,13120337,0,28.425,975.383,43.162,55184.309,8,1,1,0
4389,13123327,0,28.425,975.371,43.156,55399.266,9,1,1,0
4390,13126317,0,28.423,975.378,43.120,55471.289,0,1,1,0
4391,13129307,0,28.420,975.385,43.131,55363.320,1,1,1,0
4392,13132297,0,28.415,975.354,43.119,55870.797,2,1,1,0
4393,13135287,0,28.413,975.354,43.148,55507.371,3,1,1,0
4394,13138277,0,28.410,975.344,43.130,55543.500,4,1,1,0
4395,13141267,0,28.403,975.360,43.123,55113.023,5,1,1,0
4396,13144257,0,28.405,975.355,43.141,55399.266,6,1,1,0
4397,13147247,0,28.403,975.381,43.153,55399.266,7,1,1,0
4398,13150237,0,28.400,975.356,43.165,55255.773,8,1,1,0
4399,13153227,0,28.395,975.361,43.164,55652.176,9,1,1,0
4400,13156217,0,28.395,975.347,43.182,55688.492,0,1,1,0
4401,13159207,0,28.390,975.363,43.187,55363.320,1,1,1,0
4402,13162197,0,28.385,975.355,43.199,55579.680,2,1,1,0
4403,13165187,0,28.388,975.374,43.199,55399.266,3,1,1,0
4404,13168177,0,28.385,975.361,43.229,55688.492,4,1,1,0
4405,13171167,0,28.380,975.353,43.210,55471.289,5,1,1,0
4406,13174157,0,28.383,975.377,43.198,55724.859,6,1,1,0
4407,13177147,0,28.383,975.384,43.210,55435.254,7,1,1,0
4408,13180137,0,28.378,975.367,43.192,55652.176,8,1,1,0
4409,13183127,0,28.373,975.365,43.185,55113.023,9,1,1,0
4410,13186117,0,28.373,975.374,43.197,55543.500,0,1,1,0
4411,13189107,0,28.380,975.371,43.210,56017.504,1,1,1,0
4412,13192097,0,28.373,975.349,43.221,55652.176,2,1,1,0
4413,13195087,0,28.378,975.364,43.246,55255.773,3,1,1,0
4414,13198077,0,28.378,975.365,43.287,55652.176,4,1,1,0
4415,13201067,0,28.383,975.400,43.300,55579.680,5,1,1,0
4416,13204057,0,28.375,975.358,43.311,55761.273,6,1,1,0
4417,13207047,0,28.370,975.345,43.304,55761.273,7,1,1,0
4418,13210037,0,28.373,975.356,43.263,55724.859,8,1,1,0
4419,13213027,0,28.375,975.356,43.227,55907.402,9,1,1,0
4420,13216017,0,28.380,975.362,43.228,55688.492,0,1,1,0
4421,13219007,0,28.375,975.346,43.233,55944.055,1,1,1,0
4422,13221997,0,28.373,975.335,43.197,55724.859,2,1,1,0
4423,13224987,0,28.383,975.360,43.193,55688.492,3,1,1,0
4424,13227977,0,28.383,975.344,43.198,55652.176,4,1,1,0
4425,13230967,0,28.383,975.337,43.175,56313.242,5,1,1,0
4426,13233957,0,28.380,975.335,43.168,55399.266,6,1,1,0
4427,13236947,0,28.378,975.326,43.138,55399.266,7,1,1,0
4428,13239937,0,28.375,975.319,43.114,55907.402,8,1,1,0
4429,13242927,0,28.383,975.335,43.127,55980.758,9,1,1,0
4430,13245917,0,28.378,975.314,43.150,55834.242,0,1,1,0
4431,13248907,0,28.380,975.314,43.162,55907.402,1,1,1,0
4432,13251897,0,28.385,975.312,43.187,55907.402,2,1,1,0
4433,13254887,0,28.380,975.290,43.186,56054.301,3,1,1,0
4434,13257877,0,28.383,975.301,43.175,55761.273,4,1,1,0
4435,13260867,0,28.390,975.300,43.164,55507.371,5,1,1,0
4436,13263857,0,28.390,975.320,43.223,55907.402,6,1,1,0
4437,13266847,0,28.395,975.283,43.236,55907.402,7,1,1,0
4438,13269837,0,28.398,975.277,43.272,55834.242,8,1,1,0
4439,13272827,0,28.393,975.280,43.331,56017.504,9,1,1,0
4440,13275817,0,28.405,975.310,43.368,55688.492,0,1,1,0
4441,13278807,0,28.408,975.299,43.404,55615.902,1,1,1,0
4442,13281797,0,28.420,975.324,43.370,55761.273,2,1,1,0
4443,13284787,0,28.420,975.306,43.370,55870.797,3,1,1,0
4444,13287777,0,28.420,975.295,43.322,55797.734,4,1,1,0
4445,13290767,0,28.425,975.313,43.311,55471.289,5,1,1,0
4446,13293757,0,28.430,975.312,43.312,56128.043,6,1,1,0
4447,13296747,0,28.438,975.307,43.289,55870.797,7,1,1,0
4448,13299737,0,28.435,975.303,43.276,55944.055,8,1,1,0
4449,13302727,0,28.440,975.305,43.277,55761.273,9,1,1,0
4450,13305717,0,28.445,975.289,43.289,55471.289,0,1,1,0
4451,13308707,0,28.448,975.304,43.260,55688.492,1,1,1,0
4452,13311697,0,28.445,975.318,43.218,55688.492,2,1,1,0
4453,13314687,0,28.451,975.301,43.206,55615.902,3,1,1,0
4454,13317677,0,28.445,975.320,43.170,55761.273,4,1,1,0
4455,13320667,0,28.453,975.313,43.153,56054.301,5,1,1,0
4456,13323657,0,28.456,975.321,43.159,55834.242,6,1,1,0
4457,13326647,0,28.456,975.312,43.123,55652.176,7,1,1,0
4458,13329637,0,28.456,975.314,43.123,55724.859,8,1,1,0
4459,13332627,0,28.458,975.308,43.112,56276.105,9,1,1,0
4460,13335617,0,28.456,975.308,43.106,55327.426,0,1,1,0
4461,13338607,0,28.463,975.325,43.095,56239.016,1,1,1,0
4462,13341597,0,28.458,975.319,43.112,55615.902,2,1,1,0
4463,13344587,0,28.458,975.332,43.112,55797.734,3,1,1,0
4464,13347577,0,28.463,975.348,43.100,55870.797,4,1,1,0
4465,13350567,0,28.456,975.328,43.123,55652.176,5,1,1,0
4466,13353557,0,28.468,975.348,43.113,55761.273,6,1,1,0
4467,13356547,0,28.461,975.341,43.124,55688.492,7,1,1,0
4468,13359537,0,28.461,975.330,43.148,56128.043,8,1,1,0
4469,13362527,0,28.461,975.333,43.118,56164.984,9,1,1,0
4470,13365517,0,28.468,975.341,43.155,56239.016,0,1,1,0
4471,13368507,0,28.463,975.307,43.124,56499.668,1,1,1,0
4472,13371497,0,28.461,975.317,43.106,56276.105,2,1,1,0
4473,13374487,0,28.461,975.290,43.088,56054.301,3,1,1,0
4474,13377477,0,28.468,975.288,43.047,56387.664,4,1,1,0
4475,13380467,0,28.466,975.287,43.059,55980.758,5,1,1,0
4476,13383457,0,28.466,975.285,43.029,56128.043,6,1,1,0
4477,13386447,0,28.466,975.334,42.999,56537.102,7,1,1,0
4478,13389437,0,28.468,975.329,43.006,55944.055,8,1,1,0
4479,13392427,0,28.468,975.323,42.988,55688.492,9,1,1,0
4480,13395417,0,28.458,975.321,43.022,56054.301,0,1,1,0
4481,13398407,0,28.461,975.332,43.047,56054.301,1,1,1,0
4482,13401397,0,28.468,975.354,43.071,56128.043,2,1,1,0
4483,13404387,0,28.461,975.344,43.064,55652.176,3,1,1,0
4484,13407377,0,28.458,975.303,43.058,56091.148,4,1,1,0
4485,13410367,0,28.463,975.341,43.017,55980.758,5,1,1,0
4486,13413357,0,28.453,975.342,42.968,56201.977,6,1,1,0
4487,13416347,0,28.456,975.355,42.939,56239.016,7,1,1,0
4488,13419337,0,28.453,975.347,42.920,56054.301,8,1,1,0
4489,13422327,0,28.453,975.345,42.885,56313.242,9,1,1,0
4490,13425317,0,28.448,975.363,42.860,56350.430,0,1,1,0
4491,13428307,0,28.448,975.349,42.807,56424.949,1,1,1,0
4492,13431297,0,28.451,975.358,42.795,56313.242,2,1,1,0
4493,13434287,0,28.443,975.338,42.758,56128.043,3,1,1,0
4494,13437277,0,28.438,975.323,42.746,57028.293,4,1,1,0
4495,13440267,0,28.435,975.344,42.740,56725.016,5,1,1,0
4496,13443257,0,28.435,975.339,42.704,56387.664,6,1,1,0
4497,13446247,0,28.433,975.344,42.716,56424.949,7,1,1,0
4498,13449237,0,28.435,975.350,42.716,56537.102,8,1,1,0
4499,13452227,0,28.433,975.341,42.739,56201.977,9,1,1,0
4500,13455217,0,28.435,975.346,42.764,56424.949,0,1,1,0
4501,13458207,0,28.433,975.350,42.727,56462.285,1,1,1,0
4502,13461197,0,28.433,975.326,42.698,56499.668,2,1,1,0
4503,13464187,0,28.440,975.366,42.705,56499.668,3,1,1,0
4504,13467177,0,28.433,975.359,42.662,56462.285,4,1,1,0
4505,13470167,0,28.435,975.339,42.656,56499.668,5,1,1,0
4506,13473157,0,28.435,975.355,42.656,56725.016,6,1,1,0
4507,13476147,0,28.435,975.335,42.627,56762.750,7,1,1,0
4508,13479137,0,28.433,975.317,42.644,56201.977,8,1,1,0
4509,13482127,0,28.435,975.341,42.609,56276.105,9,1,1,0
4510,13485117,0,28.433,975.339,42.614,56424.949,0,1,1,0
4511,13488107,0,28.430,975.330,42.632,56276.105,1,1,1,0
4512,13491097,0,28.433,975.334,42.632,56574.586,2,1,1,0
4513,13494087,0,28.435,975.343,42.662,56649.703,3,1,1,0
4514,13497077,0,28.428,975.330,42.721,56574.586,4,1,1,0
4515,13500067,0,28.433,975.335,42.704,56537.102,5,1,1,0
4516,13503057,0,28.438,975.343,42.692,56574.586,6,1,1,0
4517,13506047,0,28.440,975.357,42.716,56499.668,7,1,1,0
4518,13509037,0,28.430,975.331,42.727,56424.949,8,1,1,0
4519,13512027,0,28.430,975.324,42.751,56537.102,9,1,1,0
4520,13515017,0,28.438,975.341,42.752,56649.703,0,1,1,0
4521,13518007,0,28.435,975.328,42.775,56462.285,1,1,1,0
4522,13520997,0,28.438,975.336,42.788,56990.203,2,1,1,0
4523,13523987,0,28.433,975.334,42.775,56649.703,3,1,1,0
4524,13526977,0,28.430,975.328,42.763,56574.586,4,1,1,0
4525,13529967,0,28.425,975.322,42.750,56649.703,5,1,1,0
4526,13532957,0,28.428,975.313,42.757,56537.102,6,1,1,0
4527,13535947,0,28.433,975.307,42.745,56762.750,7,1,1,0
4528,13538937,0,28.433,975.323,42.745,56499.668,8,1,1,0
4529,13541927,0,28.433,975.317,42.757,56313.242,9,1,1,0
4530,13544917,0,28.428,975.306,42.727,56876.250,0,1,1,0
4531,13547907,0,28.423,975.335,42.691,56725.016,1,1,1,0
4532,13550897,0,28.428,975.328,42.709,57028.293,2,1,1,0
4533,13553887,0,28.423,975.324,42.714,56499.668,3,1,1,0
4534,13556877,0,28.425,975.322,42.679,56800.531,4,1,1,0
4535,13559867,0,28.425,975.324,42.703,56838.367,5,1,1,0
4536,13562857,0,28.420,975.349,42.720,56952.168,6,1,1,0
4537,13565847,0,28.420,975.340,42.732,56612.117,7,1,1,0
4538,13568837,0,28.415,975.325,42.737,56537.102,8,1,1,0
4539,13571827,0,28.418,975.331,42.761,56612.117,9,1,1,0
4540,13574817,0,28.425,975.324,42.768,57142.855,0,1,1,0
4541,13577807,0,28.423,975.308,42.786,56612.117,1,1,1,0
4542,13580797,0,28.425,975.308,42.786,56838.367,2,1,1,0
4543,13583787,0,28.428,975.319,42.786,56876.250,3,1,1,0
4544,13586777,0,28.433,975.294,42.787,56725.016,4,1,1,0
4545,13589767,0,28.428,975.303,42.798,56537.102,5,1,1,0
4546,13592757,0,28.440,975.345,42.782,56687.332,6,1,1,0
4547,13595747,0,28.440,975.312,42.776,56687.332,7,1,1,0
4548,13598737,0,28.443,975.302,42.800,56914.184,8,1,1,0
4549,13601727,0,28.445,975.291,42.812,56387.664,9,1,1,0
4550,13604717,0,28.438,975.298,42.817,56914.184,0,1,1,0
4551,13607707,0,28.443,975.314,42.872,57142.855,1,1,1,0
4552,13610697,0,28.448,975.284,42.872,56990.203,2,1,1,0
4553,13613687,0,28.451,975.288,42.813,56952.168,3,1,1,0
4554,13616677,0,28.453,975.283,42.801,56952.168,4,1,1,0
4555,13619667,0,28.458,975.281,42.820,56990.203,5,1,1,0
4556,13622657,0,28.466,975.309,42.791,56462.285,6,1,1,0
4557,13625647,0,28.466,975.303,42.797,57028.293,7,1,1,0
4558,13628637,0,28.461,975.301,42.755,56800.531,8,1,1,0
4559,13631627,0,28.471,975.298,42.756,56800.531,9,1,1,0
4560,13634617,0,28.471,975.298,42.762,56800.531,0,1,1,0
4561,13637607,0,28.473,975.309,42.786,56649.703,1,1,1,0
4562,13640597,0,28.468,975.295,42.773,56462.285,2,1,1,0
4563,13643587,0,28.473,975.315,42.786,56914.184,3,1,1,0
4564,13646577,0,28.476,975.322,42.780,56574.586,4,1,1,0
4565,13649567,0,28.483,975.335,42.781,57028.293,5,1,1,0
4566,13652557,0,28.483,975.315,42.793,56762.750,6,1,1,0
4567,13655547,0,28.491,975.314,42.830,56876.250,7,1,1,0
4568,13658537,0,28.488,975.342,42.829,56762.750,8,1,1,0
4569,13661527,0,28.496,975.354,42.818,56612.117,9,1,1,0
4570,13664517,0,28.493,975.341,42.806,56649.703,0,1,1,0
4571,13667507,0,28.496,975.350,42.782,56725.016,1,1,1,0
4572,13670497,0,28.503,975.345,42.765,57028.293,2,1,1,0
4573,13673487,0,28.496,975.318,42.741,56952.168,3,1,1,0
4574,13676477,0,28.501,975.340,42.700,56725.016,4,1,1,0
4575,13679467,0,28.503,975.324,42.652,57528.090,5,1,1,0
4576,13682457,0,28.501,975.329,42.616,56612.117,6,1,1,0
4577,13685447,0,28.508,975.351,42.588,57334.828,7,1,1,0
4578,13688437,0,28.508,975.357,42.564,57104.617,8,1,1,0
4579,13691427,0,28.506,975.342,42.534,57028.293,9,1,1,0
4580,13694417,0,28.506,975.342,42.516,57373.375,0,1,1,0
4581,13697407,0,28.506,975.358,42.486,56876.250,1,1,1,0
4582,13700397,0,28.506,975.347,42.498,56952.168,2,1,1,0
4583,13703387,0,28.503,975.317,42.504,57219.492,3,1,1,0
4584,13706377,0,28.503,975.342,42.522,56725.016,4,1,1,0
4585,13709367,0,28.503,975.329,42.486,56800.531,5,1,1,0
4586,13712357,0,28.511,975.353,42.510,56725.016,6,1,1,0
4587,13715347,0,28.503,975.344,42.522,57104.617,7,1,1,0
4588,13718337,0,28.506,975.330,42.528,56876.250,8,1,1,0
4589,13721327,0,28.513,975.350,42.546,56914.184,9,1,1,0
4590,13724317,0,28.511,975.321,42.522,57334.828,0,1,1,0
4591,13727307,0,28.513,975.335,42.558,57373.375,1,1,1,0
4592,13730297,0,28.516,975.343,42.594,56612.117,2,1,1,0
4593,13733287,0,28.521,975.336,42.654,57334.828,3,1,1,0
4594,13736277,0,28.521,975.332,42.690,56952.168,4,1,1,0
4595,13739267,0,28.518,975.298,42.702,56276.105,5,1,1,0
4596,13742257,0,28.521,975.327,42.720,56800.531,6,1,1,0
4597,13745247,0,28.526,975.338,42.715,56952.168,7,1,1,0
4598,13748237,0,28.526,975.367,42.691,56574.586,8,1,1,0
4599,13751227,0,28.521,975.349,42.690,56838.367,9,1,1,0
4600,13754217,0,28.528,975.349,42.667,56952.168,0,1,1,0
4601,13757207,0,28.523,975.322,42.679,56952.168,1,1,1,0
4602,13760197,0,28.528,975.338,42.649,56838.367,2,1,1,0
4603,13763187,0,28.518,975.348,42.642,56952.168,3,1,1,0
4604,13766177,0,28.518,975.336,42.642,56952.168,4,1,1,0
4605,13769167,0,28.523,975.336,42.661,56952.168,5,1,1,0
4606,13772157,0,28.521,975.327,42.690,57219.492,6,1,1,0
4607,13775147,0,28.521,975.336,42.684,57257.883,7,1,1,0
4608,13778137,0,28.531,975.351,42.685,56876.250,8,1,1,0
4609,13781127,0,28.523,975.349,42.679,56499.668,9,1,1,0
4610,13784117,0,28.521,975.334,42.678,57296.328,0,1,1,0
4611,13787107,0,28.523,975.343,42.667,56952.168,1,1,1,0
4612,13790097,0,28.531,975.349,42.679,57028.293,2,1,1,0
4613,13793087,0,28.523,975.308,42.679,56800.531,3,1,1,0
4614,13796077,0,28.523,975.309,42.643,56800.531,4,1,1,0
4615,13799067,0,28.521,975.307,42.607,57181.148,5,1,1,0
4616,13802057,0,28.528,975.315,42.584,57411.977,6,1,1,0
4617,13805047,0,28.521,975.322,42.583,56612.117,7,1,1,0
4618,13808037,0,28.523,975.329,42.524,57066.430,8,1,1,0
4619,13811027,0,28.513,975.285,42.523,56838.367,9,1,1,0
4620,13814017,0,28.516,975.310,42.559,57066.430,0,1,1,0
4621,13817007,0,28.518,975.314,42.577,57028.293,1,1,1,0
4622,13819997,0,28.506,975.304,42.563,56725.016,2,1,1,0
4623,13822987,0,28.516,975.345,42.571,57181.148,3,1,1,0
4624,13825977,0,28.513,975.283,42.630,57104.617,4,1,1,0
4625,13828967,0,28.513,975.327,42.701,57334.828,5,1,1,0
4626,13831957,0,28.511,975.289,42.725,57142.855,6,1,1,0
4627,13834947,0,28.513,975.287,42.731,56800.531,7,1,1,0
4628,13837937,0,28.516,975.260,42.737,57489.332,8,1,1,0
4629,13840927,0,28.511,975.309,42.713,56838.367,9,1,1,0
4630,13843917,0,28.516,975.251,42.660,57257.883,0,1,1,0
4631,13846907,0,28.516,975.251,42.636,57066.430,1,1,1,0
4632,13849897,0,28.523,975.286,42.661,56914.184,2,1,1,0
4633,13852887,0,28.528,975.261,42.685,57334.828,3,1,1,0
4634,13855877,0,28.528,975.286,42.721,57066.430,4,1,1,0
4635,13858867,0,28.526,975.268,42.679,57489.332,5,1,1,0
4636,13861857,0,28.531,975.272,42.638,57296.328,6,1,1,0
4637,13864847,0,28.533,975.283,42.573,57142.855,7,1,1,0
4638,13867837,0,28.533,975.279,42.561,57257.883,8,1,1,0
4639,13870827,0,28.531,975.265,42.519,57373.375,9,1,1,0
4640,13873817,0,28.538,975.278,42.526,57104.617,0,1,1,0
4641,13876807,0,28.533,975.274,42.495,57066.430,1,1,1,0
4642,13879797,0,28.533,975.292,42.477,57181.148,2,1,1,0
4643,13882787,0,28.533,975.265,42.448,57683.641,3,1,1,0
4644,13885777,0,28.541,975.305,42.460,57296.328,4,1,1,0
4645,13888767,0,28.538,975.271,42.478,57373.375,5,1,1,0
4646,13891757,0,28.531,975.263,42.507,57257.883,6,1,1,0
4647,13894747,0,28.528,975.258,42.489,57800.859,7,1,1,0
4648,13897737,0,28.538,975.283,42.502,57296.328,8,1,1,0
4649,13900727,0,28.531,975.272,42.495,57683.641,9,1,1,0
4650,13903717,0,28.531,975.283,42.543,56876.250,0,1,1,0
4651,13906707,0,28.528,975.281,42.596,57066.430,1,1,1,0
4652,13909697,0,28.538,975.301,42.656,57296.328,2,1,1,0
4653,13912687,0,28.544,975.286,42.657,57411.977,3,1,1,0
4654,13915677,0,28.546,975.288,42.729,57566.898,4,1,1,0
4655,13918667,0,28.549,975.293,42.681,57800.859,5,1,1,0
4656,13921657,0,28.551,975.266,42.706,56914.184,6,1,1,0
4657,13924647,0,28.559,975.301,42.695,57296.328,7,1,1,0
4658,13927637,0,28.556,975.281,42.730,57800.859,8,1,1,0
4659,13930627,0,28.559,975.265,42.730,57334.828,9,1,1,0
4660,13933617,0,28.554,975.263,42.747,57722.660,0,1,1,0
4661,13936607,0,28.571,975.287,42.750,56952.168,1,1,1,0
4662,13939597,0,28.564,975.278,42.737,57334.828,2,1,1,0
4663,13942587,0,28.561,975.290,42.731,57334.828,3,1,1,0
4664,13945577,0,28.566,975.276,42.683,57181.148,4,1,1,0
4665,13948567,0,28.566,975.269,42.683,57181.148,5,1,1,0
4666,13951557,0,28.559,975.281,42.653,57181.148,6,1,1,0
4667,13954547,0,28.564,975.280,42.612,57257.883,7,1,1,0
4668,13957537,0,28.561,975.278,42.522,57219.492,8,1,1,0
4669,13960527,0,28.566,975.287,42.493,57066.430,9,1,1,0
4670,13963517,0,28.564,975.278,42.493,57219.492,0,1,1,0
4671,13966507,0,28.556,975.277,42.415,57489.332,1,1,1,0
4672,13969497,0,28.549,975.275,42.378,57411.977,2,1,1,0
4673,13972487,0,28.554,975.286,42.337,57450.629,3,1,1,0
4674,13975477,0,28.541,975.266,42.312,57334.828,4,1,1,0
4675,13978467,0,28.546,975.291,42.289,57334.828,5,1,1,0
4676,13981457,0,28.544,975.266,42.247,57840.035,6,1,1,0
4677,13984447,0,28.531,975.263,42.228,57566.898,7,1,1,0
4678,13987437,0,28.533,975.261,42.210,57489.332,8,1,1,0
4679,13990427,0,28.538,975.265,42.193,57566.898,9,1,1,0
4680,13993417,0,28.531,975.260,42.192,57683.641,0,1,1,0
4681,13996407,0,28.533,975.263,42.175,57566.898,1,1,1,0
4682,13999397,0,28.523,975.257,42.150,57722.660,2,1,1,0
4683,14002387,0,28.531,975.256,42.162,57566.898,3,1,1,0
4684,14005377,0,28.531,975.276,42.168,57918.551,4,1,1,0
4685,14008367,0,28.526,975.263,42.156,57957.891,5,1,1,0
4686,14011357,0,28.533,975.263,42.169,57761.734,6,1,1,0
4687,14014347,0,28.523,975.245,42.156,58155.383,7,1,1,0
4688,14017337,0,28.523,975.255,42.179,57918.551,8,1,1,0
4689,14020327,0,28.523,975.254,42.227,57840.035,9,1,1,0
4690,14023317,0,28.523,975.239,42.262,57644.676,0,1,1,0
4691,14026307,0,28.518,975.232,42.256,57722.660,1,1,1,0
4692,14029297,0,28.518,975.253,42.297,57528.090,2,1,1,0
4693,14032287,0,28.518,975.237,42.309,57644.676,3,1,1,0
4694,14035277,0,28.521,975.254,42.321,57566.898,4,1,1,0
4695,14038267,0,28.523,975.272,42.334,58036.727,5,1,1,0
4696,14041257,0,28.523,975.264,42.310,57800.859,6,1,1,0
4697,14044247,0,28.516,975.250,42.309,57644.676,7,1,1,0
4698,14047237,0,28.521,975.266,42.339,57918.551,8,1,1,0
4699,14050227,0,28.511,975.240,42.332,57800.859,9,1,1,0
4700,14053217,0,28.511,975.239,42.368,57644.676,0,1,1,0
4701,14056207,0,28.513,975.255,42.344,58195.043,1,1,1,0
4702,14059197,0,28.513,975.233,42.333,57840.035,2,1,1,0
4703,14062187,0,28.513,975.230,42.303,57800.859,3,1,1,0
4704,14065177,0,28.508,975.231,42.302,57489.332,4,1,1,0
4705,14068167,0,28.503,975.233,42.319,57722.660,5,1,1,0
4706,14071157,0,28.503,975.243,42.308,57879.266,6,1,1,0
4707,14074147,0,28.503,975.256,42.272,57918.551,7,1,1,0
4708,14077137,0,28.503,975.234,42.260,57997.281,8,1,1,0
4709,14080127,0,28.501,975.286,42.242,58394.160,9,1,1,0
4710,14083117,0,28.488,975.239,42.223,58354.227,0,1,1,0
4711,14086107,0,28.491,975.246,42.187,57997.281,1,1,1,0
4712,14089097,0,28.491,975.257,42.181,57957.891,2,1,1,0
4713,14092087,0,28.483,975.233,42.187,58155.383,3,1,1,0
4714,14095077,0,28.483,975.251,42.187,58115.777,4,1,1,0
4715,14098067,0,28.483,975.253,42.187,58036.727,5,1,1,0
4716,14101057,0,28.473,975.229,42.174,58115.777,6,1,1,0
4717,14104047,0,28.481,975.260,42.257,57918.551,7,1,1,0
4718,14107037,0,28.478,975.234,42.299,57722.660,8,1,1,0
4719,14110027,0,28.478,975.263,42.299,58076.227,9,1,1,0
4720,14113017,0,28.476,975.254,42.298,58076.227,0,1,1,0
4721,14116007,0,28.471,975.259,42.304,57879.266,1,1,1,0
4722,14118997,0,28.463,975.248,42.333,57957.891,2,1,1,0
4723,14121987,0,28.466,975.244,42.345,58115.777,3,1,1,0
4724,14124977,0,28.461,975.215,42.362,58195.043,4,1,1,0
4725,14127967,0,28.453,975.222,42.379,58155.383,5,1,1,0
4726,14130957,0,28.456,975.245,42.379,57957.891,6,1,1,0
4727,14133947,0,28.451,975.241,42.414,58195.043,7,1,1,0
4728,14136937,0,28.453,975.240,42.432,58474.188,8,1,1,0
4729,14139927,0,28.451,975.249,42.498,58036.727,9,1,1,0
4730,14142917,0,28.443,975.237,42.503,58076.227,0,1,1,0
4731,14145907,0,28.440,975.260,42.514,58234.758,1,1,1,0
4732,14148897,0,28.445,975.259,42.515,58234.758,2,1,1,0
4733,14151887,0,28.435,975.253,42.543,57840.035,3,1,1,0
4734,14154877,0,28.440,975.246,42.574,58274.527,4,1,1,0
4735,14157867,0,28.433,975.237,42.537,58195.043,5,1,1,0
4736,14160857,0,28.433,975.244,42.543,58155.383,6,1,1,0
4737,14163847,0,28.440,975.241,42.538,58715.598,7,1,1,0
4738,14166837,0,28.435,975.244,42.543,58195.043,8,1,1,0
4739,14169827,0,28.433,975.224,42.525,58195.043,9,1,1,0
4740,14172817,0,28.428,975.235,42.519,58354.227,0,1,1,0
4741,14175807,0,28.423,975.229,42.530,58155.383,1,1,1,0
4742,14178797,0,28.420,975.227,42.500,58715.598,2,1,1,0
4743,14181787,0,28.430,975.244,42.513,58036.727,3,1,1,0
4744,14184777,0,28.420,975.229,42.518,58434.148,4,1,1,0
4745,14187767,0,28.415,975.235,42.523,58354.227,5,1,1,0
4746,14190757,0,28.418,975.241,42.565,58314.352,6,1,1,0
4747,14193747,0,28.415,975.225,42.577,58434.148,7,1,1,0
4748,14196737,0,28.413,975.246,42.582,58155.383,8,1,1,0
4749,14199727,0,28.410,975.257,42.582,57957.891,9,1,1,0
4750,14202717,0,28.410,975.262,42.600,58594.645,0,1,1,0
4751,14205707,0,28.400,975.236,42.581,58474.188,1,1,1,0
4752,14208697,0,28.400,975.240,42.581,58715.598,2,1,1,0
4753,14211687,0,28.393,975.254,42.592,58434.148,3,1,1,0
4754,14214677,0,28.400,975.267,42.557,58115.777,4,1,1,0
4755,14217667,0,28.388,975.227,42.556,58354.227,5,1,1,0
4756,14220657,0,28.393,975.250,42.527,58554.438,6,1,1,0
4757,14223647,0,28.383,975.239,42.513,58594.645,7,1,1,0
4758,14226637,0,28.380,975.215,42.501,58554.438,8,1,1,0
4759,14229627,0,28.375,975.244,42.489,58394.160,9,1,1,0
4760,14232617,0,28.368,975.245,42.476,58594.645,0,1,1,0
4761,14235607,0,28.373,975.250,42.453,58675.223,1,1,1,0
4762,14238597,0,28.370,975.272,42.488,58634.906,2,1,1,0
4763,14241587,0,28.365,975.236,42.464,58675.223,3,1,1,0
4764,14244577,0,28.363,975.239,42.446,58594.645,4,1,1,0
4765,14247567,0,28.363,975.223,42.458,58675.223,5,1,1,0
4766,14250557,0,28.355,975.242,42.457,58434.148,6,1,1,0
4767,14253547,0,28.352,975.246,42.456,58354.227,7,1,1,0
4768,14256537,0,28.352,975.251,42.456,58756.023,8,1,1,0
4769,14259527,0,28.350,975.267,42.504,58837.051,9,1,1,0
4770,14262517,0,28.340,975.241,42.526,58594.645,0,1,1,0
4771,14265507,0,28.340,975.268,42.568,58514.285,1,1,1,0
4772,14268497,0,28.332,975.235,42.567,58756.023,2,1,1,0
4773,14271487,0,28.335,975.257,42.573,58195.043,3,1,1,0
4774,14274477,0,28.322,975.235,42.631,58715.598,4,1,1,0
4775,14277467,0,28.322,975.229,42.703,58837.051,5,1,1,0
4776,14280457,0,28.320,975.224,42.714,58394.160,6,1,1,0
4777,14283447,0,28.320,975.236,42.738,58354.227,7,1,1,0
4778,14286437,0,28.312,975.234,42.737,58554.438,8,1,1,0
4779,14289427,0,28.315,975.247,42.726,58837.051,9,1,1,0
4780,14292417,0,28.312,975.248,42.767,58394.160,0,1,1,0
4781,14295407,0,28.297,975.244,42.777,58837.051,1,1,1,0
4782,14298397,0,28.300,975.235,42.795,58594.645,2,1,1,0
4783,14301387,0,28.295,975.234,42.830,58394.160,3,1,1,0
4784,14304377,0,28.292,975.227,42.830,58675.223,4,1,1,0
4785,14307367,0,28.297,975.235,42.807,58594.645,5,1,1,0
4786,14310357,0,28.290,975.245,42.806,58514.285,6,1,1,0
4787,14313347,0,28.287,975.250,42.794,58474.188,7,1,1,0
4788,14316337,0,28.282,975.235,42.841,58796.508,8,1,1,0
4789,14319327,0,28.282,975.228,42.895,58877.645,9,1,1,0
4790,14322317,0,28.282,975.235,42.924,58554.438,0,1,1,0
4791,14325307,0,28.280,975.237,42.948,58756.023,1,1,1,0
4792,14328297,0,28.277,975.213,42.965,58756.023,2,1,1,0
4793,14331287,0,28.282,975.227,42.978,58115.777,3,1,1,0
4794,14334277,0,28.282,975.234,42.984,58434.148,4,1,1,0
4795,14337267,0,28.287,975.243,42.973,58675.223,5,1,1,0
4796,14340257,0,28.285,975.236,42.972,59040.590,6,1,1,0
4797,14343247,0,28.287,975.241,42.984,58796.508,7,1,1,0
4798,14346237,0,28.282,975.234,42.984,58756.023,8,1,1,0
4799,14349227,0,28.287,975.237,42.984,58514.285,9,1,1,0
4800,14352217,0,28.290,975.238,43.032,58675.223,0,1,1,0
4801,14355207,0,28.287,975.232,43.044,58514.285,1,1,1,0
4802,14358197,0,28.292,975.249,43.045,58634.906,2,1,1,0
4803,14361187,0,28.292,975.231,43.051,58514.285,3,1,1,0
4804,14364177,0,28.300,975.226,43.057,58756.023,4,1,1,0
4805,14367167,0,28.307,975.255,43.058,59122.402,5,1,1,0
4806,14370157,0,28.317,975.275,43.048,59204.441,6,1,1,0
4807,14373147,0,28.317,975.265,43.054,58959.004,7,1,1,0
4808,14376137,0,28.315,975.223,43.071,58756.023,8,1,1,0
4809,14379127,0,28.322,975.249,43.042,58554.438,9,1,1,0
4810,14382117,0,28.325,975.246,43.031,58434.148,0,1,1,0
4811,14385107,0,28.325,975.228,42.989,58675.223,1,1,1,0
4812,14388097,0,28.340,975.243,42.979,58554.438,2,1,1,0
4813,14391087,0,28.350,975.267,42.956,58837.051,3,1,1,0
4814,14394077,0,28.347,975.242,42.932,58594.645,4,1,1,0
4815,14397067,0,28.352,975.253,42.885,58554.438,5,1,1,0
4816,14400057,0,28.357,975.239,42.885,58434.148,6,1,1,0
4817,14403047,0,28.365,975.252,42.803,58514.285,7,1,1,0
4818,14406037,0,28.370,975.268,42.762,58837.051,8,1,1,0
4819,14409027,0,28.380,975.269,42.727,58756.023,9,1,1,0
4820,14412017,0,28.378,975.271,42.673,58675.223,0,1,1,0
4821,14415007,0,28.383,975.273,42.638,58675.223,1,1,1,0
4822,14417997,0,28.385,975.262,42.567,58434.148,2,1,1,0
4823,14420987,0,28.383,975.262,42.531,58756.023,3,1,1,0
4824,14423977,0,28.385,975.268,42.502,58756.023,4,1,1,0
4825,14426967,0,28.390,975.263,42.449,58837.051,5,1,1,0
4826,14429957,0,28.383,975.251,42.424,58918.297,6,1,1,0
4827,14432947,0,28.385,975.257,42.365,59286.707,7,1,1,0
4828,14435937,0,28.380,975.255,42.371,58837.051,8,1,1,0
4829,14438927,0,28.383,975.262,42.317,59040.590,9,1,1,0
4830,14441917,0,28.378,975.240,42.335,58675.223,0,1,1,0
4831,14444907,0,28.378,975.262,42.352,58837.051,1,1,1,0
4832,14447897,0,28.375,975.235,42.358,58877.645,2,1,1,0
4833,14450887,0,28.380,975.255,42.388,58675.223,3,1,1,0
4834,14453877,0,28.378,975.253,42.400,58999.770,4,1,1,0
4835,14456867,0,28.373,975.252,42.399,58837.051,5,1,1,0
4836,14459857,0,28.375,975.269,42.412,58999.770,6,1,1,0
4837,14462847,0,28.380,975.255,42.436,58715.598,7,1,1,0
4838,14465837,0,28.375,975.251,42.435,58837.051,8,1,1,0
4839,14468827,0,28.373,975.267,42.453,58918.297,9,1,1,0
4840,14471817,0,28.368,975.257,42.434,58354.227,0,1,1,0
4841,14474807,0,28.365,975.261,42.446,58756.023,1,1,1,0
4842,14477797,0,28.365,975.252,42.452,58837.051,2,1,1,0
4843,14480787,0,28.363,975.261,42.511,59327.926,3,1,1,0
4844,14483777,0,28.370,975.256,42.548,58837.051,4,1,1,0
4845,14486767,0,28.368,975.254,42.589,58959.004,5,1,1,0
4846,14489757,0,28.368,975.250,42.571,58715.598,6,1,1,0
4847,14492747,0,28.360,975.244,42.588,58959.004,7,1,1,0
4848,14495737,0,28.363,975.253,42.553,58918.297,8,1,1,0
4849,14498727,0,28.363,975.259,42.582,58999.770,9,1,1,0
4850,14501717,0,28.355,975.257,42.564,58715.598,0,1,1,0
4851,14504707,0,28.355,975.262,42.605,58999.770,1,1,1,0
4852,14507697,0,28.355,975.260,42.635,58837.051,2,1,1,0
4853,14510687,0,28.355,975.246,42.635,59040.590,3,1,1,0
4854,14513677,0,28.352,975.258,42.659,58999.770,4,1,1,0
4855,14516667,0,28.347,975.240,42.676,58594.645,5,1,1,0
4856,14519657,0,28.350,975.254,42.682,58837.051,6,1,1,0
4857,14522647,0,28.355,975.257,42.695,58959.004,7,1,1,0
4858,14525637,0,28.352,975.251,42.700,59040.590,8,1,1,0
4859,14528627,0,28.347,975.252,42.688,59451.926,9,1,1,0
4860,14531617,0,28.350,975.249,42.640,58999.770,0,1,1,0
4861,14534607,0,28.352,975.253,42.665,59163.395,1,1,1,0
4862,14537597,0,28.350,975.245,42.611,59743.289,2,1,1,0
4863,14540587,0,28.347,975.244,42.569,58918.297,3,1,1,0
4864,14543577,0,28.335,975.225,42.550,59081.469,4,1,1,0
4865,14546567,0,28.347,975.227,42.521,59204.441,5,1,1,0
4866,14549557,0,28.340,975.227,42.509,58837.051,6,1,1,0
4867,14552547,0,28.335,975.239,42.520,59410.535,7,1,1,0
4868,14555537,0,28.325,975.204,42.477,58999.770,8,1,1,0
4869,14558527,0,28.327,975.228,42.465,59204.441,9,1,1,0
4870,14561517,0,28.320,975.211,42.441,59369.203,0,1,1,0
4871,14564507,0,28.325,975.235,42.435,59493.375,1,1,1,0
4872,14567497,0,28.317,975.241,42.417,59410.535,2,1,1,0
4873,14570487,0,28.320,975.249,42.453,59204.441,3,1,1,0
4874,14573477,0,28.320,975.243,42.482,58959.004,4,1,1,0
4875,14576467,0,28.312,975.241,42.505,59369.203,5,1,1,0
4876,14579457,0,28.315,975.232,42.512,58675.223,6,1,1,0
4877,14582447,0,28.315,975.232,42.535,59245.547,7,1,1,0
4878,14585437,0,28.312,975.232,42.517,59204.441,8,1,1,0
4879,14588427,0,28.310,975.239,42.511,59451.926,9,1,1,0
4880,14591417,0,28.305,975.237,42.498,58999.770,0,1,1,0
4881,14594407,0,28.307,975.234,42.481,59327.926,1,1,1,0
4882,14597397,0,28.307,975.210,42.451,59493.375,2,1,1,0
4883,14600387,0,28.310,975.228,42.446,59493.375,3,1,1,0
4884,14603377,0,28.307,975.210,42.422,59618.070,4,1,1,0
4885,14606367,0,28.310,975.225,42.368,59827.062,5,1,1,0
4886,14609357,0,28.300,975.211,42.338,59701.492,6,1,1,0
4887,14612347,0,28.307,975.228,42.297,59576.449,7,1,1,0
4888,14615337,0,28.292,975.204,42.259,59493.375,8,1,1,0
4889,14618327,0,28.292,975.195,42.242,59953.160,9,1,1,0
4890,14621317,0,28.290,975.179,42.247,59785.148,0,1,1,0
4891,14624307,0,28.287,975.187,42.265,59493.375,1,1,1,0
4892,14627297,0,28.290,975.204,42.218,60037.523,2,1,1,0
4893,14630287,0,28.285,975.200,42.199,59618.070,3,1,1,0
4894,14633277,0,28.277,975.187,42.210,59953.160,4,1,1,0
4895,14636267,0,28.282,975.203,42.199,59204.441,5,1,1,0
4896,14639257,0,28.270,975.184,42.192,59576.449,6,1,1,0
4897,14642247,0,28.270,975.195,42.209,59743.289,7,1,1,0
4898,14645237,0,28.267,975.188,42.245,59081.469,8,1,1,0
4899,14648227,0,28.264,975.196,42.250,59743.289,9,1,1,0
4900,14651217,0,28.264,975.188,42.256,59576.449,0,1,1,0
4901,14654207,0,28.264,975.182,42.244,59122.402,1,1,1,0
4902,14657197,0,28.264,975.175,42.256,59576.449,2,1,1,0
4903,14660187,0,28.262,975.175,42.280,59245.547,3,1,1,0
4904,14663177,0,28.267,975.152,42.286,59953.160,4,1,1,0
4905,14666167,0,28.257,975.157,42.303,59911.070,5,1,1,0
4906,14669157,0,28.264,975.182,42.316,59827.062,6,1,1,0
4907,14672147,0,28.257,975.185,42.339,59618.070,7,1,1,0
4908,14675137,0,28.259,975.168,42.357,59827.062,8,1,1,0
4909,14678127,0,28.262,975.171,42.339,59659.754,9,1,1,0
4910,14681117,0,28.262,975.155,42.357,59659.754,0,1,1,0
4911,14684107,0,28.264,975.152,42.363,60122.125,1,1,1,0
4912,14687097,0,28.257,975.167,42.356,59743.289,2,1,1,0
4913,14690087,0,28.262,975.180,42.351,59827.062,3,1,1,0
4914,14693077,0,28.254,975.158,42.338,59659.754,4,1,1,0
4915,14696067,0,28.247,975.154,42.337,59701.492,5,1,1,0
4916,14699057,0,28.247,975.133,42.373,59327.926,6,1,1,0
4917,14702047,0,28.252,975.142,42.362,59911.070,7,1,1,0
4918,14705037,0,28.247,975.163,42.373,59743.289,8,1,1,0
4919,14708027,0,28.242,975.150,42.372,59369.203,9,1,1,0
4920,14711017,0,28.242,975.163,42.396,59493.375,0,1,1,0
4921,14714007,0,28.239,975.152,42.449,59493.375,1,1,1,0
4922,14716997,0,28.234,975.155,42.455,59911.070,2,1,1,0
4923,14719987,0,28.232,975.126,42.466,59995.312,3,1,1,0
4924,14722977,0,28.239,975.130,42.443,59204.441,4,1,1,0
4925,14725967,0,28.244,975.124,42.474,59827.062,5,1,1,0
4926,14728957,0,28.239,975.120,42.491,60122.125,6,1,1,0
4927,14731947,0,28.239,975.132,42.509,59869.035,7,1,1,0
4928,14734937,0,28.242,975.136,42.491,60164.512,8,1,1,0
4929,14737927,0,28.239,975.138,42.491,59327.926,9,1,1,0
4930,14740917,0,28.239,975.168,42.497,59911.070,0,1,1,0
4931,14743907,0,28.229,975.142,42.490,59869.035,1,1,1,0
4932,14746897,0,28.239,975.145,42.515,59618.070,2,1,1,0
4933,14749887,0,28.232,975.137,42.508,60079.793,3,1,1,0
4934,14752877,0,28.232,975.167,42.496,59576.449,4,1,1,0
4935,14755867,0,28.242,975.197,42.527,60037.523,5,1,1,0
4936,14758857,0,28.232,975.158,42.508,59785.148,6,1,1,0
4937,14761847,0,28.234,975.160,42.508,59911.070,7,1,1,0
4938,14764837,0,28.234,975.176,42.490,59911.070,8,1,1,0
4939,14767827,0,28.229,975.142,42.502,59743.289,9,1,1,0
4940,14770817,0,28.232,975.153,42.472,59410.535,0,1,1,0
4941,14773807,0,28.234,975.157,42.455,59493.375,1,1,1,0
4942,14776797,0,28.229,975.140,42.442,59785.148,2,1,1,0
4943,14779787,0,28.227,975.144,42.430,59911.070,3,1,1,0
4944,14782777,0,28.227,975.153,42.406,60249.469,4,1,1,0
4945,14785767,0,28.222,975.140,42.441,59743.289,5,1,1,0
4946,14788757,0,28.222,975.134,42.477,59701.492,6,1,1,0
4947,14791747,0,28.224,975.133,42.454,60292.039,7,1,1,0
4948,14794737,0,28.219,975.138,42.459,59995.312,8,1,1,0
4949,14797727,0,28.222,975.142,42.465,59869.035,9,1,1,0
4950,14800717,0,28.222,975.131,42.471,59911.070,0,1,1,0
4951,14803707,0,28.224,975.144,42.454,60591.715,1,1,1,0
4952,14806697,0,28.219,975.124,42.417,59827.062,2,1,1,0
4953,14809687,0,28.229,975.133,42.407,59785.148,3,1,1,0
4954,14812677,0,28.222,975.118,42.406,60079.793,4,1,1,0
4955,14815667,0,28.222,975.127,42.382,59785.148,5,1,1,0
4956,14818657,0,28.227,975.126,42.347,60037.523,6,1,1,0
4957,14821647,0,28.219,975.116,42.346,60122.125,7,1,1,0
4958,14824637,0,28.217,975.100,42.370,59869.035,8,1,1,0
4959,14827627,0,28.219,975.129,42.370,60206.961,9,1,1,0
4960,14830617,0,28.219,975.124,42.405,59911.070,0,1,1,0
4961,14833607,0,28.212,975.125,42.446,59911.070,1,1,1,0
4962,14836597,0,28.219,975.140,42.453,60079.793,2,1,1,0
4963,14839587,0,28.217,975.120,42.465,60079.793,3,1,1,0
4964,14842577,0,28.217,975.150,42.494,60164.512,4,1,1,0
4965,14845567,0,28.222,975.115,42.483,60079.793,5,1,1,0
4966,14848557,0,28.214,975.123,42.512,60249.469,6,1,1,0
4967,14851547,0,28.217,975.122,42.488,59953.160,7,1,1,0
4968,14854537,0,28.214,975.136,42.488,59911.070,8,1,1,0
4969,14857527,0,28.217,975.147,42.470,60122.125,9,1,1,0
4970,14860517,0,28.212,975.148,42.464,59659.754,0,1,1,0
4971,14863507,0,28.209,975.128,42.481,60164.512,1,1,1,0
4972,14866497,0,28.209,975.123,42.470,59743.289,2,1,1,0
4973,14869487,0,28.202,975.101,42.510,59827.062,3,1,1,0
4974,14872477,0,28.209,975.076,42.499,59953.160,4,1,1,0
4975,14875467,0,28.209,975.064,42.481,59911.070,5,1,1,0
4976,14878457,0,28.209,975.062,42.493,60164.512,6,1,1,0
4977,14881447,0,28.214,975.055,42.488,60591.715,7,1,1,0
4978,14884437,0,28.217,975.077,42.476,59576.449,8,1,1,0
4979,14887427,0,28.214,975.084,42.494,60462.918,9,1,1,0
4980,14890417,0,28.214,975.095,42.518,59953.160,0,1,1,0
4981,14893407,0,28.209,975.091,42.499,60164.512,1,1,1,0
4982,14896397,0,28.212,975.102,42.517,59911.070,2,1,1,0
4983,14899387,0,28.217,975.089,42.518,60037.523,3,1,1,0
4984,14902377,0,28.222,975.102,42.525,59995.312,4,1,1,0
4985,14905367,0,28.219,975.106,42.524,60079.793,5,1,1,0
4986,14908357,0,28.219,975.093,42.530,59995.312,6,1,1,0
4987,14911347,0,28.212,975.075,42.523,59995.312,7,1,1,0
4988,14914337,0,28.222,975.084,42.513,60122.125,8,1,1,0
4989,14917327,0,28.219,975.077,42.536,60206.961,9,1,1,0
4990,14920317,0,28.217,975.097,42.518,59953.160,0,1,1,0
4991,14923307,0,28.222,975.077,42.519,60334.668,1,1,1,0
4992,14926297,0,28.209,975.078,42.511,60334.668,2,1,1,0
4993,14929287,0,28.222,975.061,42.501,60420.109,3,1,1,0
4994,14932277,0,28.217,975.059,42.524,60505.789,4,1,1,0
4995,14935267,0,28.219,975.052,42.548,59995.312,5,1,1,0
4996,14938257,0,28.217,975.057,42.589,60079.793,6,1,1,0
4997,14941247,0,28.227,975.047,42.602,60334.668,7,1,1,0
4998,14944237,0,28.227,975.058,42.668,60206.961,8,1,1,0
4999,14947227,0,28.224,975.052,42.691,59576.449,9,1,1,0
5000,14950217,0,28.229,975.040,42.722,60292.039,0,1,1,0
5001,14953207,0,28.229,975.067,42.728,59827.062,1,1,1,0
5002,14956197,0,28.234,975.051,42.752,60334.668,2,1,1,0
5003,14959187,0,28.239,975.080,42.765,59410.535,3,1,1,0
5004,14962177,0,28.242,975.070,42.795,59410.535,4,1,1,0
5005,14965167,0,28.249,975.081,42.801,59869.035,5,1,1,0
5006,14968157,0,28.257,975.085,42.796,59785.148,6,1,1,0
5007,14971147,0,28.259,975.085,42.791,59995.312,7,1,1,0
5008,14974137,0,28.259,975.094,42.755,60249.469,8,1,1,0
5009,14977127,0,28.257,975.078,42.755,59410.535,9,1,1,0
5010,14980117,0,28.270,975.070,42.691,59743.289,0,1,1,0
5011,14983107,0,28.264,975.093,42.642,59869.035,1,1,1,0
5012,14986097,0,28.270,975.097,42.613,60505.789,2,1,1,0
5013,14989087,0,28.275,975.084,42.602,60249.469,3,1,1,0
5014,14992077,0,28.277,975.095,42.573,59659.754,4,1,1,0
5015,14995067,0,28.280,975.096,42.573,59743.289,5,1,1,0
5016,14998057,0,28.287,975.103,42.603,60334.668,6,1,1,0
5017,15001047,0,28.295,975.098,42.652,59785.148,7,1,1,0
5018,15004037,0,28.295,975.075,42.700,60462.918,8,1,1,0
5019,15007027,0,28.302,975.067,42.736,59081.469,9,1,1,0
5020,15010017,0,28.312,975.085,42.743,59618.070,0,1,1,0
5021,15013007,0,28.305,975.085,42.754,59911.070,1,1,1,0
5022,15015997,0,28.312,975.092,42.767,59618.070,2,1,1,0
5023,15018987,0,28.315,975.103,42.749,59953.160,3,1,1,0
5024,15021977,0,28.327,975.101,42.691,60164.512,4,1,1,0
5025,15024967,0,28.327,975.101,42.680,59869.035,5,1,1,0
5026,15027957,0,28.332,975.097,42.638,60037.523,6,1,1,0
5027,15030947,0,28.342,975.098,42.592,59827.062,7,1,1,0
5028,15033937,0,28.352,975.063,42.522,60206.961,8,1,1,0
5029,15036927,0,28.360,975.099,42.505,59701.492,9,1,1,0
5030,15039917,0,28.368,975.091,42.506,59701.492,0,1,1,0
5031,15042907,0,28.368,975.084,42.535,59743.289,1,1,1,0
5032,15045897,0,28.383,975.078,42.537,59995.312,2,1,1,0
5033,15048887,0,28.380,975.090,42.531,59995.312,3,1,1,0
5034,15051877,0,28.388,975.081,42.502,59743.289,4,1,1,0
5035,15054867,0,28.395,975.071,42.438,60164.512,5,1,1,0
5036,15057857,0,28.410,975.085,42.428,60206.961,6,1,1,0
5037,15060847,0,28.410,975.088,42.344,60079.793,7,1,1,0
5038,15063837,0,28.420,975.078,42.304,60164.512,8,1,1,0
5039,15066827,0,28.430,975.091,42.252,60037.523,9,1,1,0
5040,15069817,0,28.440,975.097,42.235,60037.523,0,1,1,0
5041,15072807,0,28.448,975.112,42.171,59911.070,1,1,1,0
5042,15075797,0,28.451,975.095,42.123,59743.289,2,1,1,0
5043,15078787,0,28.453,975.080,42.100,60164.512,3,1,1,0
5044,15081777,0,28.463,975.103,42.060,59869.035,4,1,1,0
5045,15084767,0,28.468,975.105,42.019,59995.312,5,1,1,0
5046,15087757,0,28.478,975.116,42.014,60377.359,6,1,1,0
5047,15090747,0,28.483,975.102,41.979,60206.961,7,1,1,0
5048,15093737,0,28.486,975.111,41.938,60249.469,8,1,1,0
5049,15096727,0,28.488,975.094,41.903,60079.793,9,1,1,0
5050,15099717,0,28.488,975.092,41.873,59995.312,0,1,1,0
5051,15102707,0,28.493,975.090,41.832,59911.070,1,1,1,0
5052,15105697,0,28.498,975.091,41.803,60079.793,2,1,1,0
5053,15108687,0,28.498,975.071,41.750,60420.109,3,1,1,0
5054,15111677,0,28.501,975.085,41.720,59995.312,4,1,1,0
5055,15114667,0,28.511,975.099,41.686,60420.109,5,1,1,0
5056,15117657,0,28.513,975.097,41.680,60292.039,6,1,1,0
5057,15120647,0,28.513,975.101,41.704,60164.512,7,1,1,0
5058,15123637,0,28.516,975.105,41.675,60164.512,8,1,1,0
5059,15126627,0,28.516,975.117,41.693,60249.469,9,1,1,0
5060,15129617,0,28.521,975.100,41.693,59869.035,0,1,1,0
5061,15132607,0,28.518,975.072,41.681,60249.469,1,1,1,0
5062,15135597,0,28.523,975.103,41.658,60037.523,2,1,1,0
5063,15138587,0,28.531,975.080,41.659,60249.469,3,1,1,0
5064,15141577,0,28.526,975.093,41.640,60334.668,4,1,1,0
5065,15144567,0,28.526,975.066,41.617,60764.301,5,1,1,0
5066,15147557,0,28.528,975.057,41.605,60334.668,6,1,1,0
5067,15150547,0,28.533,975.057,41.612,60122.125,7,1,1,0
5068,15153537,0,28.531,975.046,41.600,60249.469,8,1,1,0
5069,15156527,0,28.526,975.046,41.587,60548.723,9,1,1,0
5070,15159517,0,28.538,975.065,41.559,60079.793,0,1,1,0
5071,15162507,0,28.538,975.065,41.577,60334.668,1,1,1,0
5072,15165497,0,28.533,975.054,41.606,60206.961,2,1,1,0
5073,15168487,0,28.549,975.076,41.602,60164.512,3,1,1,0
5074,15171477,0,28.533,975.050,41.612,60377.359,4,1,1,0
5075,15174467,0,28.549,975.040,41.608,60249.469,5,1,1,0
5076,15177457,0,28.541,975.033,41.648,60249.469,6,1,1,0
5077,15180447,0,28.533,975.018,41.659,60764.301,7,1,1,0
5078,15183437,0,28.554,975.046,41.679,60505.789,8,1,1,0
5079,15186427,0,28.559,975.038,41.703,60377.359,9,1,1,0
5080,15189417,0,28.554,975.039,41.744,60334.668,0,1,1,0
5081,15192407,0,28.561,975.029,41.769,60079.793,1,1,1,0
5082,15195397,0,28.566,975.038,41.793,60292.039,2,1,1,0
5083,15198387,0,28.564,975.040,41.834,60164.512,3,1,1,0
5084,15201377,0,28.569,975.031,41.823,60249.469,4,1,1,0
5085,15204367,0,28.579,975.048,41.854,60249.469,5,1,1,0
5086,15207357,0,28.576,975.051,41.877,59911.070,6,1,1,0
5087,15210347,0,28.574,975.026,41.918,60721.062,7,1,1,0
5088,15213337,0,28.576,975.048,41.948,60249.469,8,1,1,0
5089,15216327,0,28.579,975.037,41.943,59953.160,9,1,1,0
5090,15219317,0,28.574,975.024,41.924,60548.723,0,1,1,0
5091,15222307,0,28.574,975.028,41.912,60292.039,1,1,1,0
5092,15225297,0,28.579,975.030,41.931,60420.109,2,1,1,0
5093,15228287,0,28.574,975.019,41.918,60249.469,3,1,1,0
5094,15231277,0,28.571,975.037,41.912,59869.035,4,1,1,0
5095,15234267,0,28.571,975.044,41.900,59995.312,5,1,1,0
5096,15237257,0,28.559,975.018,41.905,60037.523,6,1,1,0
5097,15240247,0,28.559,975.021,41.887,60377.359,7,1,1,0
5098,15243237,0,28.561,975.036,41.917,60377.359,8,1,1,0
5099,15246227,0,28.554,975.023,41.898,60292.039,9,1,1,0
5100,15249217,0,28.554,975.030,41.863,60292.039,0,1,1,0
5101,15252207,0,28.554,975.044,41.833,60334.668,1,1,1,0
5102,15255197,0,28.551,975.051,41.821,60164.512,2,1,1,0
5103,15258187,0,28.541,975.049,41.832,60334.668,3,1,1,0
5104,15261177,0,28.538,975.061,41.814,60206.961,4,1,1,0
5105,15264167,0,28.526,975.035,41.788,60164.512,5,1,1,0
5106,15267157,0,28.526,975.039,41.806,60037.523,6,1,1,0
5107,15270147,0,28.518,975.069,41.811,60677.887,7,1,1,0
5108,15273137,0,28.513,975.042,41.793,59911.070,8,1,1,0
5109,15276127,0,28.508,975.052,41.810,60505.789,9,1,1,0
5110,15279117,0,28.501,975.041,41.821,60249.469,0,1,1,0
5111,15282107,0,28.493,975.045,41.826,60079.793,1,1,1,0
5112,15285097,0,28.481,975.036,41.866,60249.469,2,1,1,0
5113,15288087,0,28.483,975.027,41.843,60164.512,3,1,1,0
5114,15291077,0,28.476,975.046,41.860,60122.125,4,1,1,0
5115,15294067,0,28.466,975.049,41.900,60122.125,5,1,1,0
5116,15297057,0,28.458,975.032,41.923,60420.109,6,1,1,0
5117,15300047,0,28.453,975.039,41.976,60377.359,7,1,1,0
5118,15303037,0,28.448,975.025,41.993,60164.512,8,1,1,0
5119,15306027,0,28.443,975.033,41.992,60334.668,9,1,1,0
5120,15309017,0,28.435,975.036,41.997,60292.039,0,1,1,0
5121,15312007,0,28.428,975.018,42.002,60420.109,1,1,1,0
5122,15314997,0,28.420,975.050,42.013,60164.512,2,1,1,0
5123,15317987,0,28.413,975.033,42.048,60505.789,3,1,1,0
5124,15320977,0,28.410,975.063,42.065,60894.387,4,1,1,0
5125,15323967,0,28.400,975.032,42.130,60420.109,5,1,1,0
5126,15326957,0,28.398,975.039,42.189,60249.469,6,1,1,0
5127,15329947,0,28.390,975.035,42.241,60079.793,7,1,1,0
5128,15332937,0,28.383,975.029,42.317,60164.512,8,1,1,0
5129,15335927,0,28.380,975.061,42.317,60462.918,9,1,1,0
5130,15338917,0,28.368,975.041,42.333,60164.512,0,1,1,0
5131,15341907,0,28.365,975.071,42.351,60462.918,1,1,1,0
5132,15344897,0,28.363,975.040,42.380,60505.789,2,1,1,0
5133,15347887,0,28.355,975.060,42.439,60634.770,3,1,1,0
5134,15350877,0,28.350,975.061,42.432,60206.961,4,1,1,0
5135,15353867,0,28.342,975.060,42.467,60462.918,5,1,1,0
5136,15356857,0,28.340,975.048,42.491,59911.070,6,1,1,0
5137,15359847,0,28.332,975.060,42.537,60206.961,7,1,1,0
5138,15362837,0,28.330,975.043,42.597,60206.961,8,1,1,0
5139,15365827,0,28.317,975.039,42.619,60420.109,9,1,1,0
5140,15368817,0,28.312,975.028,42.624,60420.109,0,1,1,0
5141,15371807,0,28.310,975.051,42.636,59743.289,1,1,1,0
5142,15374797,0,28.302,975.027,42.665,60548.723,2,1,1,0
5143,15377787,0,28.302,975.058,42.712,60164.512,3,1,1,0
5144,15380777,0,28.292,975.032,42.735,60505.789,4,1,1,0
5145,15383767,0,28.292,975.044,42.806,60505.789,5,1,1,0
5146,15386757,0,28.277,975.017,42.811,60037.523,6,1,1,0
5147,15389747,0,28.280,975.040,42.876,60548.723,7,1,1,0
5148,15392737,0,28.275,975.033,42.906,60164.512,8,1,1,0
5149,15395727,0,28.264,975.028,42.940,60079.793,9,1,1,0
5150,15398717,0,28.270,975.045,42.971,60249.469,0,1,1,0
5151,15401707,0,28.267,975.043,42.982,60334.668,1,1,1,0
5152,15404697,0,28.272,975.063,43.042,60721.062,2,1,1,0
5153,15407687,0,28.259,975.055,43.017,59911.070,3,1,1,0
5154,15410677,0,28.252,975.063,43.016,60634.770,4,1,1,0
5155,15413667,0,28.257,975.078,43.017,60164.512,5,1,1,0
5156,15416657,0,28.252,975.072,43.022,60334.668,6,1,1,0
5157,15419647,0,28.252,975.077,43.040,60164.512,7,1,1,0
5158,15422637,0,28.244,975.063,43.027,60206.961,8,1,1,0
5159,15425627,0,28.239,975.053,42.973,60505.789,9,1,1,0
5160,15428617,0,28.239,975.069,42.925,60505.789,0,1,1,0
5161,15431607,0,28.237,975.066,42.883,59743.289,1,1,1,0
5162,15434597,0,28.232,975.056,42.877,60634.770,2,1,1,0
5163,15437587,0,28.234,975.039,42.865,60334.668,3,1,1,0
5164,15440577,0,28.232,975.051,42.883,60420.109,4,1,1,0
5165,15443567,0,28.229,975.056,42.924,60462.918,5,1,1,0
5166,15446557,0,28.227,975.035,42.906,60292.039,6,1,1,0
5167,15449547,0,28.227,975.051,42.906,59827.062,7,1,1,0
5168,15452537,0,28.224,975.045,42.941,60206.961,8,1,1,0
5169,15455527,0,28.232,975.051,42.966,60206.961,9,1,1,0
5170,15458517,0,28.222,975.032,43.001,60677.887,0,1,1,0
5171,15461507,0,28.229,975.062,43.019,60334.668,1,1,1,0
5172,15464497,0,28.227,975.043,43.037,60548.723,2,1,1,0
5173,15467487,0,28.232,975.062,43.062,60420.109,3,1,1,0
5174,15470477,0,28.224,975.049,43.084,60249.469,4,1,1,0
5175,15473467,0,28.239,975.062,43.098,60292.039,5,1,1,0
5176,15476457,0,28.227,975.040,43.097,60548.723,6,1,1,0
5177,15479447,0,28.232,975.047,43.121,60334.668,7,1,1,0
5178,15482437,0,28.237,975.050,43.092,59953.160,8,1,1,0
5179,15485427,0,28.234,975.051,43.092,60249.469,9,1,1,0
5180,15488417,0,28.239,975.050,43.110,60292.039,0,1,1,0
5181,15491407,0,28.234,975.035,43.127,60591.715,1,1,1,0
5182,15494397,0,28.237,975.042,43.104,60292.039,2,1,1,0
5183,15497387,0,28.242,975.052,43.134,60505.789,3,1,1,0
5184,15500377,0,28.247,975.047,43.153,60164.512,4,1,1,0
5185,15503367,0,28.249,975.054,43.177,60505.789,5,1,1,0
5186,15506357,0,28.249,975.040,43.207,60206.961,6,1,1,0
5187,15509347,0,28.257,975.046,43.226,59659.754,7,1,1,0
5188,15512337,0,28.254,975.036,43.207,60037.523,8,1,1,0
5189,15515327,0,28.254,975.027,43.237,60850.961,9,1,1,0
5190,15518317,0,28.257,975.030,43.226,60420.109,0,1,1,0
5191,15521307,0,28.259,975.042,43.244,60206.961,1,1,1,0
5192,15524297,0,28.264,975.039,43.208,60420.109,2,1,1,0
5193,15527287,0,28.264,975.030,43.238,60591.715,3,1,1,0
5194,15530277,0,28.270,975.066,43.215,60420.109,4,1,1,0
5195,15533267,0,28.270,975.068,43.191,60292.039,5,1,1,0
5196,15536257,0,28.272,975.081,43.174,60334.668,6,1,1,0
5197,15539247,0,28.267,975.053,43.137,60591.715,7,1,1,0
5198,15542237,0,28.267,975.071,43.078,60462.918,8,1,1,0
5199,15545227,0,28.259,975.058,43.059,60377.359,9,1,1,0
5200,15548217,0,28.267,975.053,43.006,60377.359,0,1,1,0
5201,15551207,0,28.262,975.042,42.982,60420.109,1,1,1,0
5202,15554197,0,28.257,975.022,42.933,60420.109,2,1,1,0
5203,15557187,0,28.252,975.000,42.891,60079.793,3,1,1,0
5204,15560177,0,28.264,975.030,42.869,60334.668,4,1,1,0
5205,15563167,0,28.264,975.025,42.851,60548.723,5,1,1,0
5206,15566157,0,28.270,975.057,42.833,60420.109,6,1,1,0
5207,15569147,0,28.264,975.010,42.803,60462.918,7,1,1,0
5208,15572137,0,28.270,975.023,42.780,60420.109,8,1,1,0
5209,15575127,0,28.275,975.034,42.757,60937.871,9,1,1,0
5210,15578117,0,28.267,975.034,42.708,60677.887,0,1,1,0
5211,15581107,0,28.262,975.028,42.648,60505.789,1,1,1,0
5212,15584097,0,28.262,975.003,42.601,60764.301,2,1,1,0
5213,15587087,0,28.270,975.020,42.548,60764.301,3,1,1,0
5214,15590077,0,28.262,975.023,42.511,60807.602,4,1,1,0
5215,15593067,0,28.262,975.030,42.476,60591.715,5,1,1,0
5216,15596057,0,28.259,975.031,42.505,60377.359,6,1,1,0
5217,15599047,0,28.262,975.024,42.428,60677.887,7,1,1,0
5218,15602037,0,28.259,975.022,42.428,61025.031,8,1,1,0
5219,15605027,0,28.262,975.026,42.410,60764.301,9,1,1,0
5220,15608017,0,28.249,975.022,42.367,61025.031,0,1,1,0
5221,15611007,0,28.247,975.025,42.379,60850.961,1,1,1,0
5222,15613997,0,28.244,975.005,42.385,60937.871,2,1,1,0
5223,15616987,0,28.239,975.005,42.360,60591.715,3,1,1,0
5224,15619977,0,28.242,975.002,42.355,60505.789,4,1,1,0
5225,15622967,0,28.234,974.992,42.348,60505.789,5,1,1,0
5226,15625957,0,28.239,975.007,42.336,61068.703,6,1,1,0
5227,15628947,0,28.232,975.024,42.365,60894.387,7,1,1,0
5228,15631937,0,28.224,974.999,42.406,61288.004,8,1,1,0
5229,15634927,0,28.224,975.008,42.418,61376.168,9,1,1,0
5230,15637917,0,28.229,975.017,42.436,60850.961,0,1,1,0
5231,15640907,0,28.219,974.996,42.477,61156.234,1,1,1,0
5232,15643897,0,28.217,975.012,42.488,60981.418,2,1,1,0
5233,15646887,0,28.214,975.010,42.512,61200.094,3,1,1,0
5234,15649877,0,28.219,975.018,42.566,60850.961,4,1,1,0
5235,15652867,0,28.209,975.005,42.577,60894.387,5,1,1,0
5236,15655857,0,28.212,975.026,42.583,60591.715,6,1,1,0
5237,15658847,0,28.204,975.022,42.546,61112.438,7,1,1,0
5238,15661837,0,28.207,975.026,42.558,61025.031,8,1,1,0
5239,15664827,0,28.192,975.002,42.539,60505.789,9,1,1,0
5240,15667817,0,28.194,975.013,42.533,61244.020,0,1,1,0
5241,15670807,0,28.197,975.018,42.534,61025.031,1,1,1,0
5242,15673797,0,28.184,974.980,42.520,60591.715,2,1,1,0
5243,15676787,0,28.176,974.994,42.501,61332.055,3,1,1,0
5244,15679777,0,28.179,975.030,42.496,61376.168,4,1,1,0
5245,15682767,0,28.179,975.010,42.496,60850.961,5,1,1,0
5246,15685757,0,28.174,974.999,42.483,61112.438,6,1,1,0
5247,15688747,0,28.171,974.988,42.489,61288.004,7,1,1,0
5248,15691737,0,28.171,975.024,42.483,61112.438,8,1,1,0
5249,15694727,0,28.164,975.011,42.470,61200.094,9,1,1,0
5250,15697717,0,28.151,975.020,42.487,61464.586,0,1,1,0
5251,15700707,0,28.154,975.031,42.487,60764.301,1,1,1,0
5252,15703697,0,28.141,975.009,42.480,60850.961,2,1,1,0
5253,15706687,0,28.139,975.000,42.521,61332.055,3,1,1,0
5254,15709677,0,28.136,975.003,42.515,61376.168,4,1,1,0
5255,15712667,0,28.131,975.024,42.514,60850.961,5,1,1,0
5256,15715657,0,28.124,975.002,42.525,61376.168,6,1,1,0
5257,15718647,0,28.121,975.013,42.525,61068.703,7,1,1,0
5258,15721637,0,28.114,975.005,42.560,60850.961,8,1,1,0
5259,15724627,0,28.096,975.000,42.593,61332.055,9,1,1,0
5260,15727617,0,28.099,975.008,42.665,61910.520,0,1,1,0
5261,15730607,0,28.091,975.004,42.706,61464.586,1,1,1,0
5262,15733597,0,28.083,975.021,42.758,61068.703,2,1,1,0
5263,15736587,0,28.078,975.008,42.805,61244.020,3,1,1,0
5264,15739577,0,28.071,975.009,42.840,61200.094,4,1,1,0
5265,15742567,0,28.066,975.015,42.840,61288.004,5,1,1,0
5266,15745557,0,28.068,975.022,42.864,60894.387,6,1,1,0
5267,15748547,0,28.066,975.052,42.875,61376.168,7,1,1,0
5268,15751537,0,28.058,975.032,42.904,61376.168,8,1,1,0
5269,15754527,0,28.051,975.026,42.909,61376.168,9,1,1,0
5270,15757517,0,28.041,975.004,42.908,61420.344,0,1,1,0
5271,15760507,0,28.041,975.020,42.914,61288.004,1,1,1,0
5272,15763497,0,28.031,975.030,42.919,61332.055,2,1,1,0
5273,15766487,0,28.023,975.019,42.906,60634.770,3,1,1,0
5274,15769477,0,28.013,975.036,42.899,61686.746,4,1,1,0
5275,15772467,0,28.006,975.034,42.928,60937.871,5,1,1,0
5276,15775457,0,28.001,975.053,42.921,61553.258,6,1,1,0
5277,15778447,0,27.995,975.045,42.915,61156.234,7,1,1,0
5278,15781437,0,27.985,975.050,42.896,61420.344,8,1,1,0
5279,15784427,0,27.975,975.014,42.924,61112.438,9,1,1,0
5280,15787417,0,27.975,975.023,42.948,61025.031,0,1,1,0
5281,15790407,0,27.968,975.026,43.013,61776.062,1,1,1,0
5282,15793397,0,27.968,975.022,43.031,61112.438,2,1,1,0
5283,15796387,0,27.958,975.043,43.018,61464.586,3,1,1,0
5284,15799377,0,27.950,975.014,43.047,61156.234,4,1,1,0
5285,15802367,0,27.948,975.026,43.076,61553.258,5,1,1,0
5286,15805357,0,27.943,975.026,43.105,61288.004,6,1,1,0
5287,15808347,0,27.935,975.041,43.134,61288.004,7,1,1,0
5288,15811337,0,27.928,975.069,43.151,61508.891,8,1,1,0
5289,15814327,0,27.920,975.028,43.162,60937.871,9,1,1,0
5290,15817317,0,27.915,975.056,43.203,61112.438,0,1,1,0
5291,15820307,0,27.913,975.059,43.227,61288.004,1,1,1,0
5292,15823297,0,27.902,975.044,43.238,61200.094,2,1,1,0
5293,15826287,0,27.890,975.011,43.218,61244.020,3,1,1,0
5294,15829277,0,27.892,975.038,43.219,61642.188,4,1,1,0
5295,15832267,0,27.885,975.022,43.242,61025.031,5,1,1,0
5296,15835257,0,27.885,975.034,43.230,62135.922,6,1,1,0
5297,15838247,0,27.882,975.046,43.223,61112.438,7,1,1,0
5298,15841237,0,27.872,975.046,43.186,61508.891,8,1,1,0
5299,15844227,0,27.870,975.026,43.174,61553.258,9,1,1,0
5300,15847217,0,27.862,975.036,43.197,61288.004,0,1,1,0
5301,15850207,0,27.855,975.050,43.214,61288.004,1,1,1,0
5302,15853197,0,27.847,975.030,43.219,61332.055,2,1,1,0
5303,15856187,0,27.842,975.022,43.207,61776.062,3,1,1,0
5304,15859177,0,27.837,975.049,43.242,61865.637,4,1,1,0
5305,15862167,0,27.835,975.043,43.236,61288.004,5,1,1,0
5306,15865157,0,27.825,975.032,43.223,61910.520,6,1,1,0
5307,15868147,0,27.814,975.035,43.215,62135.922,7,1,1,0
5308,15871137,0,27.814,975.020,43.192,61731.371,8,1,1,0
5309,15874127,0,27.812,975.034,43.179,61776.062,9,1,1,0
5310,15877117,0,27.804,975.035,43.179,62181.199,0,1,1,0
5311,15880107,0,27.792,975.031,43.231,61553.258,1,1,1,0
5312,15883097,0,27.784,975.016,43.254,61776.062,2,1,1,0
5313,15886087,0,27.782,975.016,43.265,61820.816,3,1,1,0
5314,15889077,0,27.774,975.016,43.282,62090.711,4,1,1,0
5315,15892067,0,27.767,975.024,43.305,61420.344,5,1,1,0
5316,15895057,0,27.772,975.030,43.318,61642.188,6,1,1,0
5317,15898047,0,27.762,975.049,43.317,61820.816,7,1,1,0
5318,15901037,0,27.754,975.014,43.322,61642.188,8,1,1,0
5319,15904027,0,27.747,975.014,43.351,62135.922,9,1,1,0
5320,15907017,0,27.747,975.026,43.351,61464.586,0,1,1,0
5321,15910007,0,27.739,975.018,43.392,61731.371,1,1,1,0
5322,15912997,0,27.744,975.038,43.398,61597.691,2,1,1,0
5323,15915987,0,27.732,975.021,43.403,62683.645,3,1,1,0
5324,15918977,0,27.739,975.031,43.392,61776.062,4,1,1,0
5325,15921967,0,27.729,975.012,43.402,62135.922,5,1,1,0
5326,15924957,0,27.732,975.030,43.433,61597.691,6,1,1,0
5327,15927947,0,27.727,975.030,43.432,61642.188,7,1,1,0
5328,15930937,0,27.721,975.019,43.455,62362.973,8,1,1,0
5329,15933927,0,27.716,975.033,43.443,61820.816,9,1,1,0
5330,15936917,0,27.716,975.026,43.455,62181.199,0,1,1,0
5331,15939907,0,27.709,975.027,43.442,62545.809,1,1,1,0
5332,15942897,0,27.704,975.023,43.435,61686.746,2,1,1,0
5333,15945887,0,27.699,975.024,43.429,61332.055,3,1,1,0
5334,15948877,0,27.694,975.005,43.422,62454.258,4,1,1,0
5335,15951867,0,27.684,975.020,43.409,62000.484,5,1,1,0
5336,15954857,0,27.686,975.008,43.403,62135.922,6,1,1,0
5337,15957847,0,27.681,975.029,43.409,61910.520,7,1,1,0
5338,15960837,0,27.679,975.018,43.379,61910.520,8,1,1,0
5339,15963827,0,27.664,974.992,43.395,62135.922,9,1,1,0
5340,15966817,0,27.666,975.012,43.413,62045.566,0,1,1,0
5341,15969807,0,27.654,975.002,43.411,62591.688,1,1,1,0
5342,15972797,0,27.656,975.007,43.418,62775.871,2,1,1,0
5343,15975787,0,27.649,975.010,43.411,61955.469,3,1,1,0
5344,15978777,0,27.639,975.008,43.404,62181.199,4,1,1,0
5345,15981767,0,27.644,975.008,43.434,62868.371,5,1,1,0
5346,15984757,0,27.628,974.996,43.414,62271.953,6,1,1,0
5347,15987747,0,27.628,974.987,43.420,62090.711,7,1,1,0
5348,15990737,0,27.626,974.996,43.438,62226.543,8,1,1,0
5349,15993727,0,27.623,975.019,43.450,62454.258,9,1,1,0
5350,15996717,0,27.626,975.041,43.468,62135.922,0,1,1,0
5351,15999707,0,27.626,975.025,43.492,62181.199,1,1,1,0
5352,16002697,0,27.616,975.004,43.485,61731.371,2,1,1,0
5353,16005687,0,27.606,975.002,43.477,62090.711,3,1,1,0
5354,16008677,0,27.603,975.019,43.495,62000.484,4,1,1,0
5355,16011667,0,27.596,975.014,43.500,62271.953,5,1,1,0
5356,16014657,0,27.598,975.023,43.495,61376.168,6,1,1,0
5357,16017647,0,27.596,975.028,43.524,62135.922,7,1,1,0
5358,16020637,0,27.591,975.019,43.512,62000.484,8,1,1,0
5359,16023627,0,27.588,975.033,43.517,61910.520,9,1,1,0
5360,16026617,0,27.583,975.018,43.523,62181.199,0,1,1,0
5361,16029607,0,27.578,975.045,43.540,62226.543,1,1,1,0
5362,16032597,0,27.568,975.019,43.527,62045.566,2,1,1,0
5363,16035587,0,27.571,975.012,43.551,62271.953,3,1,1,0
5364,16038577,0,27.561,975.024,43.544,62271.953,4,1,1,0
5365,16041567,0,27.558,975.009,43.550,62408.582,5,1,1,0
5366,16044557,0,27.551,975.032,43.549,62317.430,6,1,1,0
5367,16047547,0,27.551,975.025,43.596,62226.543,7,1,1,0
5368,16050537,0,27.543,975.006,43.602,62226.543,8,1,1,0
5369,16053527,0,27.548,975.028,43.644,62961.141,9,1,1,0
5370,16056517,0,27.540,975.024,43.649,62408.582,0,1,1,0
5371,16059507,0,27.543,975.028,43.673,62271.953,1,1,1,0
5372,16062497,0,27.538,975.040,43.691,61820.816,2,1,1,0
5373,16065487,0,27.535,975.042,43.696,61731.371,3,1,1,0
5374,16068477,0,27.530,975.039,43.738,62408.582,4,1,1,0
5375,16071467,0,27.528,975.043,43.743,62362.973,5,1,1,0
5376,16074457,0,27.518,975.037,43.742,62135.922,6,1,1,0
5377,16077447,0,27.528,975.054,43.767,62408.582,7,1,1,0
5378,16080437,0,27.523,975.044,43.796,62090.711,8,1,1,0
5379,16083427,0,27.523,975.044,43.790,61865.637,9,1,1,0
5380,16086417,0,27.520,975.021,43.778,61464.586,0,1,1,0
5381,16089407,0,27.520,975.024,43.790,62822.086,1,1,1,0
5382,16092397,0,27.513,975.036,43.783,62135.922,2,1,1,0
5383,16095387,0,27.515,975.027,43.802,61910.520,3,1,1,0
5384,16098377,0,27.513,975.051,43.753,62181.199,4,1,1,0
5385,16101367,0,27.508,975.005,43.777,62090.711,5,1,1,0
5386,16104357,0,27.503,975.014,43.764,62317.430,6,1,1,0
5387,16107347,0,27.508,975.020,43.765,61955.469,7,1,1,0
5388,16110337,0,27.500,975.014,43.764,62408.582,8,1,1,0
5389,16113327,0,27.498,975.017,43.782,62000.484,9,1,1,0
5390,16116317,0,27.498,975.035,43.799,62000.484,0,1,1,0
5391,16119307,0,27.503,975.028,43.818,62090.711,1,1,1,0
5392,16122297,0,27.503,975.014,43.812,62683.645,2,1,1,0
5393,16125287,0,27.500,975.048,43.812,62775.871,3,1,1,0
5394,16128277,0,27.498,975.017,43.823,62454.258,4,1,1,0
5395,16131267,0,27.495,975.035,43.835,62729.723,5,1,1,0
5396,16134257,0,27.498,975.039,43.847,62637.633,6,1,1,0
5397,16137247,0,27.503,975.059,43.860,62181.199,7,1,1,0
5398,16140237,0,27.498,975.035,43.871,62362.973,8,1,1,0
5399,16143227,0,27.503,975.032,43.890,62226.543,9,1,1,0
5400,16146217,0,27.503,975.062,43.878,62637.633,0,1,1,0
5401,16149207,0,27.495,975.044,43.895,62090.711,1,1,1,0
5402,16152197,0,27.490,975.026,43.870,62135.922,2,1,1,0
5403,16155187,0,27.490,975.027,43.894,62271.953,3,1,1,0
5404,16158177,0,27.493,975.035,43.895,62362.973,4,1,1,0
5405,16161167,0,27.485,975.011,43.882,62181.199,5,1,1,0
5406,16164157,0,27.488,975.036,43.888,62408.582,6,1,1,0
5407,16167147,0,27.490,975.024,43.888,61508.891,7,1,1,0
5408,16170137,0,27.490,975.033,43.870,62408.582,8,1,1,0
5409,16173127,0,27.485,975.027,43.906,62181.199,9,1,1,0
5410,16176117,0,27.493,975.031,43.913,62362.973,0,1,1,0
5411,16179107,0,27.493,975.022,43.919,61910.520,1,1,1,0
5412,16182097,0,27.488,975.029,43.918,62090.711,2,1,1,0
5413,16185087,0,27.490,975.022,43.918,62362.973,3,1,1,0
5414,16188077,0,27.495,975.028,43.919,62545.809,4,1,1,0
5415,16191067,0,27.493,975.033,43.937,62500.000,5,1,1,0
5416,16194057,0,27.495,975.042,43.925,62362.973,6,1,1,0
5417,16197047,0,27.493,975.028,43.901,62454.258,7,1,1,0
5418,16200037,0,27.498,975.021,43.931,62045.566,8,1,1,0
5419,16203027,0,27.495,975.022,43.931,62317.430,9,1,1,0
5420,16206017,0,27.498,975.035,43.931,62362.973,0,1,1,0
5421,16209007,0,27.500,975.037,43.949,62408.582,1,1,1,0
5422,16211997,0,27.505,975.041,43.968,62683.645,2,1,1,0
5423,16214987,0,27.498,975.021,43.979,62271.953,3,1,1,0
5424,16217977,0,27.498,975.030,43.943,62454.258,4,1,1,0
5425,16220967,0,27.500,975.043,43.955,62822.086,5,1,1,0
5426,16223957,0,27.503,975.041,43.962,62362.973,6,1,1,0
5427,16226947,0,27.508,975.032,43.968,62090.711,7,1,1,0
5428,16229937,0,27.505,975.030,43.980,62000.484,8,1,1,0
5429,16232927,0,27.505,975.005,43.980,62181.199,9,1,1,0
5430,16235917,0,27.510,975.027,43.957,62362.973,0,1,1,0
5431,16238907,0,27.513,975.025,43.969,61686.746,1,1,1,0
5432,16241897,0,27.513,975.027,43.969,62822.086,2,1,1,0
5433,16244887,0,27.508,975.029,43.980,62545.809,3,1,1,0
5434,16247877,0,27.513,975.024,43.951,62545.809,4,1,1,0
5435,16250867,0,27.515,975.033,43.969,62454.258,5,1,1,0
5436,16253857,0,27.515,975.031,43.957,62090.711,6,1,1,0
5437,16256847,0,27.513,975.017,44.005,62317.430,7,1,1,0
5438,16259837,0,27.515,975.024,44.011,61332.055,8,1,1,0
5439,16262827,0,27.508,974.996,44.028,62090.711,9,1,1,0
5440,16265817,0,27.515,975.006,44.053,61464.586,0,1,1,0
5441,16268807,0,27.523,975.026,44.078,62545.809,1,1,1,0
5442,16271797,0,27.538,975.036,44.116,62271.953,2,1,1,0
5443,16274787,0,27.533,975.031,44.175,62135.922,3,1,1,0
5444,16277777,0,27.540,975.010,44.176,62000.484,4,1,1,0
5445,16280767,0,27.551,975.044,44.189,62135.922,5,1,1,0
5446,16283757,0,27.548,975.010,44.201,62362.973,6,1,1,0
5447,16286747,0,27.561,975.027,44.226,62045.566,7,1,1,0
5448,16289737,0,27.563,975.022,44.256,62226.543,8,1,1,0
5449,16292727,0,27.571,975.023,44.281,61910.520,9,1,1,0
5450,16295717,0,27.583,975.007,44.295,62000.484,0,1,1,0
5451,16298707,0,27.588,975.020,44.301,62000.484,1,1,1,0
5452,16301697,0,27.601,975.005,44.309,61508.891,2,1,1,0
5453,16304687,0,27.601,975.012,44.267,62181.199,3,1,1,0
5454,16307677,0,27.611,975.015,44.262,61865.637,4,1,1,0
5455,16310667,0,27.613,975.018,44.280,62090.711,5,1,1,0
5456,16313657,0,27.621,975.005,44.269,61865.637,6,1,1,0
5457,16316647,0,27.633,975.016,44.253,61731.371,7,1,1,0
5458,16319637,0,27.633,975.011,44.241,61820.816,8,1,1,0
5459,16322627,0,27.639,974.999,44.182,62317.430,9,1,1,0
5460,16325617,0,27.651,975.016,44.159,61731.371,0,1,1,0
5461,16328607,0,27.659,975.008,44.118,61642.188,1,1,1,0
5462,16331597,0,27.669,975.026,44.143,61955.469,2,1,1,0
5463,16334587,0,27.674,975.012,44.084,61776.062,3,1,1,0
5464,16337577,0,27.681,975.031,44.091,62090.711,4,1,1,0
5465,16340567,0,27.681,975.020,44.061,61910.520,5,1,1,0
5466,16343557,0,27.686,975.004,44.043,61731.371,6,1,1,0
5467,16346547,0,27.691,975.019,44.026,61200.094,7,1,1,0
5468,16349537,0,27.694,975.014,43.990,62181.199,8,1,1,0
5469,16352527,0,27.701,975.026,43.979,61955.469,9,1,1,0
5470,16355517,0,27.704,975.032,43.956,61156.234,0,1,1,0
5471,16358507,0,27.701,975.037,43.949,61820.816,1,1,1,0
5472,16361497,0,27.706,975.032,43.950,62000.484,2,1,1,0
5473,16364487,0,27.714,975.036,43.927,61686.746,3,1,1,0
5474,16367477,0,27.719,975.039,43.945,61910.520,4,1,1,0
5475,16370467,0,27.714,975.033,43.909,62090.711,5,1,1,0
5476,16373457,0,27.716,975.022,43.921,61686.746,6,1,1,0
5477,16376447,0,27.719,975.037,43.921,61820.816,7,1,1,0
5478,16379437,0,27.719,975.035,43.915,62000.484,8,1,1,0
5479,16382427,0,27.719,975.039,43.921,61820.816,9,1,1,0
5480,16385417,0,27.729,975.043,43.911,61820.816,0,1,1,0
5481,16388407,0,27.724,975.041,43.928,61776.062,1,1,1,0
5482,16391397,0,27.724,975.053,43.940,62271.953,2,1,1,0
5483,16394387,0,27.724,975.026,43.946,61865.637,3,1,1,0
5484,16397377,0,27.732,975.052,43.911,61820.816,4,1,1,0
5485,16400367,0,27.727,975.043,43.934,61820.816,5,1,1,0
5486,16403357,0,27.727,975.034,43.904,61776.062,6,1,1,0
5487,16406347,0,27.734,975.063,43.881,61642.188,7,1,1,0
5488,16409337,0,27.724,975.051,43.832,62045.566,8,1,1,0
5489,16412327,0,27.729,975.052,43.809,61597.691,9,1,1,0
5490,16415317,0,27.732,975.050,43.791,61910.520,0,1,1,0
5491,16418307,0,27.721,975.028,43.766,62271.953,1,1,1,0
5492,16421297,0,27.719,975.028,43.730,61865.637,2,1,1,0
5493,16424287,0,27.719,975.035,43.730,61820.816,3,1,1,0
5494,16427277,0,27.719,975.049,43.730,61865.637,4,1,1,0
5495,16430267,0,27.706,975.039,43.722,62181.199,5,1,1,0
5496,16433257,0,27.709,975.045,43.741,61686.746,6,1,1,0
5497,16436247,0,27.709,975.045,43.723,61820.816,7,1,1,0
5498,16439237,0,27.706,975.029,43.734,62271.953,8,1,1,0
5499,16442227,0,27.709,975.045,43.717,61820.816,9,1,1,0
5500,16445217,0,27.701,975.041,43.686,62090.711,0,1,1,0
5501,16448207,0,27.694,975.040,43.715,61776.062,1,1,1,0
5502,16451197,0,27.696,975.033,43.715,61776.062,2,1,1,0
5503,16454187,0,27.699,975.060,43.692,61955.469,3,1,1,0
5504,16457177,0,27.689,975.040,43.678,62090.711,4,1,1,0
5505,16460167,0,27.691,975.051,43.667,62090.711,5,1,1,0
5506,16463157,0,27.681,975.038,43.648,62271.953,6,1,1,0
5507,16466147,0,27.681,975.039,43.648,62317.430,7,1,1,0
5508,16469137,0,27.681,975.048,43.618,62317.430,8,1,1,0
5509,16472127,0,27.676,975.057,43.653,62226.543,9,1,1,0
5510,16475117,0,27.666,975.040,43.658,62545.809,0,1,1,0
5511,16478107,0,27.661,975.022,43.663,62135.922,1,1,1,0
5512,16481097,0,27.664,975.053,43.759,62271.953,2,1,1,0
5513,16484087,0,27.656,975.050,43.758,62181.199,3,1,1,0
5514,16487077,0,27.659,975.047,43.818,62090.711,4,1,1,0
5515,16490067,0,27.646,975.028,43.835,62135.922,5,1,1,0
5516,16493057,0,27.649,975.055,43.853,62090.711,6,1,1,0
5517,16496047,0,27.654,975.061,43.854,62591.688,7,1,1,0
5518,16499037,0,27.641,975.024,43.858,62226.543,8,1,1,0
5519,16502027,0,27.644,975.047,43.889,62135.922,9,1,1,0
5520,16505017,0,27.646,975.035,43.895,62135.922,0,1,1,0
5521,16508007,0,27.636,975.041,43.876,61112.438,1,1,1,0
5522,16510997,0,27.636,975.054,43.876,61553.258,2,1,1,0
5523,16513987,0,27.631,975.034,43.875,62181.199,3,1,1,0
5524,16516977,0,27.644,975.056,43.883,62914.723,4,1,1,0
5525,16519967,0,27.631,975.030,43.863,62090.711,5,1,1,0
5526,16522957,0,27.636,975.033,43.852,62271.953,6,1,1,0
5527,16525947,0,27.623,975.023,43.832,62271.953,7,1,1,0
5528,16528937,0,27.628,975.023,43.833,62135.922,8,1,1,0
5529,16531927,0,27.628,975.023,43.839,62729.723,9,1,1,0
5530,16534917,0,27.626,975.041,43.839,62362.973,0,1,1,0
5531,16537907,0,27.621,975.021,43.832,62454.258,1,1,1,0
5532,16540897,0,27.626,975.021,43.815,62226.543,2,1,1,0
5533,16543887,0,27.616,975.004,43.778,62090.711,3,1,1,0
5534,16546877,0,27.616,975.028,43.784,62362.973,4,1,1,0
5535,16549867,0,27.616,975.019,43.766,62317.430,5,1,1,0
5536,16552857,0,27.613,975.008,43.783,62454.258,6,1,1,0
5537,16555847,0,27.611,975.025,43.759,62454.258,7,1,1,0
5538,16558837,0,27.603,975.023,43.764,62454.258,8,1,1,0
5539,16561827,0,27.603,975.039,43.764,62454.258,9,1,1,0
5540,16564817,0,27.603,975.025,43.776,62683.645,0,1,1,0
5541,16567807,0,27.596,975.019,43.793,62181.199,1,1,1,0
5542,16570797,0,27.596,975.021,43.763,62545.809,2,1,1,0
5543,16573787,0,27.603,975.044,43.788,62637.633,3,1,1,0
5544,16576777,0,27.591,975.026,43.775,62729.723,4,1,1,0
5545,16579767,0,27.593,975.053,43.811,62868.371,5,1,1,0
5546,16582757,0,27.593,975.056,43.829,63054.188,6,1,1,0
5547,16585747,0,27.596,975.062,43.847,62822.086,7,1,1,0
5548,16588737,0,27.598,975.051,43.853,62500.000,8,1,1,0
5549,16591727,0,27.588,975.049,43.888,62271.953,9,1,1,0
5550,16594717,0,27.598,975.059,43.925,62591.688,0,1,1,0
5551,16597707,0,27.596,975.044,43.943,62317.430,1,1,1,0
5552,16600697,0,27.601,975.051,43.967,62500.000,2,1,1,0
5553,16603687,0,27.593,975.044,43.978,62545.809,3,1,1,0
5554,16606677,0,27.603,975.075,43.992,62362.973,4,1,1,0
5555,16609667,0,27.603,975.066,43.986,62317.430,5,1,1,0
5556,16612657,0,27.598,975.069,44.003,62045.566,6,1,1,0
5557,16615647,0,27.596,975.055,44.021,62181.199,7,1,1,0
5558,16618637,0,27.596,975.053,44.039,62271.953,8,1,1,0
5559,16621627,0,27.598,975.051,44.039,62271.953,9,1,1,0
5560,16624617,0,27.598,975.073,44.063,62181.199,0,1,1,0
5561,16627607,0,27.596,975.055,44.045,62226.543,1,1,1,0
5562,16630597,0,27.596,975.060,44.075,62362.973,2,1,1,0
5563,16633587,0,27.593,975.080,44.086,62914.723,3,1,1,0
5564,16636577,0,27.593,975.071,44.068,62454.258,4,1,1,0
5565,16639567,0,27.596,975.058,44.098,62362.973,5,1,1,0
5566,16642557,0,27.593,975.051,44.092,62637.633,6,1,1,0
5567,16645547,0,27.596,975.058,44.092,62408.582,7,1,1,0
5568,16648537,0,27.598,975.060,44.093,62271.953,8,1,1,0
5569,16651527,0,27.608,975.066,44.112,62500.000,9,1,1,0
5570,16654517,0,27.596,975.065,44.069,62135.922,0,1,1,0
5571,16657507,0,27.601,975.089,44.099,62362.973,1,1,1,0
5572,16660497,0,27.598,975.093,44.081,61910.520,2,1,1,0
5573,16663487,0,27.606,975.093,44.076,61731.371,3,1,1,0
5574,16666477,0,27.596,975.055,44.057,61376.168,4,1,1,0
5575,16669467,0,27.601,975.084,44.069,62408.582,5,1,1,0
5576,16672457,0,27.588,975.058,44.068,62961.141,6,1,1,0
5577,16675447,0,27.591,975.058,44.068,62317.430,7,1,1,0
5578,16678437,0,27.588,975.047,44.056,62000.484,8,1,1,0
5579,16681427,0,27.598,975.082,44.063,62500.000,9,1,1,0
5580,16684417,0,27.593,975.080,44.026,61731.371,0,1,1,0
5581,16687407,0,27.588,975.094,44.050,62545.809,1,1,1,0
5582,16690397,0,27.583,975.070,44.061,61955.469,2,1,1,0
5583,16693387,0,27.583,975.082,44.091,62454.258,3,1,1,0
5584,16696377,0,27.578,975.071,44.084,62454.258,4,1,1,0
5585,16699367,0,27.583,975.079,44.085,62000.484,5,1,1,0
5586,16702357,0,27.578,975.070,44.072,62637.633,6,1,1,0
5587,16705347,0,27.581,975.086,44.067,61955.469,7,1,1,0
5588,16708337,0,27.578,975.088,44.078,62135.922,8,1,1,0
5589,16711327,0,27.576,975.077,44.078,62408.582,9,1,1,0
5590,16714317,0,27.573,975.080,44.054,62454.258,0,1,1,0
5591,16717307,0,27.576,975.105,44.072,62362.973,1,1,1,0
5592,16720297,0,27.573,975.096,44.072,62775.871,2,1,1,0
5593,16723287,0,27.573,975.080,44.078,62408.582,3,1,1,0
5594,16726277,0,27.566,975.083,44.083,61731.371,4,1,1,0
5595,16729267,0,27.558,975.097,44.052,62545.809,5,1,1,0
5596,16732257,0,27.571,975.083,44.048,62914.723,6,1,1,0
5597,16735247,0,27.566,975.072,44.047,62271.953,7,1,1,0
5598,16738237,0,27.553,975.066,44.004,62454.258,8,1,1,0
5599,16741227,0,27.558,975.086,44.028,62500.000,9,1,1,0
5600,16744217,0,27.551,975.077,44.021,62914.723,0,1,1,0
5601,16747207,0,27.551,975.084,44.021,62271.953,1,1,1,0
5602,16750197,0,27.548,975.057,43.997,62408.582,2,1,1,0
5603,16753187,0,27.543,975.047,43.984,62317.430,3,1,1,0
5604,16756177,0,27.538,975.072,43.990,62317.430,4,1,1,0
5605,16759167,0,27.543,975.071,43.984,62317.430,5,1,1,0
5606,16762157,0,27.546,975.075,43.949,62135.922,6,1,1,0
5607,16765147,0,27.538,975.077,43.942,62500.000,7,1,1,0
5608,16768137,0,27.538,975.074,43.930,62729.723,8,1,1,0
5609,16771127,0,27.533,975.077,43.923,62181.199,9,1,1,0
5610,16774117,0,27.530,975.072,43.923,62545.809,0,1,1,0
5611,16777107,0,27.530,975.068,43.917,62454.258,1,1,1,0
5612,16780097,0,27.525,975.080,43.893,61910.520,2,1,1,0
5613,16783087,0,27.523,975.087,43.862,61865.637,3,1,1,0
5614,16786077,0,27.530,975.097,43.881,62775.871,4,1,1,0
5615,16789067,0,27.520,975.078,43.886,61553.258,5,1,1,0
5616,16792057,0,27.523,975.091,43.898,62822.086,6,1,1,0
5617,16795047,0,27.515,975.083,43.903,62408.582,7,1,1,0
5618,16798037,0,27.515,975.076,43.885,63241.105,8,1,1,0
5619,16801027,0,27.518,975.096,43.886,62775.871,9,1,1,0
5620,16804017,0,27.515,975.079,43.891,62683.645,0,1,1,0
5621,16807007,0,27.518,975.063,43.922,62729.723,1,1,1,0
5622,16809997,0,27.523,975.096,43.946,62000.484,2,1,1,0
5623,16812987,0,27.515,975.081,43.927,61910.520,3,1,1,0
5624,16815977,0,27.515,975.070,43.915,63100.812,4,1,1,0
5625,16818967,0,27.518,975.092,43.934,62500.000,5,1,1,0
5626,16821957,0,27.513,975.095,43.951,62591.688,6,1,1,0
5627,16824947,0,27.513,975.088,43.975,62822.086,7,1,1,0
5628,16827937,0,27.515,975.074,43.963,62500.000,8,1,1,0
5629,16830927,0,27.515,975.079,43.933,62775.871,9,1,1,0
5630,16833917,0,27.515,975.101,43.957,63665.754,0,1,1,0
5631,16836907,0,27.520,975.114,43.946,62545.809,1,1,1,0
5632,16839897,0,27.515,975.097,43.969,62729.723,2,1,1,0
5633,16842887,0,27.513,975.086,43.963,62775.871,3,1,1,0
5634,16845877,0,27.518,975.087,43.963,62914.723,4,1,1,0
5635,16848867,0,27.523,975.098,43.952,62362.973,5,1,1,0
5636,16851857,0,27.520,975.114,43.970,62591.688,6,1,1,0
5637,16854847,0,27.525,975.112,44.000,62637.633,7,1,1,0
5638,16857837,0,27.528,975.084,44.013,62500.000,8,1,1,0
5639,16860827,0,27.528,975.093,43.989,62454.258,9,1,1,0
5640,16863817,0,27.533,975.099,43.989,62914.723,0,1,1,0
5641,16866807,0,27.525,975.098,43.946,61865.637,1,1,1,0
5642,16869797,0,27.530,975.095,43.947,62637.633,2,1,1,0
5643,16872787,0,27.528,975.080,43.923,62362.973,3,1,1,0
5644,16875777,0,27.533,975.082,43.923,63288.012,4,1,1,0
5645,16878767,0,27.540,975.090,43.924,63288.012,5,1,1,0
5646,16881757,0,27.543,975.085,43.931,62408.582,6,1,1,0
5647,16884747,0,27.546,975.082,43.901,62683.645,7,1,1,0
5648,16887737,0,27.556,975.102,43.908,63054.188,8,1,1,0
5649,16890727,0,27.553,975.079,43.902,62822.086,9,1,1,0
5650,16893717,0,27.556,975.068,43.908,62545.809,0,1,1,0
5651,16896707,0,27.556,975.077,43.896,62637.633,1,1,1,0
5652,16899697,0,27.566,975.090,43.873,62362.973,2,1,1,0
5653,16902687,0,27.566,975.103,43.861,63007.629,3,1,1,0
5654,16905677,0,27.568,975.103,43.814,62822.086,4,1,1,0
5655,16908667,0,27.571,975.090,43.820,63147.508,5,1,1,0
5656,16911657,0,27.573,975.096,43.832,62500.000,6,1,1,0
5657,16914647,0,27.578,975.086,43.827,62500.000,7,1,1,0
5658,16917637,0,27.583,975.111,43.822,62868.371,8,1,1,0
5659,16920627,0,27.593,975.112,43.799,62822.086,9,1,1,0
5660,16923617,0,27.591,975.110,43.787,63147.508,0,1,1,0
5661,16926607,0,27.596,975.114,43.775,63054.188,1,1,1,0
5662,16929597,0,27.588,975.090,43.786,62822.086,2,1,1,0
5663,16932587,0,27.601,975.089,43.776,62454.258,3,1,1,0
5664,16935577,0,27.601,975.105,43.770,62637.633,4,1,1,0
5665,16938567,0,27.611,975.090,43.759,63147.508,5,1,1,0
5666,16941557,0,27.611,975.113,43.783,62637.633,6,1,1,0
5667,16944547,0,27.613,975.106,43.789,62822.086,7,1,1,0
5668,16947537,0,27.616,975.094,43.766,62822.086,8,1,1,0
5669,16950527,0,27.623,975.109,43.814,62822.086,9,1,1,0
5670,16953517,0,27.623,975.091,43.784,62408.582,0,1,1,0
5671,16956507,0,27.621,975.105,43.766,62683.645,1,1,1,0
5672,16959497,0,27.633,975.100,43.780,62545.809,2,1,1,0
5673,16962487,0,27.633,975.077,43.774,62775.871,3,1,1,0
5674,16965477,0,27.633,975.043,43.768,62500.000,4,1,1,0
5675,16968467,0,27.649,975.082,43.751,62408.582,5,1,1,0
5676,16971457,0,27.644,975.067,43.757,62822.086,6,1,1,0
5677,16974447,0,27.644,975.072,43.751,62226.543,7,1,1,0
5678,16977437,0,27.646,975.069,43.733,62822.086,8,1,1,0
5679,16980427,0,27.649,975.107,43.716,62683.645,9,1,1,0
5680,16983417,0,27.649,975.128,43.698,62683.645,0,1,1,0
5681,16986407,0,27.654,975.138,43.644,62637.633,1,1,1,0
5682,16989397,0,27.656,975.156,43.651,62362.973,2,1,1,0
5683,16992387,0,27.654,975.147,43.621,62545.809,3,1,1,0
5684,16995377,0,27.649,975.094,43.602,62729.723,4,1,1,0
5685,16998367,0,27.649,975.118,43.554,62729.723,5,1,1,0
5686,17001357,0,27.654,975.116,43.549,62961.141,6,1,1,0
5687,17004347,0,27.659,975.106,43.526,62683.645,7,1,1,0
5688,17007337,0,27.654,975.104,43.525,62729.723,8,1,1,0
5689,17010327,0,27.656,975.095,43.507,62822.086,9,1,1,0
5690,17013317,0,27.661,975.094,43.526,63054.188,0,1,1,0
5691,17016307,0,27.664,975.069,43.538,63288.012,1,1,1,0
5692,17019297,0,27.669,975.080,43.545,62914.723,2,1,1,0
5693,17022287,0,27.669,975.074,43.580,62775.871,3,1,1,0
5694,17025277,0,27.666,975.063,43.598,62271.953,4,1,1,0
5695,17028267,0,27.661,975.045,43.621,62500.000,5,1,1,0
5696,17031257,0,27.676,975.071,43.641,62500.000,6,1,1,0
5697,17034247,0,27.681,975.072,43.707,63194.273,7,1,1,0
5698,17037237,0,27.679,975.057,43.737,62454.258,8,1,1,0
5699,17040227,0,27.689,975.078,43.792,62500.000,9,1,1,0
5700,17043217,0,27.696,975.071,43.829,62454.258,0,1,1,0
5701,17046207,0,27.696,975.087,43.877,62454.258,1,1,1,0
5702,17049197,0,27.701,975.102,43.895,62226.543,2,1,1,0
5703,17052187,0,27.709,975.109,43.902,62454.258,3,1,1,0
5704,17055177,0,27.714,975.108,43.885,62454.258,4,1,1,0
5705,17058167,0,27.719,975.096,43.885,62683.645,5,1,1,0
5706,17061157,0,27.729,975.080,43.887,62408.582,6,1,1,0
5707,17064147,0,27.727,975.082,43.874,62454.258,7,1,1,0
5708,17067137,0,27.739,975.095,43.888,62683.645,8,1,1,0
5709,17070127,0,27.744,975.105,43.894,62362.973,9,1,1,0
5710,17073117,0,27.742,975.067,43.912,62135.922,0,1,1,0
5711,17076107,0,27.754,975.071,43.938,62226.543,1,1,1,0
5712,17079097,0,27.757,975.089,43.914,62362.973,2,1,1,0
5713,17082087,0,27.764,975.086,43.903,62408.582,3,1,1,0
5714,17085077,0,27.769,975.069,43.891,62226.543,4,1,1,0
5715,17088067,0,27.784,975.082,43.869,62317.430,5,1,1,0
5716,17091057,0,27.789,975.090,43.858,62226.543,6,1,1,0
5717,17094047,0,27.797,975.090,43.871,62500.000,7,1,1,0
5718,17097037,0,27.799,975.042,43.841,62500.000,8,1,1,0
5719,17100027,0,27.812,975.072,43.837,62408.582,9,1,1,0
5720,17103017,0,27.820,975.055,43.814,62500.000,0,1,1,0
5721,17106007,0,27.825,975.069,43.754,62683.645,1,1,1,0
5722,17108997,0,27.830,975.054,43.713,62961.141,2,1,1,0
5723,17111987,0,27.845,975.053,43.667,62637.633,3,1,1,0
5724,17114977,0,27.847,975.044,43.655,62637.633,4,1,1,0
5725,17117967,0,27.857,975.052,43.650,62226.543,5,1,1,0
5726,17120957,0,27.865,975.054,43.639,63054.188,6,1,1,0
5727,17123947,0,27.875,975.067,43.635,62226.543,7,1,1,0
5728,17126937,0,27.892,975.081,43.631,62226.543,8,1,1,0
5729,17129927,0,27.902,975.069,43.626,62545.809,9,1,1,0
5730,17132917,0,27.905,975.077,43.638,62362.973,0,1,1,0
5731,17135907,0,27.915,975.061,43.621,62545.809,1,1,1,0
5732,17138897,0,27.925,975.069,43.587,62045.566,2,1,1,0
5733,17141887,0,27.933,975.075,43.558,62271.953,3,1,1,0
5734,17144877,0,27.940,975.074,43.457,62226.543,4,1,1,0
5735,17147867,0,27.943,975.056,43.404,62317.430,5,1,1,0
5736,17150857,0,27.950,975.042,43.339,62775.871,6,1,1,0
5737,17153847,0,27.965,975.056,43.251,62545.809,7,1,1,0
5738,17156837,0,27.970,975.069,43.174,62637.633,8,1,1,0
5739,17159827,0,27.983,975.054,43.134,62271.953,9,1,1,0
5740,17162817,0,27.988,975.070,43.105,62271.953,0,1,1,0
5741,17165807,0,27.998,975.044,43.076,62637.633,1,1,1,0
5742,17168797,0,28.021,975.053,43.055,62545.809,2,1,1,0
5743,17171787,0,28.026,975.069,43.049,62545.809,3,1,1,0
5744,17174777,0,28.036,975.068,43.074,62729.723,4,1,1,0
5745,17177767,0,28.046,975.043,43.052,62822.086,5,1,1,0
5746,17180757,0,28.053,975.057,43.053,63007.629,6,1,1,0
5747,17183747,0,28.063,975.041,43.036,62000.484,7,1,1,0
5748,17186737,0,28.071,975.022,43.049,62090.711,8,1,1,0
5749,17189727,0,28.086,975.048,43.056,62545.809,9,1,1,0
5750,17192717,0,28.094,975.043,43.027,62045.566,0,1,1,0
5751,17195707,0,28.101,975.037,43.028,62683.645,1,1,1,0
5752,17198697,0,28.104,975.026,43.017,62408.582,2,1,1,0
5753,17201687,0,28.116,975.021,43.000,62000.484,3,1,1,0
5754,17204677,0,28.124,975.027,42.971,62454.258,4,1,1,0
5755,17207667,0,28.124,975.008,42.930,62226.543,5,1,1,0
5756,17210657,0,28.136,975.023,42.913,62914.723,6,1,1,0
5757,17213647,0,28.141,975.004,42.848,62591.688,7,1,1,0
5758,17216637,0,28.154,975.010,42.814,61865.637,8,1,1,0
5759,17219627,0,28.156,975.005,42.761,62729.723,9,1,1,0
5760,17222617,0,28.161,975.016,42.738,62637.633,0,1,1,0
5761,17225607,0,28.176,975.029,42.674,62729.723,1,1,1,0
5762,17228597,0,28.184,975.035,42.627,62545.809,2,1,1,0
5763,17231587,0,28.194,975.036,42.640,62317.430,3,1,1,0
5764,17234577,0,28.209,975.039,42.600,62545.809,4,1,1,0
5765,17237567,0,28.207,975.004,42.618,61955.469,5,1,1,0
5766,17240557,0,28.217,975.036,42.631,61865.637,6,1,1,0
5767,17243547,0,28.227,975.020,42.620,62271.953,7,1,1,0
5768,17246537,0,28.229,975.008,42.621,62271.953,8,1,1,0
5769,17249527,0,28.239,975.010,42.646,62271.953,9,1,1,0
5770,17252517,0,28.247,975.029,42.640,62408.582,0,1,1,0
5771,17255507,0,28.254,975.013,42.701,62271.953,1,1,1,0
5772,17258497,0,28.262,975.023,42.737,62454.258,2,1,1,0
5773,17261487,0,28.267,975.009,42.780,62226.543,3,1,1,0
5774,17264477,0,28.272,975.011,42.768,62317.430,4,1,1,0
5775,17267467,0,28.280,975.026,42.781,62226.543,5,1,1,0
5776,17270457,0,28.287,975.008,42.794,62045.566,6,1,1,0
5777,17273447,0,28.295,975.021,42.819,62181.199,7,1,1,0
5778,17276437,0,28.295,974.996,42.795,62226.543,8,1,1,0
5779,17279427,0,28.307,974.999,42.796,62000.484,9,1,1,0
5780,17282417,0,28.315,975.003,42.785,61865.637,0,1,1,0
5781,17285407,0,28.320,975.003,42.792,62045.566,1,1,1,0
5782,17288397,0,28.325,975.007,42.834,61955.469,2,1,1,0
5783,17291387,0,28.332,975.019,42.793,62135.922,3,1,1,0
5784,17294377,0,28.342,975.017,42.777,62181.199,4,1,1,0
5785,17297367,0,28.347,975.016,42.777,62181.199,5,1,1,0
5786,17300357,0,28.342,975.003,42.759,62271.953,6,1,1,0
5787,17303347,0,28.350,975.005,42.748,61955.469,7,1,1,0
5788,17306337,0,28.360,975.035,42.689,61686.746,8,1,1,0
5789,17309327,0,28.363,975.035,42.672,61865.637,9,1,1,0
5790,17312317,0,28.360,975.024,42.677,61955.469,0,1,1,0
5791,17315307,0,28.373,975.030,42.554,62000.484,1,1,1,0
5792,17318297,0,28.373,975.007,42.483,62271.953,2,1,1,0
5793,17321287,0,28.380,975.008,42.382,62135.922,3,1,1,0
5794,17324277,0,28.380,975.033,42.371,62000.484,4,1,1,0
5795,17327267,0,28.388,975.004,42.306,62226.543,5,1,1,0
5796,17330257,0,28.390,975.028,42.265,62181.199,6,1,1,0
5797,17333247,0,28.398,975.023,42.337,62362.973,7,1,1,0
5798,17336237,0,28.398,975.010,42.177,62408.582,8,1,1,0
5799,17339227,0,28.403,975.018,42.195,62317.430,9,1,1,0
5800,17342217,0,28.408,975.022,42.243,62181.199,0,1,1,0
5801,17345207,0,28.415,975.008,42.262,62090.711,1,1,1,0
5802,17348197,0,28.418,975.026,42.209,62591.688,2,1,1,0
5803,17351187,0,28.428,975.014,42.133,62090.711,3,1,1,0
5804,17354177,0,28.428,975.011,42.151,62408.582,4,1,1,0
5805,17357167,0,28.433,975.015,42.086,62271.953,5,1,1,0
5806,17360157,0,28.438,975.006,42.122,62454.258,6,1,1,0
5807,17363147,0,28.433,974.986,42.015,62362.973,7,1,1,0
5808,17366137,0,28.438,975.008,41.891,62868.371,8,1,1,0
5809,17369127,0,28.433,975.002,41.890,62317.430,9,1,1,0
5810,17372117,0,28.438,975.004,41.885,62454.258,0,1,1,0
5811,17375107,0,28.445,974.996,41.904,62226.543,1,1,1,0
5812,17378097,0,28.448,975.003,41.821,62729.723,2,1,1,0
5813,17381087,0,28.453,975.018,41.792,62683.645,3,1,1,0
5814,17384077,0,28.453,975.003,41.816,62914.723,4,1,1,0
5815,17387067,0,28.451,975.010,41.821,63054.188,5,1,1,0
5816,17390057,0,28.451,974.982,41.821,62637.633,6,1,1,0
5817,17393047,0,28.453,974.991,41.792,62822.086,7,1,1,0
5818,17396037,0,28.453,974.998,41.833,62775.871,8,1,1,0
5819,17399027,0,28.451,974.996,41.815,62591.688,9,1,1,0
5820,17402017,0,28.456,974.996,41.822,62914.723,0,1,1,0
5821,17405007,0,28.453,974.993,41.733,62729.723,1,1,1,0
5822,17407997,0,28.448,974.994,41.797,63007.629,2,1,1,0
5823,17410987,0,28.463,975.018,41.758,62822.086,3,1,1,0
5824,17413977,0,28.453,975.016,41.750,62545.809,4,1,1,0
5825,17416967,0,28.453,975.012,41.709,62362.973,5,1,1,0
5826,17419957,0,28.451,975.009,41.709,62914.723,6,1,1,0
5827,17422947,0,28.456,974.998,41.721,62729.723,7,1,1,0
5828,17425937,0,28.456,974.996,41.769,62545.809,8,1,1,0
5829,17428927,0,28.463,974.984,41.781,62454.258,9,1,1,0
5830,17431917,0,28.471,974.992,41.818,62591.688,0,1,1,0
5831,17434907,0,28.471,974.981,41.835,62637.633,1,1,1,0
5832,17437897,0,28.468,974.987,41.900,62591.688,2,1,1,0
5833,17440887,0,28.476,974.991,41.854,62637.633,3,1,1,0
5834,17443877,0,28.483,974.991,41.837,62914.723,4,1,1,0
5835,17446867,0,28.481,974.982,41.866,62868.371,5,1,1,0
5836,17449857,0,28.483,974.982,41.914,62454.258,6,1,1,0
5837,17452847,0,28.483,974.975,41.843,62729.723,7,1,1,0
5838,17455837,0,28.483,974.964,41.890,62822.086,8,1,1,0
5839,17458827,0,28.493,975.006,41.856,62822.086,9,1,1,0
5840,17461817,0,28.488,974.979,41.867,62226.543,0,1,1,0
5841,17464807,0,28.486,974.970,41.784,62637.633,1,1,1,0
5842,17467797,0,28.488,974.999,41.766,62961.141,2,1,1,0
5843,17470787,0,28.491,974.992,41.749,62868.371,3,1,1,0
5844,17473777,0,28.491,974.974,41.654,62545.809,4,1,1,0
5845,17476767,0,28.491,974.988,41.613,63054.188,5,1,1,0
5846,17479757,0,28.486,974.977,41.535,62408.582,6,1,1,0
5847,17482747,0,28.491,974.981,41.619,62822.086,7,1,1,0
5848,17485737,0,28.493,974.969,41.542,63100.812,8,1,1,0
5849,17488727,0,28.491,974.986,41.518,63429.137,9,1,1,0
5850,17491717,0,28.491,974.995,41.459,62822.086,0,1,1,0
5851,17494707,0,28.486,974.982,41.382,62914.723,1,1,1,0
5852,17497697,0,28.483,974.962,41.441,63007.629,2,1,1,0
5853,17500687,0,28.483,974.982,41.464,63147.508,3,1,1,0
5854,17503677,0,28.486,974.986,41.340,63100.812,4,1,1,0
5855,17506667,0,28.476,975.005,41.292,63476.320,5,1,1,0
5856,17509657,0,28.478,975.019,41.239,63194.273,6,1,1,0
5857,17512647,0,28.473,975.014,41.262,63760.898,7,1,1,0
5858,17515637,0,28.476,974.989,41.345,63194.273,8,1,1,0
5859,17518627,0,28.476,974.985,41.286,63100.812,9,1,1,0
5860,17521617,0,28.471,974.996,41.268,63194.273,0,1,1,0
5861,17524607,0,28.468,975.006,41.244,63194.273,1,1,1,0
5862,17527597,0,28.468,975.004,41.262,63382.023,2,1,1,0
5863,17530587,0,28.456,974.996,41.231,63288.012,3,1,1,0
5864,17533577,0,28.453,975.003,41.213,63523.574,4,1,1,0
5865,17536567,0,28.453,975.032,41.225,63429.137,5,1,1,0
5866,17539557,0,28.445,975.014,41.206,63100.812,6,1,1,0
5867,17542547,0,28.438,975.004,41.252,63334.984,7,1,1,0
5868,17545537,0,28.433,975.040,41.329,63382.023,8,1,1,0
5869,17548527,0,28.425,975.027,41.257,63523.574,9,1,1,0
5870,17551517,0,28.418,975.030,41.244,63618.289,0,1,1,0
5871,17554507,0,28.413,975.028,41.273,63570.895,1,1,1,0
5872,17557497,0,28.410,975.025,41.220,63382.023,2,1,1,0
5873,17560487,0,28.398,975.023,41.266,64048.035,3,1,1,0
5874,17563477,0,28.383,975.004,41.252,63194.273,4,1,1,0
5875,17566467,0,28.383,975.024,41.252,63808.574,5,1,1,0
5876,17569457,0,28.370,975.026,41.262,63147.508,6,1,1,0
5877,17572447,0,28.365,975.024,41.250,62868.371,7,1,1,0
5878,17575437,0,28.357,975.015,41.226,63856.324,8,1,1,0
5879,17578427,0,28.345,975.018,41.254,63241.105,9,1,1,0
5880,17581417,0,28.347,975.029,41.236,63618.289,0,1,1,0
5881,17584407,0,28.332,975.020,41.252,63760.898,1,1,1,0
5882,17587397,0,28.325,975.038,41.257,63100.812,2,1,1,0
5883,17590387,0,28.320,975.023,41.269,63952.035,3,1,1,0
5884,17593377,0,28.317,975.030,41.304,64144.324,4,1,1,0
5885,17596367,0,28.307,975.013,41.332,64048.035,5,1,1,0
5886,17599357,0,28.307,975.017,41.362,64240.902,6,1,1,0
5887,17602347,0,28.297,975.050,41.366,63570.895,7,1,1,0
5888,17605337,0,28.297,975.039,41.443,63570.895,8,1,1,0
5889,17608327,0,28.290,975.044,41.419,63952.035,9,1,1,0
5890,17611317,0,28.285,975.019,41.430,63760.898,0,1,1,0
5891,17614307,0,28.285,975.028,41.459,63713.289,1,1,1,0
5892,17617297,0,28.272,975.018,41.464,63570.895,2,1,1,0
5893,17620287,0,28.272,975.018,41.482,64048.035,3,1,1,0
5894,17623277,0,28.270,975.021,41.511,64240.902,4,1,1,0
5895,17626267,0,28.272,975.029,41.523,63760.898,5,1,1,0
5896,17629257,0,28.270,975.027,41.529,63570.895,6,1,1,0
5897,17632247,0,28.257,975.015,41.515,63665.754,7,1,1,0
5898,17635237,0,28.254,975.020,41.568,63194.273,8,1,1,0
5899,17638227,0,28.257,975.038,41.568,63760.898,9,1,1,0
5900,17641217,0,28.254,975.029,41.610,64096.145,0,1,1,0
5901,17644207,0,28.247,975.032,41.615,63952.035,1,1,1,0
5902,17647197,0,28.249,975.022,41.639,63760.898,2,1,1,0
5903,17650187,0,28.244,975.009,41.668,63665.754,3,1,1,0
5904,17653177,0,28.244,975.045,41.715,63665.754,4,1,1,0
5905,17656167,0,28.237,975.023,41.761,63665.754,5,1,1,0
5906,17659157,0,28.234,975.017,41.779,64192.578,6,1,1,0
5907,17662147,0,28.227,975.009,41.754,63904.145,7,1,1,0
5908,17665137,0,28.224,975.033,41.754,63904.145,8,1,1,0
5909,17668127,0,28.222,975.022,41.718,63523.574,9,1,1,0
5910,17671117,0,28.219,975.020,41.742,63856.324,0,1,1,0
5911,17674107,0,28.212,975.016,41.735,64192.578,1,1,1,0
5912,17677097,0,28.217,975.029,41.724,63760.898,2,1,1,0
5913,17680087,0,28.214,975.034,41.682,64048.035,3,1,1,0
5914,17683077,0,28.212,975.021,41.717,64337.773,4,1,1,0
5915,17686067,0,28.209,975.026,41.681,64000.000,5,1,1,0
5916,17689057,0,28.207,975.006,41.734,64337.773,6,1,1,0
5917,17692047,0,28.204,975.033,41.716,64483.629,7,1,1,0
5918,17695037,0,28.204,975.017,41.710,64096.145,8,1,1,0
5919,17698027,0,28.197,975.015,41.727,63760.898,9,1,1,0
5920,17701017,0,28.192,975.004,41.750,64096.145,0,1,1,0
5921,17704007,0,28.197,975.043,41.692,64240.902,1,1,1,0
5922,17706997,0,28.192,975.014,41.697,64289.301,2,1,1,0
5923,17709987,0,28.187,975.016,41.661,63665.754,3,1,1,0
5924,17712977,0,28.192,975.020,41.662,63618.289,4,1,1,0
5925,17715967,0,28.197,975.009,41.680,63904.145,5,1,1,0
5926,17718957,0,28.184,975.028,41.897,63856.324,6,1,1,0
5927,17721947,0,28.164,975.025,42.102,63808.574,7,1,1,0
5928,17724937,0,28.144,975.029,42.231,63288.012,8,1,1,0
5929,17727927,0,28.116,975.027,42.275,63808.574,9,1,1,0
5930,17730917,0,28.099,975.020,42.344,63618.289,0,1,1,0
5931,17733907,0,28.081,975.048,42.378,63476.320,1,1,1,0
5932,17736897,0,28.061,975.029,42.429,63618.289,2,1,1,0
5933,17739887,0,28.046,975.043,42.451,63476.320,3,1,1,0
5934,17742877,0,28.033,975.041,42.426,63334.984,4,1,1,0
5935,17745867,0,28.021,975.045,42.478,62914.723,5,1,1,0
5936,17748857,0,27.993,975.035,42.451,62822.086,6,1,1,0
5937,17751847,0,27.985,975.046,42.450,63194.273,7,1,1,0
5938,17754837,0,27.973,975.058,42.436,62362.973,8,1,1,0
5939,17757827,0,27.955,975.036,42.440,63007.629,9,1,1,0
5940,17760817,0,27.950,975.067,42.458,62226.543,0,1,1,0
5941,17763807,0,27.928,975.032,42.455,62500.000,1,1,1,0
5942,17766797,0,27.920,975.038,42.454,62271.953,2,1,1,0
5943,17769787,0,27.905,975.039,42.440,61686.746,3,1,1,0
5944,17772777,0,27.895,975.028,42.451,62090.711,4,1,1,0
5945,17775767,0,27.880,975.021,42.455,61553.258,5,1,1,0
5946,17778757,0,27.870,975.019,42.454,61597.691,6,1,1,0
5947,17781747,0,27.860,975.023,42.465,61508.891,7,1,1,0
5948,17784737,0,27.855,975.025,42.452,61865.637,8,1,1,0
5949,17787727,0,27.845,975.028,42.422,61865.637,9,1,1,0
5950,17790717,0,27.830,975.039,42.414,61597.691,0,1,1,0
5951,17793707,0,27.827,975.021,42.396,61553.258,1,1,1,0
5952,17796697,0,27.820,975.037,42.377,62181.199,2,1,1,0
5953,17799687,0,27.799,975.019,42.381,62181.199,3,1,1,0
5954,17802677,0,27.799,975.028,42.410,62454.258,4,1,1,0
5955,17805667,0,27.789,975.025,42.445,62362.973,5,1,1,0
5956,17808657,0,27.782,975.050,42.450,61865.637,6,1,1,0
5957,17811647,0,27.767,975.031,42.442,61910.520,7,1,1,0
5958,17814637,0,27.752,975.037,42.458,62000.484,8,1,1,0
5959,17817627,0,27.752,975.041,42.482,61955.469,9,1,1,0
5960,17820617,0,27.737,975.052,42.486,61910.520,0,1,1,0
5961,17823607,0,27.729,975.046,42.468,62317.430,1,1,1,0
5962,17826597,0,27.721,975.064,42.502,62181.199,2,1,1,0
5963,17829587,0,27.714,975.060,42.496,62454.258,3,1,1,0
5964,17832577,0,27.711,975.065,42.501,62135.922,4,1,1,0
5965,17835567,0,27.699,975.046,42.559,62454.258,5,1,1,0
5966,17838557,0,27.694,975.046,42.582,62362.973,6,1,1,0
5967,17841547,0,27.686,975.050,42.593,62637.633,7,1,1,0
5968,17844537,0,27.674,975.051,42.598,62000.484,8,1,1,0
5969,17847527,0,27.669,975.044,42.591,62545.809,9,1,1,0
5970,17850517,0,27.659,975.038,42.602,62500.000,0,1,1,0
5971,17853507,0,27.649,975.055,42.631,62271.953,1,1,1,0
5972,17856497,0,27.639,975.034,42.671,62090.711,2,1,1,0
5973,17859487,0,27.628,975.034,42.676,62408.582,3,1,1,0
5974,17862477,0,27.616,975.037,42.692,62045.566,4,1,1,0
5975,17865467,0,27.616,975.070,42.704,61464.586,5,1,1,0
5976,17868457,0,27.608,975.063,42.715,62500.000,6,1,1,0
5977,17871447,0,27.593,975.047,42.749,61642.188,7,1,1,0
5978,17874437,0,27.588,975.051,42.760,61553.258,8,1,1,0
5979,17877427,0,27.571,975.049,42.746,62226.543,9,1,1,0
5980,17880417,0,27.566,975.070,42.805,62226.543,0,1,1,0
5981,17883407,0,27.563,975.047,42.805,62317.430,1,1,1,0
5982,17886397,0,27.548,975.044,42.851,62822.086,2,1,1,0
5983,17889387,0,27.543,975.058,42.868,62545.809,3,1,1,0
5984,17892377,0,27.543,975.069,42.916,62637.633,4,1,1,0
5985,17895367,0,27.533,975.047,42.944,62729.723,5,1,1,0
5986,17898357,0,27.523,975.051,42.943,62500.000,6,1,1,0
5987,17901347,0,27.523,975.073,43.021,63382.023,7,1,1,0
5988,17904337,0,27.508,975.066,43.072,62729.723,8,1,1,0
5989,17907327,0,27.513,975.068,43.121,62822.086,9,1,1,0
5990,17910317,0,27.510,975.074,43.144,62500.000,0,1,1,0
5991,17913307,0,27.490,975.060,43.201,62822.086,1,1,1,0
5992,17916297,0,27.488,975.052,43.225,62317.430,2,1,1,0
5993,17919287,0,27.493,975.069,43.226,62683.645,3,1,1,0
5994,17922277,0,27.483,975.059,43.248,62545.809,4,1,1,0
5995,17925267,0,27.478,975.055,43.272,62914.723,5,1,1,0
5996,17928257,0,27.470,975.046,43.259,62914.723,6,1,1,0
5997,17931247,0,27.468,975.046,43.270,63007.629,7,1,1,0
5998,17934237,0,27.475,975.066,43.259,63100.812,8,1,1,0
5999,17937227,0,27.468,975.049,43.276,62729.723,9,1,1,0
6000,17940217,0,27.465,975.047,43.306,63007.629,0,1,1,0
6001,17943207,0,27.468,975.058,43.318,62181.199,1,1,1,0
6002,17946197,0,27.468,975.067,43.318,63288.012,2,1,1,0
6003,17949187,0,27.465,975.076,43.342,63007.629,3,1,1,0
6004,17952177,0,27.460,975.077,43.365,62683.645,4,1,1,0
6005,17955167,0,27.455,975.048,43.370,63476.320,5,1,1,0
6006,17958157,0,27.452,975.046,43.394,63288.012,6,1,1,0
6007,17961147,0,27.455,975.050,43.418,63007.629,7,1,1,0
6008,17964137,0,27.450,975.073,43.417,61955.469,8,1,1,0
6009,17967127,0,27.450,975.069,43.394,62045.566,9,1,1,0
6010,17970117,0,27.450,975.064,43.358,63194.273,0,1,1,0
6011,17973107,0,27.445,975.051,43.327,63241.105,1,1,1,0
6012,17976097,0,27.450,975.042,43.304,63904.145,2,1,1,0
6013,17979087,0,27.450,975.048,43.328,63147.508,3,1,1,0
6014,17982077,0,27.452,975.055,43.316,63429.137,4,1,1,0
6015,17985067,0,27.458,975.059,43.335,63054.188,5,1,1,0
6016,17988057,0,27.450,975.046,43.334,63952.035,6,1,1,0
6017,17991047,0,27.458,975.056,43.353,63194.273,7,1,1,0
6018,17994037,0,27.455,975.046,43.382,63334.984,8,1,1,0
6019,17997027,0,27.458,975.054,43.418,62729.723,9,1,1,0
6020,18000017,0,27.463,975.058,43.419,63523.574,0,1,1,0
6021,18003007,0,27.460,975.061,43.407,63007.629,1,1,1,0
6022,18005997,0,27.452,975.050,43.424,63476.320,2,1,1,0
6023,18008987,0,27.463,975.056,43.425,63334.984,3,1,1,0
6024,18011977,0,27.473,975.069,43.390,63523.574,4,1,1,0
6025,18014967,0,27.473,975.073,43.366,63665.754,5,1,1,0
6026,18017957,0,27.473,975.062,43.366,63429.137,6,1,1,0
6027,18020947,0,27.485,975.052,43.362,63808.574,7,1,1,0
6028,18023937,0,27.490,975.065,43.380,63952.035,8,1,1,0
6029,18026927,0,27.493,975.047,43.399,62914.723,9,1,1,0
6030,18029917,0,27.503,975.054,43.477,64096.145,0,1,1,0
6031,18032907,0,27.513,975.067,43.467,63760.898,1,1,1,0
6032,18035897,0,27.510,975.058,43.395,63856.324,2,1,1,0
6033,18038887,0,27.523,975.071,43.360,64144.324,3,1,1,0
6034,18041877,0,27.523,975.058,43.331,63618.289,4,1,1,0
6035,18044867,0,27.538,975.083,43.314,63100.812,5,1,1,0
6036,18047857,0,27.538,975.047,43.326,63856.324,6,1,1,0
6037,18050847,0,27.556,975.091,43.382,63665.754,7,1,1,0
6038,18053837,0,27.551,975.050,43.429,63523.574,8,1,1,0
6039,18056827,0,27.556,975.059,43.448,63713.289,9,1,1,0
6040,18059817,0,27.558,975.050,43.436,63147.508,0,1,1,0
6041,18062807,0,27.568,975.060,43.437,63288.012,1,1,1,0
6042,18065797,0,27.576,975.068,43.414,63476.320,2,1,1,0
6043,18068787,0,27.571,975.060,43.408,63618.289,3,1,1,0
6044,18071777,0,27.573,975.057,43.378,63382.023,4,1,1,0
6045,18074767,0,27.576,975.046,43.390,63147.508,5,1,1,0
6046,18077757,0,27.581,975.055,43.403,63429.137,6,1,1,0
6047,18080747,0,27.588,975.069,43.428,63760.898,7,1,1,0
6048,18083737,0,27.586,975.036,43.433,63429.137,8,1,1,0
6049,18086727,0,27.593,975.037,43.470,63100.812,9,1,1,0
6050,18089717,0,27.596,975.033,43.470,63100.812,0,1,1,0
6051,18092707,0,27.601,975.048,43.435,63523.574,1,1,1,0
6052,18095697,0,27.608,975.031,43.430,63713.289,2,1,1,0
6053,18098687,0,27.616,975.040,43.371,64144.324,3,1,1,0
6054,18101677,0,27.618,975.065,43.324,63334.984,4,1,1,0
6055,18104667,0,27.616,975.033,43.276,63570.895,5,1,1,0
6056,18107657,0,27.628,975.057,43.283,64386.316,6,1,1,0
6057,18110647,0,27.623,975.044,43.235,63713.289,7,1,1,0
6058,18113637,0,27.633,975.045,43.248,63618.289,8,1,1,0
6059,18116627,0,27.626,975.035,43.253,63760.898,9,1,1,0
6060,18119617,0,27.623,975.014,43.241,63570.895,0,1,1,0
6061,18122607,0,27.631,975.021,43.194,63476.320,1,1,1,0
6062,18125597,0,27.628,975.014,43.164,64192.578,2,1,1,0
6063,18128587,0,27.639,975.017,43.111,63713.289,3,1,1,0
6064,18131577,0,27.636,975.031,43.153,63241.105,4,1,1,0
6065,18134567,0,27.639,975.024,43.147,64048.035,5,1,1,0
6066,18137557,0,27.633,975.022,43.159,63476.320,6,1,1,0
6067,18140547,0,27.641,975.049,43.177,63713.289,7,1,1,0
6068,18143537,0,27.639,975.045,43.219,63618.289,8,1,1,0
6069,18146527,0,27.636,975.033,43.230,63523.574,9,1,1,0
6070,18149517,0,27.639,975.033,43.225,63952.035,0,1,1,0
6071,18152507,0,27.631,975.064,43.266,63760.898,1,1,1,0
6072,18155497,0,27.628,975.025,43.253,63382.023,2,1,1,0
6073,18158487,0,27.631,975.057,43.278,63808.574,3,1,1,0
6074,18161477,0,27.633,975.047,43.272,63713.289,4,1,1,0
6075,18164467,0,27.621,975.035,43.205,63760.898,5,1,1,0
6076,18167457,0,27.621,975.024,43.133,63382.023,6,1,1,0
6077,18170447,0,27.628,975.062,43.146,63760.898,7,1,1,0
6078,18173437,0,27.618,975.040,43.115,63618.289,8,1,1,0
6079,18176427,0,27.618,975.031,43.145,63760.898,9,1,1,0
6080,18179417,0,27.613,975.043,43.132,64289.301,0,1,1,0
6081,18182407,0,27.613,975.040,43.132,63570.895,1,1,1,0
6082,18185397,0,27.621,975.046,43.169,64240.902,2,1,1,0
6083,18188387,0,27.621,975.046,43.175,63904.145,3,1,1,0
6084,18191377,0,27.618,975.049,43.181,63665.754,4,1,1,0
6085,18194367,0,27.611,975.043,43.180,63808.574,5,1,1,0
6086,18197357,0,27.616,975.028,43.228,64289.301,6,1,1,0
6087,18200347,0,27.608,975.020,43.233,64048.035,7,1,1,0
6088,18203337,0,27.613,975.045,43.264,63856.324,8,1,1,0
6089,18206327,0,27.606,975.039,43.287,64192.578,9,1,1,0
6090,18209317,0,27.606,975.045,43.245,63382.023,0,1,1,0
6091,18212307,0,27.598,975.053,43.280,63952.035,1,1,1,0
6092,18215297,0,27.596,975.056,43.256,63713.289,2,1,1,0
6093,18218287,0,27.596,975.060,43.279,64000.000,3,1,1,0
6094,18221277,0,27.591,975.051,43.291,63570.895,4,1,1,0
6095,18224267,0,27.586,975.052,43.296,64581.230,5,1,1,0
6096,18227257,0,27.593,975.080,43.321,63952.035,6,1,1,0
6097,18230247,0,27.586,975.076,43.332,64240.902,7,1,1,0
6098,18233237,0,27.573,975.051,43.390,63570.895,8,1,1,0
6099,18236227,0,27.578,975.066,43.391,64096.145,9,1,1,0
6100,18239217,0,27.576,975.071,43.414,63665.754,0,1,1,0
6101,18242207,0,27.578,975.079,43.397,64048.035,1,1,1,0
6102,18245197,0,27.573,975.067,43.390,63904.145,2,1,1,0
6103,18248187,0,27.576,975.071,43.402,64240.902,3,1,1,0
6104,18251177,0,27.568,975.072,43.360,64096.145,4,1,1,0
6105,18254167,0,27.573,975.075,43.342,64630.145,5,1,1,0
6106,18257157,0,27.573,975.066,43.330,64192.578,6,1,1,0
6107,18260147,0,27.578,975.066,43.337,64386.316,7,1,1,0
6108,18263137,0,27.581,975.091,43.355,64386.316,8,1,1,0
6109,18266127,0,27.573,975.060,43.390,64096.145,9,1,1,0
6110,18269117,0,27.576,975.057,43.384,63856.324,0,1,1,0
6111,18272107,0,27.578,975.082,43.403,63100.812,1,1,1,0
6112,18275097,0,27.576,975.068,43.396,63808.574,2,1,1,0
6113,18278087,0,27.573,975.053,43.426,64096.145,3,1,1,0
6114,18281077,0,27.571,975.057,43.449,64048.035,4,1,1,0
6115,18284067,0,27.568,975.056,43.437,64192.578,5,1,1,0
6116,18287057,0,27.573,975.053,43.426,64826.539,6,1,1,0
6117,18290047,0,27.571,975.048,43.426,64240.902,7,1,1,0
6118,18293037,0,27.568,975.047,43.437,64144.324,8,1,1,0
6119,18296027,0,27.578,975.068,43.462,63665.754,9,1,1,0
6120,18299017,0,27.571,975.083,43.497,64000.000,0,1,1,0
6121,18302007,0,27.566,975.058,43.521,64000.000,1,1,1,0
6122,18304997,0,27.573,975.071,43.539,63713.289,2,1,1,0
6123,18307987,0,27.573,975.076,43.545,64240.902,3,1,1,0
6124,18310977,0,27.563,975.081,43.538,63760.898,4,1,1,0
6125,18313967,0,27.563,975.079,43.568,64048.035,5,1,1,0
6126,18316957,0,27.551,975.062,43.549,63382.023,6,1,1,0
6127,18319947,0,27.553,975.082,43.555,63665.754,7,1,1,0
6128,18322937,0,27.548,975.066,43.566,63618.289,8,1,1,0
6129,18325927,0,27.551,975.069,43.584,64048.035,9,1,1,0
6130,18328917,0,27.548,975.073,43.542,63194.273,0,1,1,0
6131,18331907,0,27.543,975.074,43.584,64483.629,1,1,1,0
6132,18334897,0,27.546,975.062,43.578,64386.316,2,1,1,0
6133,18337887,0,27.543,975.092,43.560,63952.035,3,1,1,0
6134,18340877,0,27.538,975.072,43.571,64337.773,4,1,1,0
6135,18343867,0,27.535,975.065,43.577,64048.035,5,1,1,0
6136,18346857,0,27.533,975.086,43.588,63665.754,6,1,1,0
6137,18349847,0,27.533,975.074,43.600,63713.289,7,1,1,0
6138,18352837,0,27.530,975.059,43.600,63429.137,8,1,1,0
6139,18355827,0,27.528,975.077,43.594,63760.898,9,1,1,0
6140,18358817,0,27.525,975.053,43.588,63713.289,0,1,1,0
6141,18361807,0,27.525,975.073,43.570,64289.301,1,1,1,0
6142,18364797,0,27.525,975.071,43.546,63476.320,2,1,1,0
6143,18367787,0,27.525,975.075,43.588,63952.035,3,1,1,0
6144,18370777,0,27.523,975.057,43.587,64925.184,4,1,1,0
6145,18373767,0,27.528,975.073,43.582,64144.324,5,1,1,0
6146,18376757,0,27.520,975.069,43.629,64483.629,6,1,1,0
6147,18379747,0,27.520,975.073,43.605,64337.773,7,1,1,0
6148,18382737,0,27.515,975.061,43.634,64532.391,8,1,1,0
6149,18385727,0,27.510,975.061,43.651,63952.035,9,1,1,0
6150,18388717,0,27.513,975.083,43.640,63856.324,0,1,1,0
6151,18391707,0,27.500,975.069,43.614,64048.035,1,1,1,0
6152,18394697,0,27.500,975.048,43.626,64386.316,2,1,1,0
6153,18397687,0,27.505,975.057,43.609,64434.938,3,1,1,0
6154,18400677,0,27.503,975.075,43.645,64096.145,4,1,1,0
6155,18403667,0,27.495,975.062,43.614,64434.938,5,1,1,0
6156,18406657,0,27.495,975.080,43.632,64337.773,6,1,1,0
6157,18409647,0,27.490,975.077,43.589,64337.773,7,1,1,0
6158,18412637,0,27.495,975.071,43.608,64048.035,8,1,1,0
6159,18415627,0,27.490,975.061,43.571,64240.902,9,1,1,0
6160,18418617,0,27.490,975.067,43.583,63570.895,0,1,1,0
6161,18421607,0,27.488,975.079,43.613,63952.035,1,1,1,0
6162,18424597,0,27.485,975.079,43.613,64289.301,2,1,1,0
6163,18427587,0,27.478,975.071,43.618,63760.898,3,1,1,0
6164,18430577,0,27.473,975.069,43.629,64144.324,4,1,1,0
6165,18433567,0,27.470,975.078,43.629,64483.629,5,1,1,0
6166,18436557,0,27.468,975.058,43.605,64048.035,6,1,1,0
6167,18439547,0,27.468,975.070,43.623,64240.902,7,1,1,0
6168,18442537,0,27.468,975.074,43.640,64096.145,8,1,1,0
6169,18445527,0,27.463,975.079,43.622,63523.574,9,1,1,0
6170,18448517,0,27.458,975.074,43.645,64728.191,0,1,1,0
6171,18451507,0,27.460,975.074,43.664,64096.145,1,1,1,0
6172,18454497,0,27.455,975.066,43.657,64048.035,2,1,1,0
6173,18457487,0,27.447,975.066,43.686,64144.324,3,1,1,0
6174,18460477,0,27.447,975.071,43.680,64386.316,4,1,1,0
6175,18463467,0,27.447,975.082,43.644,64337.773,5,1,1,0
6176,18466457,0,27.450,975.053,43.680,64925.184,6,1,1,0
6177,18469447,0,27.450,975.085,43.674,63476.320,7,1,1,0
6178,18472437,0,27.447,975.071,43.662,64630.145,8,1,1,0
6179,18475427,0,27.447,975.085,43.692,64144.324,9,1,1,0
6180,18478417,0,27.435,975.054,43.708,64337.773,0,1,1,0
6181,18481407,0,27.432,975.048,43.708,64434.938,1,1,1,0
6182,18484397,0,27.440,975.072,43.709,64434.938,2,1,1,0
6183,18487387,0,27.437,975.081,43.721,64144.324,3,1,1,0
6184,18490377,0,27.427,975.070,43.707,63856.324,4,1,1,0
6185,18493367,0,27.435,975.077,43.702,64581.230,5,1,1,0
6186,18496357,0,27.432,975.106,43.714,64581.230,6,1,1,0
6187,18499347,0,27.435,975.092,43.708,63856.324,7,1,1,0
6188,18502337,0,27.427,975.079,43.672,64777.328,8,1,1,0
6189,18505327,0,27.432,975.095,43.660,64630.145,9,1,1,0
6190,18508317,0,27.435,975.084,43.613,64826.539,0,1,1,0
6191,18511307,0,27.427,975.082,43.624,64434.938,1,1,1,0
6192,18514297,0,27.427,975.079,43.636,63665.754,2,1,1,0
6193,18517287,0,27.432,975.086,43.636,64386.316,3,1,1,0
6194,18520277,0,27.422,975.071,43.647,64679.133,4,1,1,0
6195,18523267,0,27.427,975.079,43.654,64728.191,5,1,1,0
6196,18526257,0,27.420,975.053,43.671,64434.938,6,1,1,0
6197,18529247,0,27.417,975.072,43.700,64386.316,7,1,1,0
6198,18532237,0,27.415,975.076,43.700,64434.938,8,1,1,0
6199,18535227,0,27.410,975.074,43.670,64679.133,9,1,1,0
6200,18538217,0,27.417,975.083,43.670,64096.145,0,1,1,0
6201,18541207,0,27.417,975.097,43.658,64337.773,1,1,1,0
6202,18544197,0,27.420,975.098,43.671,65222.930,2,1,1,0
6203,18547187,0,27.417,975.090,43.676,64434.938,3,1,1,0
6204,18550177,0,27.415,975.088,43.658,65222.930,4,1,1,0
6205,18553167,0,27.420,975.099,43.653,64925.184,5,1,1,0
6206,18556157,0,27.417,975.094,43.653,64483.629,6,1,1,0
6207,18559147,0,27.410,975.088,43.658,64630.145,7,1,1,0
6208,18562137,0,27.407,975.084,43.669,64096.145,8,1,1,0
6209,18565127,0,27.410,975.088,43.628,64826.539,9,1,1,0
6210,18568117,0,27.415,975.083,43.604,64386.316,0,1,1,0
6211,18571107,0,27.410,975.075,43.610,64728.191,1,1,1,0
6212,18574097,0,27.407,975.090,43.633,64096.145,2,1,1,0
6213,18577087,0,27.407,975.079,43.639,64875.824,3,1,1,0
6214,18580077,0,27.402,975.091,43.669,64386.316,4,1,1,0
6215,18583067,0,27.397,975.083,43.698,64096.145,5,1,1,0
6216,18586057,0,27.397,975.109,43.710,64728.191,6,1,1,0
6217,18589047,0,27.395,975.101,43.728,63760.898,7,1,1,0
6218,18592037,0,27.392,975.110,43.751,63760.898,8,1,1,0
6219,18595027,0,27.390,975.128,43.763,63570.895,9,1,1,0
6220,18598017,0,27.385,975.113,43.774,64777.328,0,1,1,0
6221,18601007,0,27.382,975.129,43.798,64192.578,1,1,1,0
6222,18603997,0,27.377,975.094,43.785,64679.133,2,1,1,0
6223,18606987,0,27.382,975.104,43.792,64337.773,3,1,1,0
6224,18609977,0,27.375,975.084,43.767,64337.773,4,1,1,0
6225,18612967,0,27.377,975.116,43.773,64000.000,5,1,1,0
6226,18615957,0,27.370,975.106,43.772,64144.324,6,1,1,0
6227,18618947,0,27.375,975.110,43.791,64000.000,7,1,1,0
6228,18621937,0,27.357,975.093,43.789,64728.191,8,1,1,0
6229,18624927,0,27.359,975.099,43.825,64630.145,9,1,1,0
6230,18627917,0,27.354,975.096,43.830,64925.184,0,1,1,0
6231,18630907,0,27.349,975.084,43.842,63476.320,1,1,1,0
6232,18633897,0,27.349,975.092,43.866,64337.773,2,1,1,0
6233,18636887,0,27.342,975.079,43.877,63952.035,3,1,1,0
6234,18639877,0,27.339,975.088,43.847,65024.129,4,1,1,0
6235,18642867,0,27.329,975.082,43.816,64728.191,5,1,1,0
6236,18645857,0,27.332,975.089,43.834,64337.773,6,1,1,0
6237,18648847,0,27.334,975.047,43.822,64826.539,7,1,1,0
6238,18651837,0,27.329,975.059,43.828,65322.785,8,1,1,0
6239,18654827,0,27.327,975.055,43.833,65024.129,9,1,1,0
6240,18657817,0,27.332,975.075,43.852,64728.191,0,1,1,0
6241,18660807,0,27.317,975.065,43.850,64728.191,1,1,1,0
6242,18663797,0,27.317,975.058,43.892,64728.191,2,1,1,0
6243,18666787,0,27.317,975.058,43.946,64925.184,3,1,1,0
6244,18669777,0,27.317,975.078,44.000,64240.902,4,1,1,0
6245,18672767,0,27.324,975.069,44.066,64630.145,5,1,1,0
6246,18675757,0,27.322,975.080,44.144,64728.191,6,1,1,0
6247,18678747,0,27.322,975.069,44.174,64289.301,7,1,1,0
6248,18681737,0,27.322,975.062,44.252,64096.145,8,1,1,0
6249,18684727,0,27.332,975.062,44.307,64532.391,9,1,1,0
6250,18687717,0,27.342,975.078,44.344,64386.316,0,1,1,0
6251,18690707,0,27.337,975.079,44.374,63808.574,1,1,1,0
6252,18693697,0,27.347,975.058,44.387,64386.316,2,1,1,0
6253,18696687,0,27.347,975.056,44.393,63760.898,3,1,1,0
6254,18699677,0,27.365,975.070,44.419,63713.289,4,1,1,0
6255,18702667,0,27.365,975.047,44.425,64048.035,5,1,1,0
6256,18705657,0,27.380,975.077,44.415,64337.773,6,1,1,0
6257,18708647,0,27.387,975.063,44.398,64728.191,7,1,1,0
6258,18711637,0,27.395,975.089,44.416,64483.629,8,1,1,0
6259,18714627,0,27.407,975.086,44.412,64826.539,9,1,1,0
6260,18717617,0,27.417,975.067,44.413,63713.289,0,1,1,0
6261,18720607,0,27.422,975.080,44.408,64532.391,1,1,1,0
6262,18723597,0,27.430,975.075,44.427,63856.324,2,1,1,0
6263,18726587,0,27.442,975.080,44.392,63952.035,3,1,1,0
6264,18729577,0,27.447,975.080,44.387,64096.145,4,1,1,0
6265,18732567,0,27.463,975.076,44.413,63665.754,5,1,1,0
6266,18735557,0,27.473,975.091,44.408,64630.145,6,1,1,0
6267,18738547,0,27.493,975.108,44.410,63523.574,7,1,1,0
6268,18741537,0,27.493,975.083,44.386,64000.000,8,1,1,0
6269,18744527,0,27.505,975.091,44.352,64434.938,9,1,1,0
6270,18747517,0,27.510,975.077,44.394,63570.895,0,1,1,0
6271,18750507,0,27.528,975.087,44.354,63476.320,1,1,1,0
6272,18753497,0,27.535,975.090,44.379,63856.324,2,1,1,0
6273,18756487,0,27.546,975.087,44.386,63288.012,3,1,1,0
6274,18759477,0,27.556,975.063,44.364,64096.145,4,1,1,0
6275,18762467,0,27.578,975.091,44.336,63382.023,5,1,1,0
6276,18765457,0,27.578,975.073,44.342,64048.035,6,1,1,0
6277,18768447,0,27.596,975.076,44.338,63952.035,7,1,1,0
6278,18771437,0,27.601,975.073,44.327,64386.316,8,1,1,0
6279,18774427,0,27.618,975.062,44.317,64337.773,9,1,1,0
6280,18777417,0,27.623,975.076,44.306,63808.574,0,1,1,0
6281,18780407,0,27.636,975.052,44.319,63570.895,1,1,1,0
6282,18783397,0,27.649,975.046,44.309,64386.316,2,1,1,0
6283,18786387,0,27.664,975.079,44.292,63476.320,3,1,1,0
6284,18789377,0,27.676,975.068,44.300,63760.898,4,1,1,0
6285,18792367,0,27.689,975.085,44.301,63808.574,5,1,1,0
6286,18795357,0,27.699,975.076,44.303,63570.895,6,1,1,0
6287,18798347,0,27.721,975.092,44.275,63570.895,7,1,1,0
6288,18801337,0,27.729,975.071,44.276,63382.023,8,1,1,0
6289,18804327,0,27.742,975.081,44.224,63618.289,9,1,1,0
6290,18807317,0,27.759,975.100,44.226,64000.000,0,1,1,0
6291,18810307,0,27.769,975.085,44.239,63856.324,1,1,1,0
6292,18813297,0,27.779,975.073,44.216,64048.035,2,1,1,0
6293,18816287,0,27.792,975.081,44.170,63808.574,3,1,1,0
6294,18819277,0,27.804,975.080,44.171,63952.035,4,1,1,0
6295,18822267,0,27.820,975.078,44.149,63241.105,5,1,1,0
6296,18825257,0,27.827,975.091,44.150,63476.320,6,1,1,0
6297,18828247,0,27.837,975.066,44.127,63570.895,7,1,1,0
6298,18831237,0,27.847,975.078,44.128,63429.137,8,1,1,0
6299,18834227,0,27.867,975.090,44.107,63194.273,9,1,1,0
6300,18837217,0,27.880,975.095,44.060,63288.012,0,1,1,0
6301,18840207,0,27.885,975.090,44.073,63382.023,1,1,1,0
6302,18843197,0,27.913,975.088,44.070,63382.023,2,1,1,0
6303,18846187,0,27.918,975.086,44.029,63856.324,3,1,1,0
6304,18849177,0,27.933,975.089,44.037,63429.137,4,1,1,0
6305,18852167,0,27.940,975.068,43.996,63241.105,5,1,1,0
6306,18855157,0,27.958,975.095,43.974,63476.320,6,1,1,0
6307,18858147,0,27.978,975.112,43.988,63382.023,7,1,1,0
6308,18861137,0,27.980,975.069,43.964,63054.188,8,1,1,0
6309,18864127,0,28.001,975.094,43.937,63241.105,9,1,1,0
6310,18867117,0,28.013,975.111,43.920,63241.105,0,1,1,0
6311,18870107,0,28.023,975.097,43.957,63382.023,1,1,1,0
6312,18873097,0,28.036,975.082,43.911,63288.012,2,1,1,0
6313,18876087,0,28.051,975.112,43.901,63618.289,3,1,1,0
6314,18879077,0,28.061,975.095,43.866,63100.812,4,1,1,0
6315,18882067,0,28.076,975.083,43.880,63147.508,5,1,1,0
6316,18885057,0,28.089,975.098,43.869,62729.723,6,1,1,0
6317,18888047,0,28.101,975.087,43.847,62729.723,7,1,1,0
6318,18891037,0,28.111,975.082,43.824,63100.812,8,1,1,0
6319,18894027,0,28.116,975.056,43.825,62729.723,9,1,1,0
6320,18897017,0,28.126,975.065,43.826,63100.812,0,1,1,0
6321,18900007,0,28.151,975.090,43.805,62914.723,1,1,1,0
6322,18902997,0,28.154,975.076,43.817,62362.973,2,1,1,0
6323,18905987,0,28.171,975.081,43.783,62408.582,3,1,1,0
6324,18908977,0,28.182,975.078,43.773,63100.812,4,1,1,0
6325,18911967,0,28.187,975.073,43.749,63194.273,5,1,1,0
6326,18914957,0,28.202,975.067,43.727,63007.629,6,1,1,0
6327,18917947,0,28.219,975.079,43.735,62914.723,7,1,1,0
6328,18920937,0,28.224,975.072,43.706,63100.812,8,1,1,0
6329,18923927,0,28.239,975.071,43.731,62637.633,9,1,1,0
6330,18926917,0,28.247,975.059,43.685,62822.086,0,1,1,0
6331,18929907,0,28.254,975.058,43.667,62914.723,1,1,1,0
6332,18932897,0,28.264,975.064,43.669,62545.809,2,1,1,0
6333,18935887,0,28.277,975.067,43.664,62637.633,3,1,1,0
6334,18938877,0,28.282,975.065,43.635,62637.633,4,1,1,0
6335,18941867,0,28.297,975.068,43.637,62637.633,5,1,1,0
6336,18944857,0,28.305,975.087,43.637,62729.723,6,1,1,0
6337,18947847,0,28.312,975.080,43.674,62822.086,7,1,1,0
6338,18950837,0,28.320,975.061,43.603,62545.809,8,1,1,0
6339,18953827,0,28.325,975.066,43.610,62729.723,9,1,1,0
6340,18956817,0,28.330,975.072,43.569,62729.723,0,1,1,0
6341,18959807,0,28.345,975.084,43.547,62637.633,1,1,1,0
6342,18962797,0,28.352,975.065,43.553,62408.582,2,1,1,0
6343,18965787,0,28.363,975.065,43.537,62683.645,3,1,1,0
6344,18968777,0,28.368,975.060,43.525,62500.000,4,1,1,0
6345,18971767,0,28.375,975.068,43.508,62271.953,5,1,1,0
6346,18974757,0,28.385,975.038,43.497,62822.086,6,1,1,0
6347,18977747,0,28.393,975.069,43.445,62408.582,7,1,1,0
6348,18980737,0,28.405,975.068,43.446,62591.688,8,1,1,0
6349,18983727,0,28.410,975.079,43.447,62545.809,9,1,1,0
6350,18986717,0,28.423,975.068,43.436,62408.582,0,1,1,0
6351,18989707,0,28.420,975.064,43.424,62591.688,1,1,1,0
6352,18992697,0,28.430,975.068,43.407,62637.633,2,1,1,0
6353,18995687,0,28.440,975.080,43.408,62914.723,3,1,1,0
6354,18998677,0,28.451,975.071,43.362,62683.645,4,1,1,0
6355,19001667,0,28.461,975.094,43.357,62637.633,5,1,1,0
6356,19004657,0,28.476,975.077,43.329,62408.582,6,1,1,0
6357,19007647,0,28.476,975.086,43.317,62545.809,7,1,1,0
6358,19010637,0,28.478,975.066,43.317,62454.258,8,1,1,0
6359,19013627,0,28.491,975.067,43.307,62637.633,9,1,1,0
6360,19016617,0,28.493,975.058,43.295,62271.953,0,1,1,0
6361,19019607,0,28.503,975.070,43.314,62775.871,1,1,1,0
6362,19022597,0,28.508,975.056,43.297,62271.953,2,1,1,0
6363,19025587,0,28.516,975.054,43.304,62408.582,3,1,1,0
6364,19028577,0,28.526,975.041,43.299,62226.543,4,1,1,0
6365,19031567,0,28.528,975.064,43.275,62362.973,5,1,1,0
6366,19034557,0,28.538,975.054,43.259,62591.688,6,1,1,0
6367,19037547,0,28.554,975.053,43.272,62408.582,7,1,1,0
6368,19040537,0,28.564,975.045,43.262,62271.953,8,1,1,0
6369,19043527,0,28.561,975.054,43.261,62271.953,9,1,1,0
6370,19046517,0,28.576,975.067,43.293,62090.711,0,1,1,0
6371,19049507,0,28.576,975.053,43.233,62362.973,1,1,1,0
6372,19052497,0,28.581,975.043,43.246,62362.973,2,1,1,0
6373,19055487,0,28.594,975.054,43.235,62591.688,3,1,1,0
6374,19058477,0,28.599,975.069,43.224,62090.711,4,1,1,0
6375,19061467,0,28.599,975.051,43.212,62000.484,5,1,1,0
6376,19064457,0,28.611,975.046,43.225,62545.809,6,1,1,0
6377,19067447,0,28.616,975.063,43.244,62362.973,7,1,1,0
6378,19070437,0,28.619,975.056,43.226,62271.953,8,1,1,0
6379,19073427,0,28.624,975.063,43.215,62454.258,9,1,1,0
6380,19076417,0,28.634,975.057,43.216,62591.688,0,1,1,0
6381,19079407,0,28.644,975.061,43.199,61865.637,1,1,1,0
6382,19082397,0,28.639,975.045,43.193,62135.922,2,1,1,0
6383,19085387,0,28.649,975.065,43.230,61955.469,3,1,1,0
6384,19088377,0,28.664,975.066,43.255,62226.543,4,1,1,0
6385,19091367,0,28.669,975.077,43.232,62181.199,5,1,1,0
6386,19094357,0,28.674,975.095,43.221,62408.582,6,1,1,0
6387,19097347,0,28.679,975.069,43.239,61955.469,7,1,1,0
6388,19100337,0,28.682,975.073,43.240,62454.258,8,1,1,0
6389,19103327,0,28.687,975.091,43.222,62317.430,9,1,1,0
6390,19106317,0,28.689,975.073,43.246,61955.469,0,1,1,0
6391,19109307,0,28.689,975.075,43.229,62822.086,1,1,1,0
6392,19112297,0,28.694,975.059,43.235,62317.430,2,1,1,0
6393,19115287,0,28.702,975.069,43.212,62181.199,3,1,1,0
6394,19118277,0,28.702,975.060,43.224,62000.484,4,1,1,0
6395,19121267,0,28.709,975.053,43.243,62317.430,5,1,1,0
6396,19124257,0,28.714,975.066,43.226,62045.566,6,1,1,0
6397,19127247,0,28.714,975.073,43.196,61865.637,7,1,1,0
6398,19130237,0,28.714,975.077,43.231,62135.922,8,1,1,0
6399,19133227,0,28.719,975.059,43.190,61731.371,9,1,1,0
6400,19136217,0,28.719,975.054,43.190,62135.922,0,1,1,0
6401,19139207,0,28.727,975.065,43.173,62045.566,1,1,1,0
6402,19142197,0,28.735,975.067,43.192,62317.430,2,1,1,0
6403,19145187,0,28.732,975.045,43.168,62090.711,3,1,1,0
6404,19148177,0,28.742,975.071,43.187,62045.566,4,1,1,0
6405,19151167,0,28.740,975.062,43.193,62454.258,5,1,1,0
6406,19154157,0,28.747,975.072,43.200,62000.484,6,1,1,0
6407,19157147,0,28.750,975.063,43.188,61731.371,7,1,1,0
6408,19160137,0,28.750,975.063,43.188,62000.484,8,1,1,0
6409,19163127,0,28.752,975.049,43.188,62000.484,9,1,1,0
6410,19166117,0,28.757,975.072,43.189,62226.543,0,1,1,0
6411,19169107,0,28.755,975.056,43.194,61865.637,1,1,1,0
6412,19172097,0,28.762,975.055,43.201,62090.711,2,1,1,0
6413,19175087,0,28.767,975.071,43.184,61910.520,3,1,1,0
6414,19178077,0,28.770,975.057,43.184,62000.484,4,1,1,0
6415,19181067,0,28.775,975.086,43.161,62090.711,5,1,1,0
6416,19184057,0,28.762,975.035,43.154,61955.469,6,1,1,0
6417,19187047,0,28.772,975.057,43.161,62000.484,7,1,1,0
6418,19190037,0,28.775,975.059,43.167,62408.582,8,1,1,0
6419,19193027,0,28.780,975.049,43.173,61731.371,9,1,1,0
6420,19196017,0,28.787,975.074,43.156,61955.469,0,1,1,0
6421,19199007,0,28.785,975.056,43.198,61776.062,1,1,1,0
6422,19201997,0,28.792,975.071,43.163,61955.469,2,1,1,0
6423,19204987,0,28.795,975.071,43.139,62045.566,3,1,1,0
6424,19207977,0,28.795,975.064,43.139,61776.062,4,1,1,0
6425,19210967,0,28.795,975.046,43.175,62090.711,5,1,1,0
6426,19213957,0,28.802,975.068,43.152,61820.816,6,1,1,0
6427,19216947,0,28.805,975.059,43.135,62181.199,7,1,1,0
6428,19219937,0,28.805,975.059,43.117,61820.816,8,1,1,0
6429,19222927,0,28.810,975.054,43.129,61865.637,9,1,1,0
6430,19225917,0,28.815,975.071,43.094,62226.543,0,1,1,0
6431,19228907,0,28.818,975.071,43.106,62000.484,1,1,1,0
6432,19231897,0,28.820,975.055,43.113,62408.582,2,1,1,0
6433,19234887,0,28.823,975.075,43.101,61731.371,3,1,1,0
6434,19237877,0,28.825,975.064,43.053,61910.520,4,1,1,0
6435,19240867,0,28.828,975.061,43.084,61910.520,5,1,1,0
6436,19243857,0,28.830,975.047,43.096,61553.258,6,1,1,0
6437,19246847,0,28.833,975.063,43.114,62135.922,7,1,1,0
6438,19249837,0,28.838,975.045,43.109,62045.566,8,1,1,0
6439,19252827,0,28.843,975.067,43.097,61776.062,9,1,1,0
6440,19255817,0,28.840,975.065,43.085,61731.371,0,1,1,0
6441,19258807,0,28.840,975.067,43.085,61642.188,1,1,1,0
6442,19261797,0,28.853,975.068,43.051,62045.566,2,1,1,0
6443,19264787,0,28.853,975.061,43.104,61955.469,3,1,1,0
6444,19267777,0,28.855,975.070,43.087,61642.188,4,1,1,0
6445,19270767,0,28.863,975.079,43.106,61464.586,5,1,1,0
6446,19273757,0,28.858,975.072,43.105,61553.258,6,1,1,0
6447,19276747,0,28.865,975.069,43.100,62271.953,7,1,1,0
6448,19279737,0,28.865,975.070,43.100,61910.520,8,1,1,0
6449,19282727,0,28.873,975.069,43.083,61508.891,9,1,1,0
6450,19285717,0,28.870,975.057,43.101,61597.691,0,1,1,0
6451,19288707,0,28.880,975.093,43.060,61776.062,1,1,1,0
6452,19291697,0,28.875,975.071,43.071,62045.566,2,1,1,0
6453,19294687,0,28.878,975.071,43.113,61244.020,3,1,1,0
6454,19297677,0,28.885,975.075,43.090,62090.711,4,1,1,0
6455,19300667,0,28.885,975.083,43.090,61955.469,5,1,1,0
6456,19303657,0,28.888,975.079,43.091,61865.637,6,1,1,0
6457,19306647,0,28.888,975.076,43.073,61464.586,7,1,1,0
6458,19309637,0,28.895,975.085,43.092,62000.484,8,1,1,0
6459,19312627,0,28.895,975.081,43.080,61288.004,9,1,1,0
6460,19315617,0,28.888,975.072,43.085,61820.816,0,1,1,0
6461,19318607,0,28.895,975.080,43.080,61820.816,1,1,1,0
6462,19321597,0,28.895,975.073,43.068,61820.816,2,1,1,0
6463,19324587,0,28.898,975.092,43.038,61464.586,3,1,1,0
6464,19327577,0,28.903,975.096,43.063,62045.566,4,1,1,0
6465,19330567,0,28.893,975.081,43.061,62000.484,5,1,1,0
6466,19333557,0,28.898,975.069,43.056,62181.199,6,1,1,0
6467,19336547,0,28.898,975.085,43.080,61820.816,7,1,1,0
6468,19339537,0,28.895,975.064,43.092,61597.691,8,1,1,0
6469,19342527,0,28.895,975.064,43.074,61288.004,9,1,1,0
6470,19345517,0,28.901,975.078,43.050,61642.188,0,1,1,0
6471,19348507,0,28.893,975.083,43.044,61910.520,1,1,1,0
6472,19351497,0,28.883,975.079,43.054,61597.691,2,1,1,0
6473,19354487,0,28.885,975.088,43.090,61820.816,3,1,1,0
6474,19357477,0,28.895,975.089,43.080,61776.062,4,1,1,0
6475,19360467,0,28.888,975.079,43.079,62090.711,5,1,1,0
6476,19363457,0,28.878,975.082,43.054,61910.520,6,1,1,0
6477,19366447,0,28.875,975.094,43.101,61731.371,7,1,1,0
6478,19369437,0,28.873,975.087,43.089,61731.371,8,1,1,0
6479,19372427,0,28.863,975.092,43.070,61910.520,9,1,1,0
6480,19375417,0,28.858,975.090,43.099,61464.586,0,1,1,0
6481,19378407,0,28.855,975.079,43.129,61776.062,1,1,1,0
6482,19381397,0,28.843,975.071,43.097,61464.586,2,1,1,0
6483,19384387,0,28.843,975.089,43.079,61464.586,3,1,1,0
6484,19387377,0,28.838,975.081,43.085,61553.258,4,1,1,0
6485,19390367,0,28.825,975.075,43.107,61820.816,5,1,1,0
6486,19393357,0,28.823,975.082,43.083,61642.188,6,1,1,0
6487,19396347,0,28.818,975.071,43.094,61464.586,7,1,1,0
6488,19399337,0,28.823,975.098,43.119,62045.566,8,1,1,0
6489,19402327,0,28.805,975.070,43.099,61420.344,9,1,1,0
6490,19405317,0,28.807,975.083,43.111,61244.020,0,1,1,0
6491,19408307,0,28.792,975.101,43.103,61597.691,1,1,1,0
6492,19411297,0,28.790,975.085,43.115,61820.816,2,1,1,0
6493,19414287,0,28.790,975.094,43.115,61288.004,3,1,1,0
6494,19417277,0,28.775,975.084,43.125,61686.746,4,1,1,0
6495,19420267,0,28.772,975.098,43.113,61731.371,5,1,1,0
6496,19423257,0,28.760,975.090,43.105,61642.188,6,1,1,0
6497,19426247,0,28.755,975.086,43.135,61112.438,7,1,1,0
6498,19429237,0,28.747,975.091,43.128,61332.055,8,1,1,0
6499,19432227,0,28.740,975.084,43.109,62317.430,9,1,1,0
6500,19435217,0,28.740,975.100,43.133,62090.711,0,1,1,0
6501,19438207,0,28.719,975.088,43.119,61731.371,1,1,1,0
6502,19441197,0,28.719,975.097,43.119,61865.637,2,1,1,0
6503,19444187,0,28.714,975.089,43.148,61731.371,3,1,1,0
6504,19447177,0,28.702,975.058,43.146,61820.816,4,1,1,0
6505,19450167,0,28.699,975.074,43.146,61820.816,5,1,1,0
6506,19453157,0,28.692,975.087,43.145,61865.637,6,1,1,0
6507,19456147,0,28.684,975.087,43.174,61642.188,7,1,1,0
6508,19459137,0,28.674,975.074,43.167,62090.711,8,1,1,0
6509,19462127,0,28.667,975.075,43.190,61731.371,9,1,1,0
6510,19465117,0,28.664,975.080,43.196,61910.520,0,1,1,0
6511,19468107,0,28.652,975.076,43.182,62135.922,1,1,1,0
6512,19471097,0,28.639,975.064,43.193,61776.062,2,1,1,0
6513,19474087,0,28.629,975.080,43.221,62000.484,3,1,1,0
6514,19477077,0,28.624,975.063,43.191,62454.258,4,1,1,0
6515,19480067,0,28.616,975.074,43.226,61910.520,5,1,1,0
6516,19483057,0,28.609,975.068,43.201,61731.371,6,1,1,0
6517,19486047,0,28.599,975.062,43.224,62000.484,7,1,1,0
6518,19489037,0,28.596,975.060,43.241,61865.637,8,1,1,0
6519,19492027,0,28.581,975.052,43.246,62000.484,9,1,1,0
6520,19495017,0,28.576,975.067,43.233,62000.484,0,1,1,0
6521,19498007,0,28.571,975.083,43.268,61955.469,1,1,1,0
6522,19500997,0,28.561,975.063,43.231,62000.484,2,1,1,0
6523,19503987,0,28.554,975.075,43.254,61820.816,3,1,1,0
6524,19506977,0,28.538,975.072,43.259,61642.188,4,1,1,0
6525,19509967,0,28.531,975.041,43.276,61820.816,5,1,1,0
6526,19512957,0,28.526,975.091,43.293,62000.484,6,1,1,0
6527,19515947,0,28.521,975.096,43.292,61865.637,7,1,1,0
6528,19518937,0,28.508,975.091,43.315,61910.520,8,1,1,0
6529,19521927,0,28.506,975.111,43.297,62090.711,9,1,1,0
6530,19524917,0,28.493,975.105,43.277,62135.922,0,1,1,0
6531,19527907,0,28.483,975.102,43.336,62090.711,1,1,1,0
6532,19530897,0,28.473,975.078,43.305,62271.953,2,1,1,0
6533,19533887,0,28.471,975.112,43.328,61776.062,3,1,1,0
6534,19536877,0,28.458,975.104,43.327,62090.711,4,1,1,0
6535,19539867,0,28.448,975.111,43.338,62135.922,5,1,1,0
6536,19542857,0,28.443,975.092,43.349,61865.637,6,1,1,0
6537,19545847,0,28.433,975.106,43.372,62271.953,7,1,1,0
6538,19548837,0,28.430,975.116,43.371,62090.711,8,1,1,0
6539,19551827,0,28.420,975.100,43.394,61910.520,9,1,1,0
6540,19554817,0,28.415,975.117,43.381,62362.973,0,1,1,0
6541,19557807,0,28.410,975.113,43.393,62362.973,1,1,1,0
6542,19560797,0,28.400,975.102,43.410,62362.973,2,1,1,0
6543,19563787,0,28.393,975.100,43.421,61553.258,3,1,1,0
6544,19566777,0,28.385,975.112,43.414,62045.566,4,1,1,0
6545,19569767,0,28.385,975.133,43.438,62729.723,5,1,1,0
6546,19572757,0,28.373,975.120,43.436,62317.430,6,1,1,0
6547,19575747,0,28.357,975.119,43.482,62271.953,7,1,1,0
6548,19578737,0,28.355,975.119,43.494,62271.953,8,1,1,0
6549,19581727,0,28.352,975.129,43.571,62637.633,9,1,1,0
6550,19584717,0,28.342,975.129,43.636,62408.582,0,1,1,0
6551,19587707,0,28.337,975.125,43.677,62729.723,1,1,1,0
6552,19590697,0,28.330,975.104,43.718,62822.086,2,1,1,0
6553,19593687,0,28.330,975.128,43.742,62317.430,3,1,1,0
6554,19596677,0,28.330,975.122,43.796,62500.000,4,1,1,0
6555,19599667,0,28.317,975.105,43.789,62729.723,5,1,1,0
6556,19602657,0,28.325,975.118,43.849,62729.723,6,1,1,0
6557,19605647,0,28.317,975.105,43.855,62500.000,7,1,1,0
6558,19608637,0,28.302,975.095,43.871,62729.723,8,1,1,0
6559,19611627,0,28.315,975.123,43.902,63007.629,9,1,1,0
6560,19614617,0,28.310,975.132,43.914,62868.371,0,1,1,0
6561,19617607,0,28.310,975.121,43.932,62775.871,1,1,1,0
6562,19620597,0,28.315,975.110,43.956,62729.723,2,1,1,0
6563,19623587,0,28.305,975.128,43.979,62729.723,3,1,1,0
6564,19626577,0,28.307,975.128,43.973,63194.273,4,1,1,0
6565,19629567,0,28.300,975.108,44.008,62914.723,5,1,1,0
6566,19632557,0,28.312,975.134,44.016,62822.086,6,1,1,0
6567,19635547,0,28.307,975.119,44.039,63007.629,7,1,1,0
6568,19638537,0,28.310,975.117,44.027,62591.688,8,1,1,0
6569,19641527,0,28.302,975.101,44.051,63054.188,9,1,1,0
6570,19644517,0,28.302,975.095,44.069,62822.086,0,1,1,0
6571,19647507,0,28.315,975.123,44.070,63007.629,1,1,1,0
6572,19650497,0,28.312,975.117,44.064,63100.812,2,1,1,0
6573,19653487,0,28.312,975.114,44.076,63241.105,3,1,1,0
6574,19656477,0,28.310,975.110,44.069,62775.871,4,1,1,0
6575,19659467,0,28.327,975.124,44.114,63382.023,5,1,1,0
6576,19662457,0,28.320,975.120,44.089,63194.273,6,1,1,0
6577,19665447,0,28.327,975.106,44.102,62729.723,7,1,1,0
6578,19668437,0,28.335,975.133,44.126,62822.086,8,1,1,0
6579,19671427,0,28.330,975.104,44.132,62868.371,9,1,1,0
6580,19674417,0,28.342,975.111,44.157,62914.723,0,1,1,0
6581,19677407,0,28.337,975.108,44.163,62545.809,1,1,1,0
6582,19680397,0,28.342,975.127,44.127,62637.633,2,1,1,0
6583,19683387,0,28.357,975.121,44.153,62729.723,3,1,1,0
6584,19686377,0,28.357,975.099,44.165,62775.871,4,1,1,0
6585,19689367,0,28.363,975.121,44.142,62914.723,5,1,1,0
6586,19692357,0,28.373,975.129,44.137,62408.582,6,1,1,0
6587,19695347,0,28.373,975.093,44.161,63054.188,7,1,1,0
6588,19698337,0,28.375,975.115,44.167,62822.086,8,1,1,0
6589,19701327,0,28.373,975.111,44.167,62729.723,9,1,1,0
6590,19704317,0,28.388,975.114,44.157,62454.258,0,1,1,0
6591,19707307,0,28.390,975.100,44.145,62591.688,1,1,1,0
6592,19710297,0,28.403,975.116,44.153,62775.871,2,1,1,0
6593,19713287,0,28.403,975.081,44.159,62822.086,3,1,1,0
6594,19716277,0,28.413,975.115,44.130,62181.199,4,1,1,0
6595,19719267,0,28.413,975.114,44.148,62729.723,5,1,1,0
6596,19722257,0,28.420,975.109,44.143,62545.809,6,1,1,0
6597,19725247,0,28.435,975.111,44.162,62961.141,7,1,1,0
6598,19728237,0,28.433,975.102,44.138,62591.688,8,1,1,0
6599,19731227,0,28.433,975.088,44.126,62729.723,9,1,1,0
6600,19734217,0,28.448,975.114,44.164,62408.582,0,1,1,0
6601,19737207,0,28.448,975.103,44.146,62822.086,1,1,1,0
6602,19740197,0,28.456,975.102,44.129,62775.871,2,1,1,0
6603,19743187,0,28.458,975.102,44.117,62317.430,3,1,1,0
6604,19746177,0,28.473,975.109,44.119,62775.871,4,1,1,0
6605,19749167,0,28.471,975.101,44.149,62454.258,5,1,1,0
6606,19752157,0,28.483,975.120,44.132,62408.582,6,1,1,0
6607,19755147,0,28.486,975.108,44.108,62775.871,7,1,1,0
6608,19758137,0,28.493,975.119,44.121,62454.258,8,1,1,0
6609,19761127,0,28.506,975.125,44.135,63054.188,9,1,1,0
6610,19764117,0,28.508,975.113,44.099,62868.371,0,1,1,0
6611,19767107,0,28.511,975.113,44.099,62591.688,1,1,1,0
6612,19770097,0,28.513,975.097,44.100,62181.199,2,1,1,0
6613,19773087,0,28.521,975.108,44.089,62454.258,3,1,1,0
6614,19776077,0,28.528,975.096,44.066,62637.633,4,1,1,0
6615,19779067,0,28.533,975.089,44.078,62317.430,5,1,1,0
6616,19782057,0,28.549,975.096,44.074,62545.809,6,1,1,0
6617,19785047,0,28.554,975.093,44.099,62454.258,7,1,1,0
6618,19788037,0,28.564,975.081,44.076,62271.953,8,1,1,0
6619,19791027,0,28.564,975.070,44.058,62591.688,9,1,1,0
6620,19794017,0,28.569,975.081,44.082,62545.809,0,1,1,0
6621,19797007,0,28.576,975.082,44.065,62271.953,1,1,1,0
6622,19799997,0,28.586,975.100,44.042,62181.199,2,1,1,0
6623,19802987,0,28.591,975.090,44.061,62454.258,3,1,1,0
6624,19805977,0,28.594,975.076,44.061,62181.199,4,1,1,0
6625,19808967,0,28.599,975.081,44.044,62181.199,5,1,1,0
6626,19811957,0,28.604,975.066,44.027,62362.973,6,1,1,0
6627,19814947,0,28.611,975.077,44.021,62181.199,7,1,1,0
6628,19817937,0,28.624,975.103,44.029,62408.582,8,1,1,0
6629,19820927,0,28.626,975.081,43.993,62500.000,9,1,1,0
6630,19823917,0,28.626,975.094,44.041,62408.582,0,1,1,0
6631,19826907,0,28.637,975.100,43.994,62545.809,1,1,1,0
6632,19829897,0,28.644,975.111,44.007,62454.258,2,1,1,0
6633,19832887,0,28.644,975.093,43.977,62135.922,3,1,1,0
6634,19835877,0,28.649,975.090,43.996,62408.582,4,1,1,0
6635,19838867,0,28.657,975.092,43.997,62090.711,5,1,1,0
6636,19841857,0,28.664,975.091,43.980,62408.582,6,1,1,0
6637,19844847,0,28.674,975.101,43.981,61955.469,7,1,1,0
6638,19847837,0,28.677,975.112,43.951,62226.543,8,1,1,0
6639,19850827,0,28.682,975.092,43.988,62637.633,9,1,1,0
6640,19853817,0,28.682,975.094,43.964,61955.469,0,1,1,0
6641,19856807,0,28.692,975.097,43.965,62683.645,1,1,1,0
6642,19859797,0,28.694,975.122,43.965,62454.258,2,1,1,0
6643,19862787,0,28.707,975.125,43.943,62683.645,3,1,1,0
6644,19865777,0,28.707,975.132,43.955,62454.258,4,1,1,0
6645,19868767,0,28.704,975.112,43.943,62000.484,5,1,1,0
6646,19871757,0,28.712,975.105,43.937,62181.199,6,1,1,0
6647,19874747,0,28.717,975.114,43.920,62317.430,7,1,1,0
6648,19877737,0,28.719,975.106,43.920,62226.543,8,1,1,0
6649,19880727,0,28.727,975.129,43.921,62000.484,9,1,1,0
6650,19883717,0,28.730,975.119,43.940,62454.258,0,1,1,0
6651,19886707,0,28.735,975.128,43.922,62271.953,1,1,1,0
6652,19889697,0,28.747,975.131,43.936,61820.816,2,1,1,0
6653,19892687,0,28.745,975.131,43.923,61776.062,3,1,1,0
6654,19895677,0,28.747,975.147,43.912,61910.520,4,1,1,0
6655,19898667,0,28.752,975.144,43.936,62181.199,5,1,1,0
6656,19901657,0,28.760,975.139,43.919,62181.199,6,1,1,0
6657,19904647,0,28.760,975.133,43.919,62000.484,7,1,1,0
6658,19907637,0,28.775,975.136,43.909,61642.188,8,1,1,0
6659,19910627,0,28.767,975.134,43.902,62408.582,9,1,1,0
6660,19913617,0,28.775,975.151,43.885,62000.484,0,1,1,0
6661,19916607,0,28.775,975.134,43.879,62271.953,1,1,1,0
6662,19919597,0,28.775,975.115,43.891,62271.953,2,1,1,0
6663,19922587,0,28.782,975.130,43.868,61553.258,3,1,1,0
6664,19925577,0,28.792,975.146,43.869,62271.953,4,1,1,0
6665,19928567,0,28.792,975.130,43.869,61865.637,5,1,1,0
6666,19931557,0,28.800,975.143,43.864,62317.430,6,1,1,0
6667,19934547,0,28.802,975.145,43.882,62408.582,7,1,1,0
6668,19937537,0,28.807,975.144,43.853,61464.586,8,1,1,0
6669,19940527,0,28.805,975.138,43.835,62090.711,9,1,1,0
6670,19943517,0,28.807,975.129,43.859,62226.543,0,1,1,0
6671,19946507,0,28.820,975.146,43.860,62000.484,1,1,1,0
6672,19949497,0,28.823,975.147,43.855,62729.723,2,1,1,0
6673,19952487,0,28.825,975.131,43.843,62500.000,3,1,1,0
6674,19955477,0,28.830,975.149,43.844,61731.371,4,1,1,0
6675,19958467,0,28.830,975.147,43.820,61955.469,5,1,1,0
6676,19961457,0,28.835,975.153,43.850,62500.000,6,1,1,0
6677,19964447,0,28.843,975.151,43.857,62135.922,7,1,1,0
6678,19967437,0,28.840,975.142,43.899,61776.062,8,1,1,0
6679,19970427,0,28.850,975.143,43.822,61910.520,9,1,1,0
6680,19973417,0,28.843,975.142,43.845,62000.484,0,1,1,0
6681,19976407,0,28.858,975.149,43.817,61776.062,1,1,1,0
6682,19979397,0,28.868,975.151,43.830,62000.484,2,1,1,0
6683,19982387,0,28.860,975.142,43.829,61553.258,3,1,1,0
6684,19985377,0,28.865,975.191,43.836,62271.953,4,1,1,0
6685,19988367,0,28.868,975.160,43.794,61464.586,5,1,1,0
6686,19991357,0,28.868,975.160,43.800,62454.258,6,1,1,0
6687,19994347,0,28.875,975.161,43.801,61820.816,7,1,1,0
6688,19997337,0,28.873,975.155,43.807,62271.953,8,1,1,0
6689,20000327,0,28.878,975.150,43.807,61776.062,9,1,1,0
6690,20003317,0,28.870,975.155,43.770,61244.020,0,1,1,0
6691,20006307,0,28.868,975.151,43.758,61865.637,1,1,1,0
6692,20009297,0,28.875,975.150,43.717,62090.711,2,1,1,0
6693,20012287,0,28.875,975.159,43.615,62045.566,3,1,1,0
6694,20015277,0,28.880,975.177,43.562,62181.199,4,1,1,0
6695,20018267,0,28.875,975.157,43.484,61776.062,5,1,1,0
6696,20021257,0,28.875,975.154,43.448,61865.637,6,1,1,0
6697,20024247,0,28.873,975.162,43.412,61597.691,7,1,1,0
6698,20027237,0,28.875,975.154,43.406,62226.543,8,1,1,0
6699,20030227,0,28.863,975.151,43.374,62135.922,9,1,1,0
6700,20033217,0,28.865,975.142,43.339,62045.566,0,1,1,0
6701,20036207,0,28.860,975.162,43.290,62591.688,1,1,1,0
6702,20039197,0,28.853,975.166,43.242,62090.711,2,1,1,0
6703,20042187,0,28.855,975.177,43.248,61910.520,3,1,1,0
6704,20045177,0,28.853,975.157,43.218,62090.711,4,1,1,0
6705,20048167,0,28.845,975.157,43.241,62090.711,5,1,1,0
6706,20051157,0,28.840,975.146,43.163,62591.688,6,1,1,0
6707,20054147,0,28.838,975.144,43.198,62591.688,7,1,1,0
6708,20057137,0,28.838,975.151,43.192,61865.637,8,1,1,0
6709,20060127,0,28.825,975.154,43.191,62181.199,9,1,1,0
6710,20063117,0,28.823,975.147,43.155,62408.582,0,1,1,0
6711,20066107,0,28.815,975.150,43.136,62914.723,1,1,1,0
6712,20069097,0,28.813,975.139,43.136,62637.633,2,1,1,0
6713,20072087,0,28.795,975.136,43.068,62775.871,3,1,1,0
6714,20075077,0,28.792,975.136,43.044,62729.723,4,1,1,0
6715,20078067,0,28.785,975.140,43.013,62591.688,5,1,1,0
6716,20081057,0,28.777,975.140,43.006,62637.633,6,1,1,0
6717,20084047,0,28.770,975.125,43.017,62454.258,7,1,1,0
6718,20087037,0,28.760,975.141,43.022,63007.629,8,1,1,0
6719,20090027,0,28.760,975.151,42.986,62637.633,9,1,1,0
6720,20093017,0,28.747,975.163,42.907,62822.086,0,1,1,0
6721,20096007,0,28.735,975.135,42.894,63241.105,1,1,1,0
6722,20098997,0,28.735,975.157,42.852,63100.812,2,1,1,0
6723,20101987,0,28.727,975.135,42.803,63007.629,3,1,1,0
6724,20104977,0,28.714,975.145,42.796,63382.023,4,1,1,0
6725,20107967,0,28.707,975.135,42.783,63194.273,5,1,1,0
6726,20110957,0,28.704,975.140,42.789,63618.289,6,1,1,0
6727,20113947,0,28.689,975.127,42.793,63241.105,7,1,1,0
6728,20116937,0,28.687,975.137,42.840,63334.984,8,1,1,0
6729,20119927,0,28.677,975.130,42.833,63147.508,9,1,1,0
6730,20122917,0,28.674,975.144,42.851,63760.898,0,1,1,0
6731,20125907,0,28.664,975.140,42.832,63194.273,1,1,1,0
6732,20128897,0,28.652,975.137,42.795,63808.574,2,1,1,0
6733,20131887,0,28.637,975.139,42.781,63713.289,3,1,1,0
6734,20134877,0,28.632,975.125,42.763,63665.754,4,1,1,0
6735,20137867,0,28.621,975.128,42.755,63665.754,5,1,1,0
6736,20140857,0,28.609,975.146,42.742,63570.895,6,1,1,0
6737,20143847,0,28.601,975.128,42.765,63570.895,7,1,1,0
6738,20146837,0,28.594,975.140,42.776,63665.754,8,1,1,0
6739,20149827,0,28.579,975.168,42.780,63760.898,9,1,1,0
6740,20152817,0,28.571,975.124,42.827,63382.023,0,1,1,0
6741,20155807,0,28.566,975.165,42.850,64048.035,1,1,1,0
6742,20158797,0,28.551,975.188,42.878,63618.289,2,1,1,0
6743,20161787,0,28.538,975.165,42.913,63856.324,3,1,1,0
6744,20164777,0,28.523,975.168,42.935,63618.289,4,1,1,0
6745,20167767,0,28.513,975.176,42.916,64240.902,5,1,1,0
6746,20170757,0,28.501,975.161,42.926,63856.324,6,1,1,0
6747,20173747,0,28.488,975.180,42.948,63476.320,7,1,1,0
6748,20176737,0,28.476,975.154,42.959,64144.324,8,1,1,0
6749,20179727,0,28.463,975.160,42.987,64240.902,9,1,1,0
6750,20182717,0,28.453,975.150,42.968,63904.145,0,1,1,0
6751,20185707,0,28.440,975.146,42.990,63760.898,1,1,1,0
6752,20188697,0,28.433,975.183,42.990,64192.578,2,1,1,0
6753,20191687,0,28.420,975.179,43.006,64096.145,3,1,1,0
6754,20194677,0,28.403,975.174,43.028,64532.391,4,1,1,0
6755,20197667,0,28.400,975.206,43.010,64728.191,5,1,1,0
6756,20200657,0,28.385,975.176,43.008,64144.324,6,1,1,0
6757,20203647,0,28.370,975.177,43.036,64240.902,7,1,1,0
6758,20206637,0,28.357,975.183,43.076,64192.578,8,1,1,0
6759,20209627,0,28.350,975.185,43.051,64679.133,9,1,1,0
6760,20212617,0,28.335,975.198,43.062,64337.773,0,1,1,0
6761,20215607,0,28.320,975.191,43.096,64192.578,1,1,1,0
6762,20218597,0,28.305,975.178,43.100,64679.133,2,1,1,0
6763,20221587,0,28.295,975.202,43.099,64728.191,3,1,1,0
6764,20224577,0,28.282,975.178,43.121,64925.184,4,1,1,0
6765,20227567,0,28.262,975.175,43.137,64777.328,5,1,1,0
6766,20230557,0,28.259,975.184,43.148,64679.133,6,1,1,0
6767,20233547,0,28.252,975.185,43.123,64581.230,7,1,1,0
6768,20236537,0,28.234,975.178,43.104,64630.145,8,1,1,0
6769,20239527,0,28.222,975.183,43.108,64728.191,9,1,1,0
6770,20242517,0,28.207,975.178,43.148,64192.578,0,1,1,0
6771,20245507,0,28.189,975.182,43.164,64974.621,1,1,1,0
6772,20248497,0,28.189,975.163,43.188,64728.191,2,1,1,0
6773,20251487,0,28.169,975.168,43.173,64728.191,3,1,1,0
6774,20254477,0,28.159,975.175,43.172,64728.191,4,1,1,0
6775,20257467,0,28.151,975.185,43.183,64289.301,5,1,1,0
6776,20260457,0,28.139,975.175,43.206,64925.184,6,1,1,0
6777,20263447,0,28.126,975.196,43.228,65024.129,7,1,1,0
6778,20266437,0,28.111,975.182,43.244,64532.391,8,1,1,0
6779,20269427,0,28.109,975.218,43.232,64826.539,9,1,1,0
6780,20272417,0,28.094,975.212,43.272,64925.184,0,1,1,0
6781,20275407,0,28.086,975.224,43.283,64777.328,1,1,1,0
6782,20278397,0,28.071,975.217,43.305,64875.824,2,1,1,0
6783,20281387,0,28.061,975.213,43.358,64826.539,3,1,1,0
6784,20284377,0,28.046,975.214,43.326,65073.715,4,1,1,0
6785,20287367,0,28.038,975.204,43.361,65024.129,5,1,1,0
6786,20290357,0,28.023,975.223,43.365,65173.117,6,1,1,0
6787,20293347,0,28.016,975.217,43.370,65573.773,7,1,1,0
6788,20296337,0,27.998,975.212,43.434,65272.820,8,1,1,0
6789,20299327,0,27.993,975.228,43.398,65222.930,9,1,1,0
6790,20302317,0,27.978,975.221,43.414,65024.129,0,1,1,0
6791,20305307,0,27.968,975.217,43.424,64875.824,1,1,1,0
6792,20308297,0,27.950,975.214,43.446,65222.930,2,1,1,0
6793,20311287,0,27.950,975.227,43.452,65272.820,3,1,1,0
6794,20314277,0,27.943,975.224,43.445,64826.539,4,1,1,0
6795,20317267,0,27.923,975.185,43.467,64434.938,5,1,1,0
6796,20320257,0,27.925,975.205,43.485,65222.930,6,1,1,0
6797,20323247,0,27.910,975.217,43.489,65222.930,7,1,1,0
6798,20326237,0,27.897,975.198,43.536,65624.195,8,1,1,0
6799,20329227,0,27.895,975.219,43.535,65173.117,9,1,1,0
6800,20332217,0,27.882,975.236,43.546,65725.289,0,1,1,0
6801,20335207,0,27.875,975.207,43.503,65173.117,1,1,1,0
6802,20338197,0,27.862,975.224,43.532,65173.117,2,1,1,0
6803,20341187,0,27.860,975.233,43.495,65422.949,3,1,1,0
6804,20344177,0,27.845,975.216,43.517,65422.949,4,1,1,0
6805,20347167,0,27.842,975.205,43.511,65422.949,5,1,1,0
6806,20350157,0,27.840,975.235,43.541,65422.949,6,1,1,0
6807,20353147,0,27.825,975.212,43.521,65523.418,7,1,1,0
6808,20356137,0,27.820,975.226,43.532,65222.930,8,1,1,0
6809,20359127,0,27.799,975.207,43.536,65322.785,9,1,1,0
6810,20362117,0,27.799,975.223,43.560,65826.688,0,1,1,0
6811,20365107,0,27.784,975.218,43.546,65222.930,1,1,1,0
6812,20368097,0,27.779,975.224,43.564,65372.828,2,1,1,0
6813,20371087,0,27.774,975.232,43.587,65523.418,3,1,1,0
6814,20374077,0,27.762,975.247,43.562,66081.570,4,1,1,0
6815,20377067,0,27.752,975.238,43.513,65523.418,5,1,1,0
6816,20380057,0,27.744,975.210,43.577,65928.406,6,1,1,0
6817,20383047,0,27.737,975.228,43.565,65725.289,7,1,1,0
6818,20386037,0,27.727,975.227,43.575,65674.703,8,1,1,0
6819,20389027,0,27.719,975.241,43.598,65826.688,9,1,1,0
6820,20392017,0,27.711,975.237,43.585,66132.781,0,1,1,0
6821,20395007,0,27.699,975.232,43.632,65877.508,1,1,1,0
6822,20397997,0,27.689,975.231,43.643,65826.688,2,1,1,0
6823,20400987,0,27.671,975.232,43.635,66081.570,3,1,1,0
6824,20403977,0,27.674,975.246,43.647,65775.953,4,1,1,0
6825,20406967,0,27.664,975.244,43.652,65775.953,5,1,1,0
6826,20409957,0,27.656,975.245,43.651,65928.406,6,1,1,0
6827,20412947,0,27.644,975.237,43.649,65725.289,7,1,1,0
6828,20415937,0,27.633,975.233,43.654,65877.508,8,1,1,0
6829,20418927,0,27.623,975.216,43.701,65725.289,9,1,1,0
6830,20421917,0,27.613,975.231,43.705,66132.781,0,1,1,0
6831,20424907,0,27.608,975.218,43.717,66030.438,1,1,1,0
6832,20427897,0,27.601,975.205,43.764,65674.703,2,1,1,0
6833,20430887,0,27.591,975.221,43.763,66132.781,3,1,1,0
6834,20433877,0,27.583,975.227,43.798,66338.430,4,1,1,0
6835,20436867,0,27.576,975.247,43.809,66858.188,5,1,1,0
6836,20439857,0,27.571,975.237,43.850,66493.508,6,1,1,0
6837,20442847,0,27.571,975.235,43.856,66132.781,7,1,1,0
6838,20445837,0,27.563,975.231,43.891,66235.445,8,1,1,0
6839,20448827,0,27.551,975.229,43.901,66390.039,9,1,1,0
6840,20451817,0,27.553,975.239,43.920,65928.406,0,1,1,0
6841,20454807,0,27.548,975.214,43.925,66132.781,1,1,1,0
6842,20457797,0,27.540,975.235,43.936,66441.734,2,1,1,0
6843,20460787,0,27.533,975.219,43.929,66081.570,3,1,1,0
6844,20463777,0,27.530,975.213,43.941,65573.773,4,1,1,0
6845,20466767,0,27.518,975.208,43.957,66030.438,5,1,1,0
6846,20469757,0,27.518,975.221,43.951,66132.781,6,1,1,0
6847,20472747,0,27.515,975.231,43.951,66132.781,7,1,1,0
6848,20475737,0,27.513,975.220,43.987,66184.078,8,1,1,0
6849,20478727,0,27.500,975.211,43.955,66805.844,9,1,1,0
6850,20481717,0,27.490,975.222,43.978,66081.570,0,1,1,0
6851,20484707,0,27.490,975.217,43.990,65979.383,1,1,1,0
6852,20487697,0,27.488,975.228,43.972,66338.430,2,1,1,0
6853,20490687,0,27.475,975.229,43.970,65979.383,3,1,1,0
6854,20493677,0,27.483,975.234,43.941,66649.312,4,1,1,0
6855,20496667,0,27.470,975.212,43.964,66753.586,5,1,1,0
6856,20499657,0,27.470,975.226,43.994,66597.297,6,1,1,0
6857,20502647,0,27.468,975.217,43.999,66493.508,7,1,1,0
6858,20505637,0,27.463,975.229,43.987,66597.297,8,1,1,0
6859,20508627,0,27.463,975.219,44.011,66286.898,9,1,1,0
6860,20511617,0,27.455,975.241,44.028,65624.195,0,1,1,0
6861,20514607,0,27.440,975.221,44.032,65928.406,1,1,1,0
6862,20517597,0,27.445,975.244,44.051,66286.898,2,1,1,0
6863,20520587,0,27.432,975.225,44.073,66030.438,3,1,1,0
6864,20523577,0,27.427,975.236,44.043,66184.078,4,1,1,0
6865,20526567,0,27.415,975.230,44.065,65422.949,5,1,1,0
6866,20529557,0,27.417,975.223,44.077,66441.734,6,1,1,0
6867,20532547,0,27.407,975.240,44.112,65725.289,7,1,1,0
6868,20535537,0,27.400,975.232,44.135,67226.891,8,1,1,0
6869,20538527,0,27.397,975.246,44.165,66441.734,9,1,1,0
6870,20541517,0,27.390,975.237,44.194,66030.438,0,1,1,0
6871,20544507,0,27.390,975.251,44.242,66390.039,1,1,1,0
6872,20547497,0,27.387,975.265,44.290,66338.430,2,1,1,0
6873,20550487,0,27.382,975.252,44.301,66441.734,3,1,1,0
6874,20553477,0,27.380,975.247,44.349,66545.359,4,1,1,0
6875,20556467,0,27.372,975.259,44.366,66286.898,5,1,1,0
6876,20559457,0,27.377,975.277,44.396,66545.359,6,1,1,0
6877,20562447,0,27.365,975.231,44.401,66030.438,7,1,1,0
6878,20565437,0,27.357,975.227,44.442,66441.734,8,1,1,0
6879,20568427,0,27.354,975.232,44.478,65826.688,9,1,1,0
6880,20571417,0,27.344,975.226,44.447,65272.820,0,1,1,0
6881,20574407,0,27.344,975.228,44.453,66286.898,1,1,1,0
6882,20577397,0,27.339,975.247,44.458,65725.289,2,1,1,0
6883,20580387,0,27.337,975.224,44.464,66030.438,3,1,1,0
6884,20583377,0,27.337,975.256,44.470,66701.406,4,1,1,0
6885,20586367,0,27.327,975.246,44.474,66649.312,5,1,1,0
6886,20589357,0,27.329,975.248,44.481,67015.703,6,1,1,0
6887,20592347,0,27.324,975.252,44.474,66286.898,7,1,1,0
6888,20595337,0,27.319,975.242,44.468,66286.898,8,1,1,0
6889,20598327,0,27.307,975.249,44.490,66649.312,9,1,1,0
6890,20601317,0,27.307,975.263,44.472,66545.359,0,1,1,0
6891,20604307,0,27.302,975.241,44.465,66493.508,1,1,1,0
6892,20607297,0,27.299,975.230,44.465,67015.703,2,1,1,0
6893,20610287,0,27.302,975.252,44.453,66597.297,3,1,1,0
6894,20613277,0,27.297,975.259,44.465,66753.586,4,1,1,0
6895,20616267,0,27.289,975.222,44.440,66597.297,5,1,1,0
6896,20619257,0,27.287,975.254,44.410,65928.406,6,1,1,0
6897,20622247,0,27.279,975.239,44.391,66701.406,7,1,1,0
6898,20625237,0,27.277,975.253,44.360,67121.133,8,1,1,0
6899,20628227,0,27.269,975.235,44.384,65826.688,9,1,1,0
6900,20631217,0,27.269,975.246,44.384,65826.688,0,1,1,0
6901,20634207,0,27.256,975.238,44.328,66184.078,1,1,1,0
6902,20637197,0,27.261,975.252,44.317,66184.078,2,1,1,0
6903,20640187,0,27.254,975.255,44.310,67015.703,3,1,1,0
6904,20643177,0,27.241,975.233,44.332,65979.383,4,1,1,0
6905,20646167,0,27.254,975.280,44.334,66753.586,5,1,1,0
6906,20649157,0,27.239,975.256,44.338,66338.430,6,1,1,0
6907,20652147,0,27.231,975.256,44.373,66132.781,7,1,1,0
6908,20655137,0,27.229,975.268,44.367,66649.312,8,1,1,0
6909,20658127,0,27.226,975.251,44.378,67068.375,9,1,1,0
6910,20661117,0,27.214,975.260,44.407,66963.117,0,1,1,0
6911,20664107,0,27.206,975.232,44.412,66235.445,1,1,1,0
6912,20667097,0,27.216,975.269,44.425,65979.383,2,1,1,0
6913,20670087,0,27.201,975.271,44.459,66858.188,3,1,1,0
6914,20673077,0,27.194,975.267,44.459,66910.609,4,1,1,0
6915,20676067,0,27.186,975.258,44.488,65826.688,5,1,1,0
6916,20679057,0,27.191,975.274,44.488,66963.117,6,1,1,0
6917,20682047,0,27.181,975.273,44.505,66132.781,7,1,1,0
6918,20685037,0,27.178,975.271,44.505,67173.969,8,1,1,0
6919,20688027,0,27.171,975.244,44.486,65979.383,9,1,1,0
6920,20691017,0,27.171,975.233,44.516,66963.117,0,1,1,0
6921,20694007,0,27.156,975.227,44.478,65826.688,1,1,1,0
6922,20696997,0,27.153,975.232,44.514,66701.406,2,1,1,0
6923,20699987,0,27.161,975.258,44.551,66030.438,3,1,1,0
6924,20702977,0,27.146,975.230,44.537,66493.508,4,1,1,0
6925,20705967,0,27.146,975.249,44.573,65775.953,5,1,1,0
6926,20708957,0,27.136,975.247,44.578,66338.430,6,1,1,0
6927,20711947,0,27.138,975.279,44.584,66441.734,7,1,1,0
6928,20714937,0,27.138,975.252,44.584,66545.359,8,1,1,0
6929,20717927,0,27.131,975.264,44.607,66963.117,9,1,1,0
6930,20720917,0,27.126,975.248,44.631,66338.430,0,1,1,0
6931,20723907,0,27.116,975.243,44.629,65826.688,1,1,1,0
6932,20726897,0,27.106,975.239,44.652,65826.688,2,1,1,0
6933,20729887,0,27.111,975.259,44.659,66235.445,3,1,1,0
6934,20732877,0,27.108,975.245,44.677,65877.508,4,1,1,0
6935,20735867,0,27.096,975.244,44.669,66545.359,5,1,1,0
6936,20738857,0,27.096,975.249,44.675,66235.445,6,1,1,0
6937,20741847,0,27.085,975.239,44.674,66963.117,7,1,1,0
6938,20744837,0,27.088,975.240,44.674,67068.375,8,1,1,0
6939,20747827,0,27.088,975.263,44.692,66286.898,9,1,1,0
6940,20750817,0,27.078,975.250,44.679,66805.844,0,1,1,0
6941,20753807,0,27.078,975.258,44.703,65877.508,1,1,1,0
6942,20756797,0,27.068,975.249,44.696,66753.586,2,1,1,0
6943,20759787,0,27.065,975.267,44.726,66805.844,3,1,1,0
6944,20762777,0,27.065,975.252,44.720,66493.508,4,1,1,0
6945,20765767,0,27.053,975.253,44.718,65877.508,5,1,1,0
6946,20768757,0,27.050,975.249,44.730,66030.438,6,1,1,0
6947,20771747,0,27.050,975.246,44.748,65877.508,7,1,1,0
6948,20774737,0,27.043,975.231,44.783,66753.586,8,1,1,0
6949,20777727,0,27.043,975.250,44.807,66132.781,9,1,1,0
6950,20780717,0,27.038,975.243,44.849,66132.781,0,1,1,0
6951,20783707,0,27.038,975.255,44.843,66132.781,1,1,1,0
6952,20786697,0,27.028,975.249,44.865,66649.312,2,1,1,0
6953,20789687,0,27.028,975.237,44.853,66545.359,3,1,1,0
6954,20792677,0,27.025,975.228,44.865,66338.430,4,1,1,0
6955,20795667,0,27.028,975.251,44.853,66649.312,5,1,1,0
6956,20798657,0,27.028,975.240,44.871,66338.430,6,1,1,0
6957,20801647,0,27.018,975.233,44.864,66030.438,7,1,1,0
6958,20804637,0,27.018,975.222,44.894,66030.438,8,1,1,0
6959,20807627,0,27.018,975.234,44.894,66030.438,9,1,1,0
6960,20810617,0,27.020,975.229,44.895,66858.188,0,1,1,0
6961,20813607,0,27.013,975.237,44.906,66963.117,1,1,1,0
6962,20816597,0,27.013,975.225,44.930,66081.570,2,1,1,0
6963,20819587,0,27.013,975.225,44.918,66441.734,3,1,1,0
6964,20822577,0,27.010,975.243,44.911,66441.734,4,1,1,0
6965,20825567,0,27.010,975.252,44.929,66441.734,5,1,1,0
6966,20828557,0,27.005,975.224,44.929,66030.438,6,1,1,0
6967,20831547,0,27.010,975.237,44.954,66441.734,7,1,1,0
6968,20834537,0,27.010,975.241,44.990,66597.297,8,1,1,0
6969,20837527,0,27.010,975.241,45.038,66910.609,9,1,1,0
6970,20840517,0,27.000,975.231,45.049,66235.445,0,1,1,0
6971,20843507,0,27.003,975.222,45.079,65877.508,1,1,1,0
6972,20846497,0,27.010,975.239,45.098,66649.312,2,1,1,0
6973,20849487,0,27.005,975.217,45.134,66338.430,3,1,1,0
6974,20852477,0,27.010,975.228,45.146,66235.445,4,1,1,0
6975,20855467,0,27.013,975.232,45.189,66545.359,5,1,1,0
6976,20858457,0,27.015,975.236,45.177,66030.438,6,1,1,0
6977,20861447,0,27.010,975.227,45.188,66338.430,7,1,1,0
6978,20864437,0,27.025,975.251,45.184,66132.781,8,1,1,0
6979,20867427,0,27.025,975.253,45.172,66081.570,9,1,1,0
6980,20870417,0,27.020,975.224,45.165,67439.406,0,1,1,0
6981,20873407,0,27.030,975.228,45.131,67332.984,1,1,1,0
6982,20876397,0,27.023,975.213,45.118,66235.445,2,1,1,0
6983,20879387,0,27.023,975.227,45.112,66597.297,3,1,1,0
6984,20882377,0,27.025,975.199,45.112,66597.297,4,1,1,0
6985,20885367,0,27.033,975.228,45.089,66132.781,5,1,1,0
6986,20888357,0,27.035,975.248,45.095,65928.406,6,1,1,0
6987,20891347,0,27.038,975.237,45.053,66649.312,7,1,1,0
6988,20894337,0,27.035,975.225,45.023,66235.445,8,1,1,0
6989,20897327,0,27.040,975.220,45.005,65877.508,9,1,1,0
6990,20900317,0,27.040,975.238,44.999,67760.719,0,1,1,0
6991,20903307,0,27.040,975.241,44.993,65928.406,1,1,1,0
6992,20906297,0,27.045,975.244,44.964,66545.359,2,1,1,0
6993,20909287,0,27.045,975.227,44.958,67068.375,3,1,1,0
6994,20912277,0,27.048,975.242,44.946,65928.406,4,1,1,0
6995,20915267,0,27.045,975.219,44.934,66390.039,5,1,1,0
6996,20918257,0,27.043,975.206,44.951,65877.508,6,1,1,0
6997,20921247,0,27.048,975.217,44.952,65979.383,7,1,1,0
6998,20924237,0,27.050,975.242,44.958,66184.078,8,1,1,0
6999,20927227,0,27.045,975.208,44.994,65877.508,9,1,1,0
7000,20930217,0,27.055,975.219,44.995,65979.383,0,1,1,0
7001,20933207,0,27.060,975.216,44.990,66081.570,1,1,1,0
7002,20936197,0,27.060,975.222,44.948,67068.375,2,1,1,0
7003,20939187,0,27.068,975.213,44.948,67226.891,3,1,1,0
7004,20942177,0,27.065,975.206,44.930,66030.438,4,1,1,0
7005,20945167,0,27.073,975.228,44.925,66132.781,5,1,1,0
7006,20948157,0,27.078,975.225,44.883,66753.586,6,1,1,0
7007,20951147,0,27.080,975.234,44.878,66493.508,7,1,1,0
7008,20954137,0,27.085,975.234,44.878,66390.039,8,1,1,0
7009,20957127,0,27.085,975.230,44.878,66030.438,9,1,1,0
7010,20960117,0,27.085,975.227,44.908,66235.445,0,1,1,0
7011,20963107,0,27.096,975.238,44.904,66081.570,1,1,1,0
7012,20966097,0,27.090,975.225,44.879,66235.445,2,1,1,0
7013,20969087,0,27.096,975.222,44.861,66030.438,3,1,1,0
7014,20972077,0,27.093,975.210,44.813,67121.133,4,1,1,0
7015,20975067,0,27.096,975.213,44.807,65928.406,5,1,1,0
7016,20978057,0,27.101,975.231,44.790,67015.703,6,1,1,0
7017,20981047,0,27.103,975.209,44.772,66235.445,7,1,1,0
7018,20984037,0,27.106,975.203,44.778,66030.438,8,1,1,0
7019,20987027,0,27.121,975.235,44.792,66597.297,9,1,1,0
7020,20990017,0,27.126,975.219,44.793,66858.188,0,1,1,0
7021,20993007,0,27.126,975.221,44.805,66030.438,1,1,1,0
7022,20995997,0,27.128,975.198,44.835,66805.844,2,1,1,0
7023,20998987,0,27.136,975.195,44.866,65826.688,3,1,1,0
7024,21001977,0,27.136,975.195,44.866,65725.289,4,1,1,0
7025,21004967,0,27.141,975.193,44.879,66910.609,5,1,1,0
7026,21007957,0,27.153,975.193,44.856,67015.703,6,1,1,0
7027,21010947,0,27.156,975.209,44.857,66805.844,7,1,1,0
7028,21013937,0,27.161,975.197,44.839,65928.406,8,1,1,0
7029,21016927,0,27.166,975.195,44.834,66132.781,9,1,1,0
7030,21019917,0,27.178,975.225,44.805,66753.586,0,1,1,0
7031,21022907,0,27.176,975.237,44.787,66184.078,1,1,1,0
7032,21025897,0,27.186,975.236,44.758,66030.438,2,1,1,0
7033,21028887,0,27.181,975.220,44.757,65928.406,3,1,1,0
7034,21031877,0,27.186,975.193,44.740,66910.609,4,1,1,0
7035,21034867,0,27.194,975.228,44.711,65422.949,5,1,1,0
7036,21037857,0,27.199,975.217,44.699,66338.430,6,1,1,0
7037,21040847,0,27.196,975.215,44.681,66132.781,7,1,1,0
7038,21043837,0,27.199,975.207,44.675,65877.508,8,1,1,0
7039,21046827,0,27.201,975.203,44.670,65877.508,9,1,1,0
7040,21049817,0,27.199,975.212,44.651,65422.949,0,1,1,0
7041,21052807,0,27.204,975.207,44.658,67439.406,1,1,1,0
7042,21055797,0,27.204,975.205,44.610,66858.188,2,1,1,0
7043,21058787,0,27.201,975.191,44.646,65877.508,3,1,1,0
7044,21061777,0,27.209,975.214,44.653,66649.312,4,1,1,0
7045,21064767,0,27.204,975.189,44.682,66597.297,5,1,1,0
7046,21067757,0,27.206,975.189,44.700,65372.828,6,1,1,0
7047,21070747,0,27.204,975.205,44.700,65775.953,7,1,1,0
7048,21073737,0,27.206,975.200,44.694,65826.688,8,1,1,0
7049,21076727,0,27.206,975.213,44.730,65877.508,9,1,1,0
7050,21079717,0,27.211,975.209,44.749,65979.383,0,1,1,0
7051,21082707,0,27.209,975.206,44.827,66545.359,1,1,1,0
7052,21085697,0,27.211,975.186,44.887,66235.445,2,1,1,0
7053,21088687,0,27.209,975.182,44.905,65725.289,3,1,1,0
7054,21091677,0,27.214,975.201,44.930,66649.312,4,1,1,0
7055,21094667,0,27.221,975.199,44.937,65725.289,5,1,1,0
7056,21097657,0,27.214,975.199,44.942,65322.785,6,1,1,0
7057,21100647,0,27.219,975.183,44.936,66030.438,7,1,1,0
7058,21103637,0,27.224,975.205,44.919,65173.117,8,1,1,0
7059,21106627,0,27.221,975.205,44.913,65674.703,9,1,1,0
7060,21109617,0,27.229,975.234,44.908,65473.145,0,1,1,0
7061,21112607,0,27.221,975.212,44.913,65322.785,1,1,1,0
7062,21115597,0,27.226,975.217,44.889,65775.953,2,1,1,0
7063,21118587,0,27.236,975.236,44.890,65523.418,3,1,1,0
7064,21121577,0,27.226,975.200,44.883,65473.145,4,1,1,0
7065,21124567,0,27.231,975.207,44.884,66441.734,5,1,1,0
7066,21127557,0,27.234,975.224,44.860,65979.383,6,1,1,0
7067,21130547,0,27.234,975.207,44.848,66441.734,7,1,1,0
7068,21133537,0,27.236,975.227,44.824,66493.508,8,1,1,0
7069,21136527,0,27.236,975.225,44.806,65775.953,9,1,1,0
7070,21139517,0,27.236,975.222,44.764,65573.773,0,1,1,0
7071,21142507,0,27.236,975.207,44.740,65372.828,1,1,1,0
7072,21145497,0,27.249,975.232,44.717,66286.898,2,1,1,0
7073,21148487,0,27.244,975.221,44.693,66805.844,3,1,1,0
7074,21151477,0,27.244,975.226,44.603,66753.586,4,1,1,0
7075,21154467,0,27.244,975.222,44.537,65826.688,5,1,1,0
7076,21157457,0,27.244,975.212,44.477,66390.039,6,1,1,0
7077,21160447,0,27.246,975.217,44.453,66805.844,7,1,1,0
7078,21163437,0,27.244,975.217,44.465,66030.438,8,1,1,0
7079,21166427,0,27.249,975.223,44.471,65725.289,9,1,1,0
7080,21169417,0,27.246,975.199,44.489,66805.844,0,1,1,0
7081,21172407,0,27.246,975.223,44.507,65928.406,1,1,1,0
7082,21175397,0,27.256,975.227,44.520,66441.734,2,1,1,0
7083,21178387,0,27.244,975.235,44.525,65877.508,3,1,1,0
7084,21181377,0,27.241,975.224,44.506,65928.406,4,1,1,0
7085,21184367,0,27.236,975.199,44.530,66441.734,5,1,1,0
7086,21187357,0,27.241,975.203,44.518,65725.289,6,1,1,0
7087,21190347,0,27.244,975.246,44.513,66649.312,7,1,1,0
7088,21193337,0,27.239,975.204,44.524,66963.117,8,1,1,0
7089,21196327,0,27.236,975.222,44.524,65674.703,9,1,1,0
7090,21199317,0,27.236,975.231,44.494,66030.438,0,1,1,0
7091,21202307,0,27.234,975.209,44.481,65826.688,1,1,1,0
7092,21205297,0,27.229,975.218,44.403,66493.508,2,1,1,0
7093,21208287,0,27.246,975.205,44.363,67068.375,3,1,1,0
7094,21211277,0,27.282,975.227,44.337,66963.117,4,1,1,0
7095,21214267,0,27.334,975.211,44.295,67173.969,5,1,1,0
7096,21217257,0,27.402,975.229,44.267,66235.445,6,1,1,0
7097,21220247,0,27.447,975.218,44.243,66235.445,7,1,1,0
7098,21223237,0,27.475,975.200,44.126,67814.570,8,1,1,0
7099,21226227,0,27.488,975.210,44.032,67068.375,9,1,1,0
7100,21229217,0,27.483,975.211,43.983,66753.586,0,1,1,0
7101,21232207,0,27.475,975.212,43.928,66963.117,1,1,1,0
7102,21235197,0,27.460,975.229,43.903,66493.508,2,1,1,0
7103,21238187,0,27.437,975.228,43.780,65725.289,3,1,1,0
7104,21241177,0,27.410,975.213,43.634,67173.969,4,1,1,0
7105,21244167,0,27.410,975.245,43.574,66597.297,5,1,1,0
7106,21247157,0,27.397,975.237,43.555,67279.898,6,1,1,0
7107,21250147,0,27.395,975.250,43.596,66963.117,7,1,1,0
7108,21253137,0,27.415,975.264,43.688,68085.109,8,1,1,0
7109,21256127,0,27.450,975.255,43.752,66649.312,9,1,1,0
7110,21259117,0,27.470,975.253,43.689,66649.312,0,1,1,0
7111,21262107,0,27.480,975.224,43.534,67599.680,1,1,1,0
7112,21265097,0,27.473,975.218,43.420,67492.750,2,1,1,0
7113,21268087,0,27.465,975.219,43.407,67332.984,3,1,1,0
7114,21271077,0,27.442,975.239,43.429,67492.750,4,1,1,0
7115,21274067,0,27.405,975.231,43.263,68030.828,5,1,1,0
7116,21277057,0,27.362,975.236,43.109,68303.094,6,1,1,0
7117,21280047,0,27.322,975.232,43.003,67599.680,7,1,1,0
7118,21283037,0,27.274,975.225,42.902,67653.273,8,1,1,0
7119,21286027,0,27.231,975.232,42.850,68139.477,9,1,1,0
7120,21289017,0,27.191,975.229,42.821,68357.812,0,1,1,0
7121,21292007,0,27.153,975.216,42.888,68193.930,1,1,1,0
7122,21294997,0,27.116,975.229,42.961,67653.273,2,1,1,0
7123,21297987,0,27.083,975.216,43.041,67868.508,3,1,1,0
7124,21300977,0,27.045,975.208,43.179,67976.633,4,1,1,0
7125,21303967,0,27.023,975.217,43.296,67279.898,5,1,1,0
7126,21306957,0,26.987,975.216,43.417,67814.570,6,1,1,0
7127,21309947,0,26.965,975.236,43.534,68303.094,7,1,1,0
7128,21312937,0,26.942,975.222,43.645,67814.570,8,1,1,0
7129,21315927,0,26.920,975.236,43.726,68030.828,9,1,1,0
7130,21318917,0,26.904,975.208,43.861,67976.633,0,1,1,0
7131,21321907,0,26.892,975.248,43.944,67546.172,1,1,1,0
7132,21324897,0,26.877,975.220,44.002,67976.633,2,1,1,0
7133,21327887,0,26.882,975.240,43.990,67492.750,3,1,1,0
7134,21330877,0,26.897,975.231,44.028,67868.508,4,1,1,0
7135,21333867,0,26.952,975.238,44.094,67599.680,5,1,1,0
7136,21336857,0,27.005,975.235,44.172,68139.477,6,1,1,0
7137,21339847,0,27.053,975.233,44.028,68030.828,7,1,1,0
7138,21342837,0,27.103,975.243,43.992,68085.109,8,1,1,0
7139,21345827,0,27.166,975.270,44.054,67386.156,9,1,1,0
7140,21348817,0,27.234,975.247,44.145,68303.094,0,1,1,0
7141,21351807,0,27.309,975.259,44.238,68193.930,1,1,1,0
7142,21354797,0,27.385,975.240,44.307,67439.406,2,1,1,0
7143,21357787,0,27.435,975.247,44.115,67599.680,3,1,1,0
7144,21360777,0,27.470,975.228,43.880,67706.953,4,1,1,0
7145,21363767,0,27.515,975.244,43.682,68357.812,5,1,1,0
7146,21366757,0,27.553,975.232,43.543,67599.680,6,1,1,0
7147,21369747,0,27.583,975.245,43.427,67439.406,7,1,1,0
7148,21372737,0,27.603,975.254,43.400,67173.969,8,1,1,0
7149,21375727,0,27.616,975.251,43.323,67599.680,9,1,1,0
7150,21378717,0,27.623,975.271,43.283,67492.750,0,1,1,0
7151,21381707,0,27.656,975.276,43.263,67332.984,1,1,1,0
7152,21384697,0,27.674,975.273,43.092,67386.156,2,1,1,0
7153,21387687,0,27.689,975.249,43.040,67599.680,3,1,1,0
7154,21390677,0,27.706,975.251,43.000,67599.680,4,1,1,0
7155,21393667,0,27.729,975.270,43.045,67173.969,5,1,1,0
7156,21396657,0,27.754,975.231,43.113,67068.375,6,1,1,0
7157,21399647,0,27.804,975.256,43.190,66858.188,7,1,1,0
7158,21402637,0,27.872,975.264,43.252,67332.984,8,1,1,0
7159,21405627,0,27.935,975.231,43.271,66493.508,9,1,1,0
7160,21408617,0,27.993,975.244,43.224,66545.359,0,1,1,0
7161,21411607,0,28.023,975.246,43.037,66649.312,1,1,1,0
7162,21414597,0,28.028,975.273,42.811,66805.844,2,1,1,0
7163,21417587,0,28.011,975.249,42.548,66805.844,3,1,1,0
7164,21420577,0,27.998,975.266,42.338,66963.117,4,1,1,0
7165,21423567,0,27.968,975.248,42.204,66805.844,5,1,1,0
7166,21426557,0,27.920,975.241,42.063,68139.477,6,1,1,0
7167,21429547,0,27.880,975.247,41.963,67492.750,7,1,1,0
7168,21432537,0,27.840,975.240,41.929,67706.953,8,1,1,0
7169,21435527,0,27.794,975.237,41.877,68030.828,9,1,1,0
7170,21438517,0,27.749,975.252,41.806,67868.508,0,1,1,0
7171,21441507,0,27.709,975.238,41.796,67706.953,1,1,1,0
7172,21444497,0,27.691,975.244,41.918,68085.109,2,1,1,0
7173,21447487,0,27.656,975.225,42.021,67814.570,3,1,1,0
7174,21450477,0,27.631,975.245,42.071,67814.570,4,1,1,0
7175,21453467,0,27.631,975.241,42.184,67868.508,5,1,1,0
7176,21456457,0,27.626,975.250,42.254,67922.523,6,1,1,0
7177,21459447,0,27.626,975.245,42.242,68248.469,7,1,1,0
7178,21462437,0,27.631,975.252,42.284,68248.469,8,1,1,0
7179,21465427,0,27.633,975.245,42.308,68248.469,9,1,1,0
7180,21468417,0,27.628,975.236,42.290,68357.812,0,1,1,0
7181,21471407,0,27.608,975.233,42.217,68357.812,1,1,1,0
7182,21474397,0,27.586,975.238,42.155,68412.617,2,1,1,0
7183,21477387,0,27.556,975.247,42.098,68632.711,3,1,1,0
7184,21480377,0,27.505,975.245,42.039,68743.289,4,1,1,0
7185,21483367,0,27.473,975.246,42.017,68798.711,5,1,1,0
7186,21486357,0,27.437,975.251,41.913,69189.188,6,1,1,0
7187,21489347,0,27.395,975.239,41.979,67922.523,7,1,1,0
7188,21492337,0,27.352,975.237,42.075,68909.828,8,1,1,0
7189,21495327,0,27.309,975.247,42.153,68085.109,9,1,1,0
7190,21498317,0,27.266,975.231,42.225,68909.828,0,1,1,0
7191,21501307,0,27.219,975.237,42.249,68909.828,1,1,1,0
7192,21504297,0,27.184,975.241,42.310,68467.508,2,1,1,0
7193,21507287,0,27.153,975.246,42.437,67814.570,3,1,1,0
7194,21510277,0,27.113,975.241,42.498,68303.094,4,1,1,0
7195,21513267,0,27.090,975.234,42.501,69189.188,5,1,1,0
7196,21516257,0,27.055,975.241,42.515,68798.711,6,1,1,0
7197,21519247,0,27.018,975.231,42.552,68798.711,7,1,1,0
7198,21522237,0,26.992,975.231,42.603,68357.812,8,1,1,0
7199,21525227,0,26.967,975.229,42.713,68357.812,9,1,1,0
7200,21528217,0,26.952,975.224,42.841,68577.555,0,1,1,0
7201,21531207,0,26.947,975.235,43.013,68248.469,1,1,1,0
7202,21534197,0,26.942,975.234,43.096,68357.812,2,1,1,0
7203,21537187,0,26.957,975.223,43.175,68357.812,3,1,1,0
7204,21540177,0,26.952,975.215,43.210,68193.930,4,1,1,0
7205,21543167,0,26.962,975.209,43.212,68522.484,5,1,1,0
7206,21546157,0,26.965,975.213,43.188,69357.898,6,1,1,0
7207,21549147,0,26.960,975.216,43.205,68743.289,7,1,1,0
7208,21552137,0,26.950,975.213,43.228,68467.508,8,1,1,0
7209,21555127,0,26.940,975.232,43.233,68357.812,9,1,1,0
7210,21558117,0,26.925,975.226,43.267,68687.953,0,1,1,0
7211,21561107,0,26.904,975.230,43.211,68632.711,1,1,1,0
7212,21564097,0,26.882,975.235,43.149,68743.289,2,1,1,0
7213,21567087,0,26.864,975.237,43.141,69021.297,3,1,1,0
7214,21570077,0,26.849,975.233,43.127,68687.953,4,1,1,0
7215,21573067,0,26.819,975.234,43.135,70387.680,5,1,1,0
7216,21576057,0,26.809,975.231,43.158,68965.516,6,1,1,0
7217,21579047,0,26.791,975.219,43.239,69189.188,7,1,1,0
7218,21582037,0,26.771,975.223,43.344,68632.711,8,1,1,0
7219,21585027,0,26.764,975.230,43.445,68798.711,9,1,1,0
7220,21588017,0,26.751,975.231,43.533,69021.297,0,1,1,0
7221,21591007,0,26.734,975.210,43.614,68632.711,1,1,1,0
7222,21593997,0,26.706,975.188,43.593,68798.711,2,1,1,0
7223,21596987,0,26.688,975.229,43.603,69357.898,3,1,1,0
7224,21599977,0,26.683,975.216,43.632,68743.289,4,1,1,0
7225,21602967,0,26.681,975.220,43.739,69189.188,5,1,1,0
7226,21605957,0,26.681,975.216,43.805,68743.289,6,1,1,0
7227,21608947,0,26.676,975.207,43.834,68467.508,7,1,1,0
7228,21611937,0,26.668,975.201,43.845,68909.828,8,1,1,0
7229,21614927,0,26.658,975.207,43.940,68743.289,9,1,1,0
7230,21617917,0,26.651,975.191,44.089,68909.828,0,1,1,0
7231,21620907,0,26.658,975.211,44.227,68632.711,1,1,1,0
7232,21623897,0,26.696,975.210,44.376,68412.617,2,1,1,0
7233,21626887,0,26.774,975.214,44.475,68467.508,3,1,1,0
7234,21629877,0,26.827,975.218,44.427,68139.477,4,1,1,0
7235,21632867,0,26.899,975.222,44.298,68139.477,5,1,1,0
7236,21635857,0,26.967,975.224,44.222,68193.930,6,1,1,0
7237,21638847,0,27.050,975.215,44.124,68965.516,7,1,1,0
7238,21641837,0,27.138,975.213,44.044,68577.555,8,1,1,0
7239,21644827,0,27.219,975.213,43.910,69133.133,9,1,1,0
7240,21647817,0,27.292,975.217,43.787,69584.125,0,1,1,0
7241,21650807,0,27.324,975.227,43.636,68909.828,1,1,1,0
7242,21653797,0,27.344,975.223,43.524,68357.812,2,1,1,0
7243,21656787,0,27.337,975.224,43.410,68467.508,3,1,1,0
7244,21659777,0,27.332,975.214,43.398,68467.508,4,1,1,0
7245,21662767,0,27.319,975.237,43.426,67599.680,5,1,1,0
7246,21665757,0,27.319,975.228,43.438,68467.508,6,1,1,0
7247,21668747,0,27.332,975.218,43.505,68139.477,7,1,1,0
7248,21671737,0,27.370,975.244,43.438,68412.617,8,1,1,0
7249,21674727,0,27.380,975.230,43.361,68522.484,9,1,1,0
7250,21677717,0,27.377,975.205,43.212,67599.680,0,1,1,0
7251,21680707,0,27.380,975.238,43.099,67976.633,1,1,1,0
7252,21683697,0,27.387,975.229,43.041,68687.953,2,1,1,0
7253,21686687,0,27.405,975.216,42.971,68965.516,3,1,1,0
7254,21689677,0,27.405,975.200,42.906,68303.094,4,1,1,0
7255,21692667,0,27.407,975.224,42.870,68248.469,5,1,1,0
7256,21695657,0,27.395,975.212,42.797,68743.289,6,1,1,0
7257,21698647,0,27.385,975.224,42.767,68139.477,7,1,1,0
7258,21701637,0,27.359,975.206,42.764,68909.828,8,1,1,0
7259,21704627,0,27.339,975.235,42.749,68412.617,9,1,1,0
7260,21707617,0,27.314,975.228,42.758,68687.953,0,1,1,0
7261,21710607,0,27.287,975.217,42.797,68577.555,1,1,1,0
7262,21713597,0,27.261,975.231,42.818,68085.109,2,1,1,0
7263,21716587,0,27.236,975.227,42.868,68522.484,3,1,1,0
7264,21719577,0,27.226,975.223,42.897,68577.555,4,1,1,0
7265,21722567,0,27.201,975.214,42.864,68909.828,5,1,1,0
7266,21725557,0,27.186,975.213,42.857,68303.094,6,1,1,0
7267,21728547,0,27.166,975.211,42.860,68467.508,7,1,1,0
7268,21731537,0,27.136,975.225,42.898,69133.133,8,1,1,0
7269,21734527,0,27.116,975.220,42.967,68577.555,9,1,1,0
7270,21737517,0,27.093,975.204,42.977,68357.812,0,1,1,0
7271,21740507,0,27.068,975.201,42.950,68522.484,1,1,1,0
7272,21743497,0,27.035,975.205,42.928,67922.523,2,1,1,0
7273,21746487,0,27.003,975.196,42.948,68909.828,3,1,1,0
7274,21749477,0,26.967,975.195,42.950,68687.953,4,1,1,0
7275,21752467,0,26.940,975.198,43.018,68743.289,5,1,1,0
7276,21755457,0,26.950,975.231,43.061,68798.711,6,1,1,0
7277,21758447,0,26.957,975.214,43.086,69584.125,7,1,1,0
7278,21761437,0,26.970,975.200,43.081,68467.508,8,1,1,0
7279,21764427,0,26.972,975.211,43.147,69584.125,9,1,1,0
7280,21767417,0,26.967,975.190,43.242,68577.555,0,1,1,0
7281,21770407,0,26.955,975.187,43.354,68357.812,1,1,1,0
7282,21773397,0,26.952,975.210,43.318,68798.711,2,1,1,0
7283,21776387,0,26.930,975.203,43.238,69357.898,3,1,1,0
7284,21779377,0,26.907,975.208,43.187,68687.953,4,1,1,0
7285,21782367,0,26.874,975.213,43.178,69245.336,5,1,1,0
7286,21785357,0,26.862,975.212,43.206,69245.336,6,1,1,0
7287,21788347,0,26.844,975.213,43.222,69021.297,7,1,1,0
7288,21791337,0,26.824,975.216,43.249,69189.188,8,1,1,0
7289,21794327,0,26.809,975.208,43.295,68854.227,9,1,1,0
7290,21797317,0,26.804,975.208,43.372,68854.227,0,1,1,0
7291,21800307,0,26.822,975.221,43.487,69077.172,1,1,1,0
7292,21803297,0,26.852,975.215,43.550,68798.711,2,1,1,0
7293,21806287,0,26.879,975.213,43.595,68965.516,3,1,1,0
7294,21809277,0,26.912,975.217,43.647,68909.828,4,1,1,0
7295,21812267,0,26.940,975.238,43.603,68909.828,5,1,1,0
7296,21815257,0,26.955,975.203,43.557,68248.469,6,1,1,0
7297,21818247,0,26.955,975.201,43.503,68248.469,7,1,1,0
7298,21821237,0,26.952,975.222,43.401,68798.711,8,1,1,0
7299,21824227,0,26.950,975.203,43.395,68909.828,9,1,1,0
7300,21827217,0,26.952,975.215,43.413,68743.289,0,1,1,0
7301,21830207,0,26.942,975.211,43.477,69245.336,1,1,1,0
7302,21833197,0,26.935,975.217,43.459,68303.094,2,1,1,0
7303,21836187,0,26.930,975.215,43.488,68467.508,3,1,1,0
7304,21839177,0,26.907,975.214,43.485,68357.812,4,1,1,0
7305,21842167,0,26.897,975.215,43.436,69527.430,5,1,1,0
7306,21845157,0,26.879,975.219,43.381,68357.812,6,1,1,0
7307,21848147,0,26.862,975.223,43.343,68522.484,7,1,1,0
7308,21851137,0,26.842,975.230,43.424,68909.828,8,1,1,0
7309,21854127,0,26.822,975.221,43.493,68798.711,9,1,1,0
7310,21857117,0,26.799,975.200,43.544,68412.617,0,1,1,0
7311,21860107,0,26.774,975.211,43.523,68798.711,1,1,1,0
7312,21863097,0,26.751,975.207,43.503,69414.320,2,1,1,0
7313,21866087,0,26.713,975.187,43.457,69021.297,3,1,1,0
7314,21869077,0,26.691,975.188,43.442,68909.828,4,1,1,0
7315,21872067,0,26.666,975.201,43.487,69470.828,5,1,1,0
7316,21875057,0,26.643,975.197,43.514,69133.133,6,1,1,0
7317,21878047,0,26.618,975.201,43.571,69470.828,7,1,1,0
7318,21881037,0,26.593,975.181,43.681,68965.516,8,1,1,0
7319,21884027,0,26.573,975.172,43.798,69077.172,9,1,1,0
7320,21887017,0,26.547,975.187,43.843,69584.125,0,1,1,0
7321,21890007,0,26.535,975.189,43.902,68965.516,1,1,1,0
7322,21892997,0,26.520,975.193,43.948,69527.430,2,1,1,0
7323,21895987,0,26.510,975.201,44.042,69021.297,3,1,1,0
7324,21898977,0,26.495,975.202,44.088,69021.297,4,1,1,0
7325,21901967,0,26.480,975.178,44.104,69414.320,5,1,1,0
7326,21904957,0,26.472,975.179,44.098,69189.188,6,1,1,0
7327,21907947,0,26.472,975.197,44.098,69640.914,7,1,1,0
7328,21910937,0,26.462,975.196,44.084,69754.766,8,1,1,0
7329,21913927,0,26.465,975.177,44.139,69640.914,9,1,1,0
7330,21916917,0,26.472,975.183,44.151,69640.914,0,1,1,0
7331,21919907,0,26.475,975.199,44.182,69357.898,1,1,1,0
7332,21922897,0,26.477,975.190,44.140,69584.125,2,1,1,0
7333,21925887,0,26.470,975.191,44.103,69811.836,3,1,1,0
7334,21928877,0,26.460,975.187,44.072,69754.766,4,1,1,0
7335,21931867,0,26.449,975.197,44.053,69301.570,5,1,1,0
7336,21934857,0,26.444,975.188,44.082,69021.297,6,1,1,0
7337,21937847,0,26.434,975.176,44.207,69414.320,7,1,1,0
7338,21940837,0,26.422,975.182,44.265,69470.828,8,1,1,0
7339,21943827,0,26.417,975.194,44.331,69527.430,9,1,1,0
7340,21946817,0,26.404,975.201,44.305,69584.125,0,1,1,0
7341,21949807,0,26.392,975.187,44.322,69584.125,1,1,1,0
7342,21952797,0,26.379,975.190,44.386,69470.828,2,1,1,0
7343,21955787,0,26.366,975.192,44.408,68743.289,3,1,1,0
7344,21958777,0,26.356,975.197,44.371,69697.797,4,1,1,0
7345,21961767,0,26.349,975.177,44.352,69133.133,5,1,1,0
7346,21964757,0,26.336,975.183,44.327,69811.836,6,1,1,0
7347,21967747,0,26.326,975.178,44.380,69926.250,7,1,1,0
7348,21970737,0,26.319,975.187,44.409,69811.836,8,1,1,0
7349,21973727,0,26.306,975.172,44.425,69357.898,9,1,1,0
7350,21976717,0,26.304,975.170,44.473,69640.914,0,1,1,0
7351,21979707,0,26.299,975.176,44.532,69640.914,1,1,1,0
7352,21982697,0,26.289,975.170,44.633,69021.297,2,1,1,0
7353,21985687,0,26.279,975.191,44.638,69245.336,3,1,1,0
7354,21988677,0,26.276,975.187,44.698,69584.125,4,1,1,0
7355,21991667,0,26.271,975.169,44.757,69584.125,5,1,1,0
7356,21994657,0,26.273,975.199,44.799,69189.188,6,1,1,0
7357,21997647,0,26.271,975.189,44.877,69470.828,7,1,1,0
7358,22000637,0,26.271,975.174,44.925,69357.898,8,1,1,0
7359,22003627,0,26.261,975.159,44.978,69133.133,9,1,1,0
7360,22006617,0,26.263,975.179,44.991,69021.297,0,1,1,0
7361,22009607,0,26.256,975.169,44.972,69245.336,1,1,1,0
7362,22012597,0,26.251,975.180,44.971,69133.133,2,1,1,0
7363,22015587,0,26.243,975.167,44.934,69245.336,3,1,1,0
7364,22018577,0,26.241,975.188,44.934,69470.828,4,1,1,0
7365,22021567,0,26.228,975.158,44.938,69021.297,5,1,1,0
7366,22024557,0,26.246,975.213,44.970,69527.430,6,1,1,0
7367,22027547,0,26.251,975.194,45.037,69527.430,7,1,1,0
7368,22030537,0,26.291,975.210,45.072,69811.836,8,1,1,0
7369,22033527,0,26.321,975.198,45.118,69301.570,9,1,1,0
7370,22036517,0,26.339,975.190,45.108,69301.570,0,1,1,0
7371,22039507,0,26.344,975.196,45.066,68854.227,1,1,1,0
7372,22042497,0,26.346,975.196,44.982,69245.336,2,1,1,0
7373,22045487,0,26.341,975.201,44.928,69077.172,3,1,1,0
7374,22048477,0,26.339,975.206,44.909,69414.320,4,1,1,0
7375,22051467,0,26.329,975.202,44.908,69021.297,5,1,1,0
7376,22054457,0,26.316,975.219,44.871,69414.320,6,1,1,0
7377,22057447,0,26.311,975.208,44.834,69470.828,7,1,1,0
7378,22060437,0,26.306,975.196,44.845,69640.914,8,1,1,0
7379,22063427,0,26.304,975.195,44.893,69245.336,9,1,1,0
7380,22066417,0,26.306,975.200,44.930,69133.133,0,1,1,0
7381,22069407,0,26.296,975.194,44.928,69357.898,1,1,1,0
7382,22072397,0,26.299,975.210,44.905,69414.320,2,1,1,0
7383,22075387,0,26.291,975.201,44.928,69245.336,3,1,1,0
7384,22078377,0,26.286,975.202,44.939,69414.320,4,1,1,0
7385,22081367,0,26.281,975.205,44.957,69470.828,5,1,1,0
7386,22084357,0,26.273,975.208,45.028,69021.297,6,1,1,0
7387,22087347,0,26.279,975.209,45.089,69357.898,7,1,1,0
7388,22090337,0,26.271,975.235,45.214,69357.898,8,1,1,0
7389,22093327,0,26.273,975.226,45.335,68687.953,9,1,1,0
7390,22096317,0,26.263,975.181,45.412,68357.812,0,1,1,0
7391,22099307,0,26.271,975.201,45.473,68632.711,1,1,1,0
7392,22102297,0,26.271,975.197,45.485,68854.227,2,1,1,0
7393,22105287,0,26.266,975.174,45.581,68357.812,3,1,1,0
7394,22108277,0,26.301,975.193,45.634,69245.336,4,1,1,0
7395,22111267,0,26.324,975.202,45.612,68522.484,5,1,1,0
7396,22114257,0,26.351,975.202,45.567,68577.555,6,1,1,0
7397,22117247,0,26.374,975.205,45.546,68412.617,7,1,1,0
7398,22120237,0,26.407,975.206,45.532,68412.617,8,1,1,0
7399,22123227,0,26.454,975.197,45.501,68743.289,9,1,1,0
7400,22126217,0,26.530,975.219,45.516,68467.508,0,1,1,0
7401,22129207,0,26.623,975.224,45.534,68743.289,1,1,1,0
7402,22132197,0,26.728,975.231,45.559,68248.469,2,1,1,0
7403,22135187,0,26.814,975.258,45.533,67814.570,3,1,1,0
7404,22138177,0,26.892,975.255,45.446,67922.523,4,1,1,0
7405,22141167,0,26.945,975.258,45.319,67439.406,5,1,1,0
7406,22144157,0,26.967,975.225,45.129,67546.172,6,1,1,0
7407,22147147,0,26.977,975.214,44.950,67706.953,7,1,1,0
7408,22150137,0,26.992,975.227,44.789,68248.469,8,1,1,0
7409,22153127,0,26.995,975.227,44.651,68030.828,9,1,1,0
7410,22156117,0,27.008,975.235,44.520,68248.469,0,1,1,0
7411,22159107,0,27.018,975.211,44.504,67599.680,1,1,1,0
7412,22162097,0,27.023,975.210,44.366,67868.508,2,1,1,0
7413,22165087,0,27.025,975.235,44.217,67976.633,3,1,1,0
7414,22168077,0,27.015,975.207,44.096,67706.953,4,1,1,0
7415,22171067,0,26.995,975.188,44.039,68248.469,5,1,1,0
7416,22174057,0,26.985,975.210,43.996,67922.523,6,1,1,0
7417,22177047,0,26.957,975.191,43.957,68030.828,7,1,1,0
7418,22180037,0,26.940,975.207,43.925,67760.719,8,1,1,0
7419,22183027,0,26.907,975.169,43.921,67706.953,9,1,1,0
7420,22186017,0,26.892,975.173,43.944,68357.812,0,1,1,0
7421,22189007,0,26.907,975.180,43.981,67706.953,1,1,1,0
7422,22191997,0,26.927,975.194,44.055,67976.633,2,1,1,0
7423,22194987,0,26.965,975.195,44.150,67653.273,3,1,1,0
7424,22197977,0,26.985,975.193,44.146,68030.828,4,1,1,0
7425,22200967,0,26.987,975.196,44.033,67706.953,5,1,1,0
7426,22203957,0,26.970,975.179,43.929,68139.477,6,1,1,0
7427,22206947,0,26.952,975.203,43.819,68798.711,7,1,1,0
7428,22209937,0,26.935,975.196,43.769,67814.570,8,1,1,0
7429,22212927,0,26.922,975.174,43.768,67922.523,9,1,1,0
7430,22215917,0,26.915,975.187,43.827,68085.109,0,1,1,0
7431,22218907,0,26.889,975.200,43.830,67868.508,1,1,1,0
7432,22221897,0,26.869,975.204,43.815,67976.633,2,1,1,0
7433,22224887,0,26.839,975.194,43.806,68193.930,3,1,1,0
7434,22227877,0,26.811,975.208,43.820,68357.812,4,1,1,0
7435,22230867,0,26.801,975.218,43.891,68085.109,5,1,1,0
7436,22233857,0,26.784,975.217,43.907,68357.812,6,1,1,0
7437,22236847,0,26.779,975.225,43.918,68467.508,7,1,1,0
7438,22239837,0,26.769,975.207,43.971,68687.953,8,1,1,0
7439,22242827,0,26.766,975.228,43.995,68632.711,9,1,1,0
7440,22245817,0,26.774,975.234,43.989,68303.094,0,1,1,0
7441,22248807,0,26.806,975.231,43.969,68357.812,1,1,1,0
7442,22251797,0,26.852,975.218,43.987,68085.109,2,1,1,0
7443,22254787,0,26.884,975.240,43.979,68248.469,3,1,1,0
7444,22257777,0,26.920,975.231,43.971,68798.711,4,1,1,0
7445,22260767,0,26.930,975.194,43.942,68357.812,5,1,1,0
7446,22263757,0,26.947,975.217,43.908,67868.508,6,1,1,0
7447,22266747,0,26.950,975.220,43.843,68522.484,7,1,1,0
7448,22269737,0,26.950,975.228,43.843,68357.812,8,1,1,0
7449,22272727,0,26.945,975.240,43.872,67922.523,9,1,1,0
7450,22275717,0,26.937,975.243,43.847,69077.172,0,1,1,0
7451,22278707,0,26.930,975.226,43.876,68467.508,1,1,1,0
7452,22281697,0,26.920,975.204,43.779,68085.109,2,1,1,0
7453,22284687,0,26.907,975.215,43.664,68357.812,3,1,1,0
7454,22287677,0,26.904,975.203,43.670,68193.930,4,1,1,0
7455,22290667,0,26.909,975.221,43.695,69133.133,5,1,1,0
7456,22293657,0,26.909,975.226,43.706,68798.711,6,1,1,0
7457,22296647,0,26.915,975.250,43.713,68412.617,7,1,1,0
7458,22299637,0,26.904,975.247,43.694,68854.227,8,1,1,0
7459,22302627,0,26.897,975.247,43.753,68357.812,9,1,1,0
7460,22305617,0,26.887,975.251,43.841,67814.570,0,1,1,0
7461,22308607,0,26.874,975.267,43.822,68357.812,1,1,1,0
7462,22311597,0,26.867,975.228,43.821,68193.930,2,1,1,0
7463,22314587,0,26.854,975.276,43.778,68577.555,3,1,1,0
7464,22317577,0,26.844,975.236,43.699,68248.469,4,1,1,0
7465,22320567,0,26.824,975.232,43.685,68303.094,5,1,1,0
7466,22323557,0,26.809,975.244,43.701,68854.227,6,1,1,0
7467,22326547,0,26.804,975.272,43.796,68193.930,7,1,1,0
7468,22329537,0,26.786,975.251,43.871,67922.523,8,1,1,0
7469,22332527,0,26.791,975.276,43.866,68303.094,9,1,1,0
7470,22335517,0,26.786,975.249,43.806,68577.555,0,1,1,0
7471,22338507,0,26.784,975.246,43.722,69133.133,1,1,1,0
7472,22341497,0,26.776,975.256,43.649,69527.430,2,1,1,0
7473,22344487,0,26.764,975.253,43.564,68798.711,3,1,1,0
7474,22347477,0,26.746,975.260,43.550,69414.320,4,1,1,0
7475,22350467,0,26.721,975.253,43.553,68522.484,5,1,1,0
7476,22353457,0,26.713,975.278,43.576,68798.711,6,1,1,0
7477,22356447,0,26.686,975.244,43.650,69133.133,7,1,1,0
7478,22359437,0,26.683,975.240,43.740,68743.289,8,1,1,0
7479,22362427,0,26.671,975.249,43.780,68965.516,9,1,1,0
7480,22365417,0,26.658,975.265,43.844,69357.898,0,1,1,0
7481,22368407,0,26.648,975.241,43.909,68854.227,1,1,1,0
7482,22371397,0,26.628,975.250,43.883,69245.336,2,1,1,0
7483,22374387,0,26.613,975.261,43.815,69245.336,3,1,1,0
7484,22377377,0,26.595,975.262,43.771,69470.828,4,1,1,0
7485,22380367,0,26.598,975.256,43.748,69301.570,5,1,1,0
7486,22383357,0,26.590,975.268,43.753,69811.836,6,1,1,0
7487,22386347,0,26.588,975.268,43.782,69021.297,7,1,1,0
7488,22389337,0,26.600,975.260,43.796,69133.133,8,1,1,0
7489,22392327,0,26.600,975.244,43.754,69470.828,9,1,1,0
7490,22395317,0,26.598,975.256,43.718,69021.297,0,1,1,0
7491,22398307,0,26.593,975.261,43.741,69245.336,1,1,1,0
7492,22401297,0,26.595,975.242,43.735,69754.766,2,1,1,0
7493,22404287,0,26.580,975.225,43.775,69414.320,3,1,1,0
7494,22407277,0,26.578,975.233,43.763,69697.797,4,1,1,0
7495,22410267,0,26.568,975.227,43.762,69811.836,5,1,1,0
7496,22413257,0,26.565,975.238,43.756,69926.250,6,1,1,0
7497,22416247,0,26.563,975.232,43.767,69584.125,7,1,1,0
7498,22419237,0,26.563,975.257,43.749,69584.125,8,1,1,0
7499,22422227,0,26.560,975.232,43.737,70041.039,9,1,1,0
7500,22425217,0,26.573,975.267,43.757,69640.914,0,1,1,0
7501,22428207,0,26.593,975.267,43.771,69133.133,1,1,1,0
7502,22431197,0,26.635,975.274,43.788,70041.039,2,1,1,0
7503,22434187,0,26.663,975.279,43.737,69640.914,3,1,1,0
7504,22437177,0,26.673,975.284,43.691,69077.172,4,1,1,0
7505,22440167,0,26.686,975.265,43.788,69021.297,5,1,1,0
7506,22443157,0,26.686,975.226,43.943,68798.711,6,1,1,0
7507,22446147,0,26.696,975.242,44.070,68965.516,7,1,1,0
7508,22449137,0,26.708,975.254,44.137,68743.289,8,1,1,0
7509,22452127,0,26.726,975.268,44.157,68909.828,9,1,1,0
7510,22455117,0,26.749,975.273,44.202,69133.133,0,1,1,0
7511,22458107,0,26.749,975.264,44.256,68632.711,1,1,1,0
7512,22461097,0,26.759,975.272,44.311,68743.289,2,1,1,0
7513,22464087,0,26.756,975.268,44.269,68854.227,3,1,1,0
7514,22467077,0,26.746,975.273,44.118,68687.953,4,1,1,0
7515,22470067,0,26.754,975.290,43.999,69021.297,5,1,1,0
7516,22473057,0,26.771,975.277,43.941,69301.570,6,1,1,0
7517,22476047,0,26.809,975.258,43.886,69189.188,7,1,1,0
7518,22479037,0,26.842,975.275,43.878,68743.289,8,1,1,0
7519,22482027,0,26.869,975.277,43.857,68467.508,9,1,1,0
7520,22485017,0,26.874,975.258,43.810,68687.953,0,1,1,0
7521,22488007,0,26.874,975.268,43.744,68965.516,1,1,1,0
7522,22490997,0,26.874,975.249,43.726,68412.617,2,1,1,0
7523,22493987,0,26.869,975.282,43.678,68798.711,3,1,1,0
7524,22496977,0,26.864,975.266,43.671,68965.516,4,1,1,0
7525,22499967,0,26.859,975.280,43.659,68467.508,5,1,1,0
7526,22502957,0,26.854,975.251,43.646,68965.516,6,1,1,0
7527,22505947,0,26.864,975.275,43.594,68577.555,7,1,1,0
7528,22508937,0,26.872,975.270,43.565,69077.172,8,1,1,0
7529,22511927,0,26.869,975.272,43.552,68577.555,9,1,1,0
7530,22514917,0,26.849,975.275,43.526,68743.289,0,1,1,0
7531,22517907,0,26.832,975.260,43.482,68687.953,1,1,1,0
7532,22520897,0,26.811,975.271,43.438,69133.133,2,1,1,0
7533,22523887,0,26.791,975.260,43.418,69133.133,3,1,1,0
7534,22526877,0,26.776,975.274,43.381,69470.828,4,1,1,0
7535,22529867,0,26.751,975.265,43.413,68798.711,5,1,1,0
7536,22532857,0,26.736,975.285,43.352,69021.297,6,1,1,0
7537,22535847,0,26.708,975.284,43.426,69357.898,7,1,1,0
7538,22538837,0,26.698,975.273,43.503,68909.828,8,1,1,0
7539,22541827,0,26.688,975.292,43.561,69021.297,9,1,1,0
7540,22544817,0,26.678,975.254,43.590,69357.898,0,1,1,0
7541,22547807,0,26.671,975.287,43.571,68909.828,1,1,1,0
7542,22550797,0,26.653,975.289,43.521,69357.898,2,1,1,0
7543,22553787,0,26.635,975.263,43.662,69301.570,3,1,1,0
7544,22556777,0,26.623,975.282,43.709,69414.320,4,1,1,0
7545,22559767,0,26.603,975.271,43.796,69527.430,5,1,1,0
7546,22562757,0,26.585,975.275,43.848,69584.125,6,1,1,0
7547,22565747,0,26.570,975.267,43.870,69697.797,7,1,1,0
7548,22568737,0,26.555,975.259,43.814,69245.336,8,1,1,0
7549,22571727,0,26.542,975.265,43.801,69133.133,9,1,1,0
7550,22574717,0,26.530,975.282,43.782,69414.320,0,1,1,0
7551,22577707,0,26.510,975.259,43.797,69754.766,1,1,1,0
7552,22580697,0,26.495,975.241,43.807,69811.836,2,1,1,0
7553,22583687,0,26.475,975.260,43.847,69301.570,3,1,1,0
7554,22586677,0,26.460,975.260,43.959,69414.320,4,1,1,0
7555,22589667,0,26.449,975.243,44.047,69697.797,5,1,1,0
7556,22592657,0,26.427,975.251,44.062,68965.516,6,1,1,0
7557,22595647,0,26.412,975.239,44.084,69811.836,7,1,1,0
7558,22598637,0,26.402,975.238,44.095,69133.133,8,1,1,0
7559,22601627,0,26.409,975.258,44.156,69470.828,9,1,1,0
7560,22604617,0,26.407,975.244,44.192,69470.828,0,1,1,0
7561,22607607,0,26.404,975.242,44.227,69868.992,1,1,1,0
7562,22610597,0,26.407,975.252,44.198,69926.250,2,1,1,0
7563,22613587,0,26.399,975.268,44.173,69414.320,3,1,1,0
7564,22616577,0,26.407,975.252,44.168,69640.914,4,1,1,0
7565,22619567,0,26.414,975.257,44.252,70041.039,5,1,1,0
7566,22622557,0,26.424,975.272,44.289,69584.125,6,1,1,0
7567,22625547,0,26.422,975.273,44.331,69584.125,7,1,1,0
7568,22628537,0,26.432,975.306,44.308,70041.039,8,1,1,0
7569,22631527,0,26.427,975.286,44.332,69584.125,9,1,1,0
7570,22634517,0,26.407,975.277,44.317,69697.797,0,1,1,0
7571,22637507,0,26.392,975.283,44.322,69868.992,1,1,1,0
7572,22640497,0,26.374,975.268,44.337,69470.828,2,1,1,0
7573,22643487,0,26.366,975.303,44.420,69470.828,3,1,1,0
7574,22646477,0,26.349,975.289,44.538,69470.828,4,1,1,0
7575,22649467,0,26.344,975.307,44.634,69414.320,5,1,1,0
7576,22652457,0,26.331,975.272,44.722,69021.297,6,1,1,0
7577,22655447,0,26.339,975.297,44.855,69584.125,7,1,1,0
7578,22658437,0,26.349,975.295,44.935,68909.828,8,1,1,0
7579,22661427,0,26.361,975.315,45.056,69189.188,9,1,1,0
7580,22664417,0,26.364,975.299,45.117,69245.336,0,1,1,0
7581,22667407,0,26.366,975.280,45.099,69077.172,1,1,1,0
7582,22670397,0,26.356,975.279,45.008,69245.336,2,1,1,0
7583,22673387,0,26.349,975.300,44.935,68909.828,3,1,1,0
7584,22676377,0,26.331,975.268,44.902,69357.898,4,1,1,0
7585,22679367,0,26.324,975.294,44.866,69301.570,5,1,1,0
7586,22682357,0,26.316,975.301,44.823,69584.125,6,1,1,0
7587,22685347,0,26.306,975.307,44.791,69245.336,7,1,1,0
7588,22688337,0,26.286,975.265,44.807,69470.828,8,1,1,0
7589,22691327,0,26.281,975.291,44.758,69470.828,9,1,1,0
7590,22694317,0,26.263,975.286,44.726,69584.125,0,1,1,0
7591,22697307,0,26.248,975.299,44.676,69414.320,1,1,1,0
7592,22700297,0,26.233,975.294,44.669,69640.914,2,1,1,0
7593,22703287,0,26.226,975.310,44.650,69640.914,3,1,1,0
7594,22706277,0,26.218,975.290,44.715,69301.570,4,1,1,0
7595,22709267,0,26.213,975.329,44.756,69584.125,5,1,1,0
7596,22712257,0,26.203,975.301,44.821,69697.797,6,1,1,0
7597,22715247,0,26.198,975.308,44.905,69527.430,7,1,1,0
7598,22718237,0,26.191,975.325,44.970,69470.828,8,1,1,0
7599,22721227,0,26.186,975.325,44.999,69697.797,9,1,1,0
7600,22724217,0,26.180,975.348,44.945,69470.828,0,1,1,0
7601,22727207,0,26.168,975.302,44.931,69301.570,1,1,1,0
7602,22730197,0,26.170,975.306,44.992,69245.336,2,1,1,0
7603,22733187,0,26.165,975.334,45.075,69470.828,3,1,1,0
7604,22736177,0,26.160,975.321,45.153,69189.188,4,1,1,0
7605,22739167,0,26.165,975.329,45.238,68965.516,5,1,1,0
7606,22742157,0,26.168,975.329,45.346,69414.320,6,1,1,0
7607,22745147,0,26.165,975.314,45.461,68632.711,7,1,1,0
7608,22748137,0,26.178,975.314,45.583,69133.133,8,1,1,0
7609,22751127,0,26.186,975.327,45.656,68522.484,9,1,1,0
7610,22754117,0,26.191,975.345,45.699,69133.133,0,1,1,0
7611,22757107,0,26.203,975.356,45.652,69357.898,1,1,1,0
7612,22760097,0,26.211,975.332,45.562,68965.516,2,1,1,0
7613,22763087,0,26.233,975.344,45.511,68687.953,3,1,1,0
7614,22766077,0,26.286,975.329,45.499,68632.711,4,1,1,0
7615,22769067,0,26.356,975.315,45.502,68854.227,5,1,1,0
7616,22772057,0,26.417,975.314,45.418,69133.133,6,1,1,0
7617,22775047,0,26.497,975.311,45.380,68743.289,7,1,1,0
7618,22778037,0,26.578,975.298,45.287,68687.953,8,1,1,0
7619,22781027,0,26.663,975.311,45.189,68743.289,9,1,1,0
7620,22784017,0,26.759,975.319,45.116,68467.508,0,1,1,0
7621,22787007,0,26.839,975.314,45.084,68467.508,1,1,1,0
7622,22789997,0,26.917,975.329,45.015,68248.469,2,1,1,0
7623,22792987,0,26.982,975.296,44.962,68085.109,3,1,1,0
7624,22795977,0,27.033,975.307,44.842,67439.406,4,1,1,0
7625,22798967,0,27.060,975.318,44.743,67922.523,5,1,1,0
7626,22801957,0,27.078,975.293,44.643,68303.094,6,1,1,0
7627,22804947,0,27.093,975.306,44.519,67492.750,7,1,1,0
7628,22807937,0,27.126,975.301,44.493,67492.750,8,1,1,0
7629,22810927,0,27.163,975.304,44.527,67976.633,9,1,1,0
7630,22813917,0,27.221,975.312,44.546,67226.891,0,1,1,0
7631,22816907,0,27.294,975.335,44.555,66701.406,1,1,1,0
7632,22819897,0,27.337,975.328,44.428,67492.750,2,1,1,0
7633,22822887,0,27.349,975.305,44.267,67015.703,3,1,1,0
7634,22825877,0,27.357,975.340,44.070,67599.680,4,1,1,0
7635,22828867,0,27.362,975.320,43.807,67760.719,5,1,1,0
7636,22831857,0,27.362,975.335,43.550,67760.719,6,1,1,0
7637,22834847,0,27.342,975.319,43.297,68467.508,7,1,1,0
7638,22837837,0,27.317,975.330,43.134,68522.484,8,1,1,0
7639,22840827,0,27.289,975.321,43.071,68085.109,9,1,1,0
7640,22843817,0,27.274,975.327,43.051,67922.523,0,1,1,0
7641,22846807,0,27.251,975.309,43.055,68248.469,1,1,1,0
7642,22849797,0,27.226,975.314,43.087,69021.297,2,1,1,0
7643,22852787,0,27.206,975.332,43.121,67653.273,3,1,1,0
7644,22855777,0,27.171,975.307,43.176,68193.930,4,1,1,0
7645,22858767,0,27.153,975.311,43.234,68577.555,5,1,1,0
7646,22861757,0,27.128,975.328,43.308,67868.508,6,1,1,0
7647,22864747,0,27.121,975.321,43.421,68357.812,7,1,1,0
7648,22867737,0,27.126,975.316,43.517,68467.508,8,1,1,0
7649,22870727,0,27.136,975.316,43.625,67599.680,9,1,1,0
7650,22873717,0,27.166,975.317,43.701,67439.406,0,1,1,0
7651,22876707,0,27.194,975.315,43.740,68357.812,1,1,1,0
7652,22879697,0,27.226,975.337,43.714,68577.555,2,1,1,0
7653,22882687,0,27.244,975.330,43.650,68139.477,3,1,1,0
7654,22885677,0,27.259,975.340,43.538,67492.750,4,1,1,0
7655,22888667,0,27.256,975.340,43.395,68632.711,5,1,1,0
7656,22891657,0,27.249,975.328,43.287,68139.477,6,1,1,0
7657,22894647,0,27.251,975.350,43.269,67868.508,7,1,1,0
7658,22897637,0,27.234,975.320,43.267,68632.711,8,1,1,0
7659,22900627,0,27.234,975.333,43.297,68522.484,9,1,1,0
7660,22903617,0,27.211,975.318,43.354,67386.156,0,1,1,0
7661,22906607,0,27.199,975.334,43.388,68085.109,1,1,1,0
7662,22909597,0,27.178,975.303,43.475,67492.750,2,1,1,0
7663,22912587,0,27.168,975.328,43.576,67492.750,3,1,1,0
7664,22915577,0,27.148,975.317,43.615,68248.469,4,1,1,0
7665,22918567,0,27.133,975.327,43.625,67386.156,5,1,1,0
7666,22921557,0,27.113,975.315,43.563,67332.984,6,1,1,0
7667,22924547,0,27.093,975.326,43.435,67546.172,7,1,1,0
7668,22927537,0,27.090,975.318,43.429,67868.508,8,1,1,0
7669,22930527,0,27.098,975.339,43.436,68139.477,9,1,1,0
7670,22933517,0,27.106,975.336,43.335,68357.812,0,1,1,0
7671,22936507,0,27.106,975.346,43.258,69021.297,1,1,1,0
7672,22939497,0,27.088,975.349,43.161,69527.430,2,1,1,0
7673,22942487,0,27.078,975.360,43.177,68030.828,3,1,1,0
7674,22945477,0,27.063,975.361,43.193,68854.227,4,1,1,0
7675,22948467,0,27.045,975.328,43.197,68467.508,5,1,1,0
7676,22951457,0,27.040,975.365,43.233,68085.109,6,1,1,0
7677,22954447,0,27.035,975.346,43.286,69021.297,7,1,1,0
7678,22957437,0,27.018,975.329,43.307,68965.516,8,1,1,0
7679,22960427,0,26.992,975.334,43.263,68357.812,9,1,1,0
7680,22963417,0,26.980,975.341,43.303,68467.508,0,1,1,0
7681,22966407,0,26.952,975.337,43.341,68577.555,1,1,1,0
7682,22969397,0,26.932,975.342,43.470,68139.477,2,1,1,0
7683,22972387,0,26.897,975.366,43.466,68577.555,3,1,1,0
7684,22975377,0,26.874,975.361,43.464,68412.617,4,1,1,0
7685,22978367,0,26.849,975.363,43.508,68798.711,5,1,1,0
7686,22981357,0,26.824,975.372,43.625,68522.484,6,1,1,0
7687,22984347,0,26.801,975.377,43.706,68798.711,7,1,1,0
7688,22987337,0,26.781,975.365,43.787,68467.508,8,1,1,0
7689,22990327,0,26.756,975.394,43.796,68854.227,9,1,1,0
7690,22993317,0,26.739,975.353,43.758,69021.297,0,1,1,0
7691,22996307,0,26.713,975.374,43.785,68577.555,1,1,1,0
7692,22999297,0,26.696,975.353,43.825,69077.172,2,1,1,0
7693,23002287,0,26.671,975.339,43.828,69133.133,3,1,1,0
7694,23005277,0,26.668,975.360,43.834,69527.430,4,1,1,0
7695,23008267,0,26.653,975.362,43.802,68798.711,5,1,1,0
7696,23011257,0,26.633,975.368,43.716,69414.320,6,1,1,0
7697,23014247,0,26.618,975.365,43.637,69189.188,7,1,1,0
7698,23017237,0,26.593,975.358,43.592,69245.336,8,1,1,0
7699,23020227,0,26.573,975.349,43.560,69754.766,9,1,1,0
7700,23023217,0,26.547,975.353,43.575,68965.516,0,1,1,0
7701,23026207,0,26.542,975.342,43.693,69697.797,1,1,1,0
7702,23029197,0,26.553,975.349,43.748,69754.766,2,1,1,0
7703,23032187,0,26.558,975.353,43.761,68854.227,3,1,1,0
7704,23035177,0,26.573,975.362,43.745,69470.828,4,1,1,0
7705,23038167,0,26.613,975.375,43.809,69983.594,5,1,1,0
7706,23041157,0,26.671,975.365,43.804,69697.797,6,1,1,0
7707,23044147,0,26.721,975.366,43.744,69527.430,7,1,1,0
7708,23047137,0,26.774,975.368,43.667,70041.039,8,1,1,0
7709,23050127,0,26.819,975.366,43.594,69245.336,9,1,1,0
7710,23053117,0,26.874,975.394,43.541,69640.914,0,1,1,0
7711,23056107,0,26.935,975.400,43.477,69357.898,1,1,1,0
7712,23059097,0,26.995,975.417,43.311,69697.797,2,1,1,0
7713,23062087,0,27.038,975.368,43.244,69133.133,3,1,1,0
7714,23065077,0,27.073,975.383,43.141,68965.516,4,1,1,0
7715,23068067,0,27.098,975.396,43.055,69640.914,5,1,1,0
7716,23071057,0,27.106,975.391,42.978,69584.125,6,1,1,0
7717,23074047,0,27.106,975.386,42.925,69926.250,7,1,1,0
7718,23077037,0,27.093,975.374,42.882,69133.133,8,1,1,0
7719,23080027,0,27.088,975.399,42.899,68743.289,9,1,1,0
7720,23083017,0,27.068,975.376,42.879,68687.953,0,1,1,0
7721,23086007,0,27.043,975.388,42.810,68909.828,1,1,1,0
7722,23088997,0,27.015,975.377,42.783,69189.188,2,1,1,0
7723,23091987,0,26.995,975.399,42.787,68909.828,3,1,1,0
7724,23094977,0,26.970,975.392,42.808,69527.430,4,1,1,0
7725,23097967,0,26.937,975.409,42.852,70387.680,5,1,1,0
7726,23100957,0,26.912,975.384,42.956,69077.172,6,1,1,0
7727,23103947,0,26.889,975.375,43.120,68632.711,7,1,1,0
7728,23106937,0,26.872,975.400,43.231,68909.828,8,1,1,0
7729,23109927,0,26.852,975.381,43.264,69697.797,9,1,1,0
7730,23112917,0,26.847,975.388,43.305,69357.898,0,1,1,0
7731,23115907,0,26.874,975.397,43.344,69245.336,1,1,1,0
7732,23118897,0,26.927,975.390,43.398,68854.227,2,1,1,0
7733,23121887,0,26.987,975.373,43.429,69697.797,3,1,1,0
7734,23124877,0,27.048,975.405,43.490,69189.188,4,1,1,0
7735,23127867,0,27.090,975.377,43.489,69301.570,5,1,1,0
7736,23130857,0,27.138,975.370,43.476,68577.555,6,1,1,0
7737,23133847,0,27.196,975.366,43.382,69133.133,7,1,1,0
7738,23136837,0,27.244,975.378,43.179,69470.828,8,1,1,0
7739,23139827,0,27.307,975.413,43.055,70271.758,9,1,1,0
7740,23142817,0,27.342,975.416,42.898,70156.211,0,1,1,0
7741,23145807,0,27.352,975.397,42.816,69470.828,1,1,1,0
7742,23148797,0,27.362,975.392,42.746,69470.828,2,1,1,0
7743,23151787,0,27.352,975.402,42.668,69357.898,3,1,1,0
7744,23154777,0,27.324,975.402,42.552,69868.992,4,1,1,0
7745,23157767,0,27.294,975.391,42.489,69470.828,5,1,1,0
7746,23160757,0,27.264,975.392,42.509,69470.828,6,1,1,0
7747,23163747,0,27.226,975.384,42.594,68909.828,7,1,1,0
7748,23166737,0,27.206,975.388,42.586,69189.188,8,1,1,0
7749,23169727,0,27.168,975.385,42.563,68577.555,9,1,1,0
7750,23172717,0,27.141,975.397,42.584,69470.828,0,1,1,0
7751,23175707,0,27.126,975.394,42.606,69640.914,1,1,1,0
7752,23178697,0,27.101,975.376,42.674,69021.297,2,1,1,0
7753,23181687,0,27.070,975.397,42.724,69754.766,3,1,1,0
7754,23184677,0,27.035,975.395,42.750,69414.320,4,1,1,0
7755,23187667,0,27.000,975.392,42.776,68854.227,5,1,1,0
7756,23190657,0,26.960,975.400,42.807,68743.289,6,1,1,0
7757,23193647,0,26.940,975.406,42.899,68909.828,7,1,1,0
7758,23196637,0,26.907,975.389,43.050,69021.297,8,1,1,0
7759,23199627,0,26.889,975.370,43.197,69470.828,9,1,1,0
7760,23202617,0,26.882,975.380,43.321,69640.914,0,1,1,0
7761,23205607,0,26.884,975.383,43.441,68854.227,1,1,1,0
7762,23208597,0,26.909,975.376,43.563,68854.227,2,1,1,0
7763,23211587,0,26.960,975.409,43.647,68357.812,3,1,1,0
7764,23214577,0,27.008,975.384,43.700,69357.898,4,1,1,0
7765,23217567,0,27.063,975.395,43.689,68467.508,5,1,1,0
7766,23220557,0,27.108,975.404,43.598,69357.898,6,1,1,0
7767,23223547,0,27.153,975.379,43.466,69640.914,7,1,1,0
7768,23226537,0,27.201,975.375,43.347,68467.508,8,1,1,0
7769,23229527,0,27.244,975.381,43.250,68965.516,9,1,1,0
7770,23232517,0,27.261,975.392,43.139,69697.797,0,1,1,0
7771,23235507,0,27.274,975.412,43.057,69357.898,1,1,1,0
7772,23238497,0,27.277,975.416,42.962,68577.555,2,1,1,0
7773,23241487,0,27.264,975.417,42.961,69245.336,3,1,1,0
7774,23244477,0,27.234,975.399,42.910,69754.766,4,1,1,0
7775,23247467,0,27.216,975.401,42.866,68357.812,5,1,1,0
7776,23250457,0,27.201,975.398,42.864,68248.469,6,1,1,0
7777,23253447,0,27.184,975.377,42.916,68139.477,7,1,1,0
7778,23256437,0,27.173,975.394,42.998,68303.094,8,1,1,0
7779,23259427,0,27.163,975.397,43.080,69470.828,9,1,1,0
7780,23262417,0,27.151,975.400,43.102,69077.172,0,1,1,0
7781,23265407,0,27.156,975.416,43.103,68303.094,1,1,1,0
7782,23268397,0,27.151,975.375,43.126,68467.508,2,1,1,0
7783,23271387,0,27.163,975.408,43.134,68522.484,3,1,1,0
7784,23274377,0,27.151,975.403,43.091,68139.477,4,1,1,0
7785,23277367,0,27.151,975.389,43.085,68467.508,5,1,1,0
7786,23280357,0,27.141,975.411,42.982,68743.289,6,1,1,0
7787,23283347,0,27.146,975.399,42.953,68467.508,7,1,1,0
7788,23286337,0,27.163,975.370,42.902,68743.289,8,1,1,0
7789,23289327,0,27.196,975.401,42.852,69357.898,9,1,1,0
7790,23292317,0,27.231,975.413,42.802,68577.555,0,1,1,0
7791,23295307,0,27.244,975.398,42.750,69133.133,1,1,1,0
7792,23298297,0,27.274,975.416,42.718,69697.797,2,1,1,0
7793,23301287,0,27.299,975.407,42.644,68357.812,3,1,1,0
7794,23304277,0,27.319,975.426,42.605,69754.766,4,1,1,0
7795,23307267,0,27.329,975.431,42.529,70041.039,5,1,1,0
7796,23310257,0,27.344,975.444,42.418,69926.250,6,1,1,0
7797,23313247,0,27.347,975.416,42.370,70041.039,7,1,1,0
7798,23316237,0,27.370,975.446,42.343,69021.297,8,1,1,0
7799,23319227,0,27.367,975.432,42.337,69301.570,9,1,1,0
7800,23322217,0,27.375,975.452,42.356,69021.297,0,1,1,0
7801,23325207,0,27.365,975.439,42.337,68965.516,1,1,1,0
7802,23328197,0,27.347,975.421,42.258,69584.125,2,1,1,0
7803,23331187,0,27.314,975.446,42.177,70041.039,3,1,1,0
7804,23334177,0,27.271,975.409,42.131,69021.297,4,1,1,0
7805,23337167,0,27.236,975.397,42.085,70041.039,5,1,1,0
7806,23340157,0,27.196,975.407,41.980,69868.992,6,1,1,0
7807,23343147,0,27.166,975.417,42.065,69414.320,7,1,1,0
7808,23346137,0,27.123,975.396,42.137,69245.336,8,1,1,0
7809,23349127,0,27.090,975.395,42.157,69133.133,9,1,1,0
7810,23352117,0,27.048,975.390,42.212,68965.516,0,1,1,0
7811,23355107,0,27.020,975.408,42.315,69357.898,1,1,1,0
7812,23358097,0,26.987,975.400,42.400,69584.125,2,1,1,0
7813,23361087,0,26.955,975.405,42.450,69470.828,3,1,1,0
7814,23364077,0,26.927,975.412,42.488,69414.320,4,1,1,0
7815,23367067,0,26.894,975.390,42.562,69584.125,5,1,1,0
7816,23370057,0,26.874,975.399,42.678,69811.836,6,1,1,0
7817,23373047,0,26.862,975.376,42.801,69640.914,7,1,1,0
7818,23376037,0,26.854,975.385,42.896,70271.758,8,1,1,0
7819,23379027,0,26.859,975.394,42.944,69754.766,9,1,1,0
7820,23382017,0,26.864,975.396,42.998,70041.039,0,1,1,0
7821,23385007,0,26.859,975.403,43.015,69811.836,1,1,1,0
7822,23387997,0,26.857,975.399,43.021,69983.594,2,1,1,0
7823,23390987,0,26.882,975.426,42.958,70156.211,3,1,1,0
7824,23393977,0,26.889,975.432,42.941,70271.758,4,1,1,0
7825,23396967,0,26.892,975.420,42.906,70213.930,5,1,1,0
7826,23399957,0,26.879,975.421,42.821,69926.250,6,1,1,0
7827,23402947,0,26.874,975.411,42.773,70213.930,7,1,1,0
7828,23405937,0,26.859,975.430,42.712,70156.211,8,1,1,0
7829,23408927,0,26.844,975.423,42.722,70041.039,9,1,1,0
7830,23411917,0,26.834,975.398,42.745,69697.797,0,1,1,0
7831,23414907,0,26.824,975.411,42.809,70271.758,1,1,1,0
7832,23417897,0,26.811,975.412,42.825,70041.039,2,1,1,0
7833,23420887,0,26.786,975.398,42.816,70914.125,3,1,1,0
7834,23423877,0,26.769,975.418,42.820,70098.578,4,1,1,0
7835,23426867,0,26.746,975.378,42.818,70271.758,5,1,1,0
7836,23429857,0,26.741,975.393,42.865,70855.242,6,1,1,0
7837,23432847,0,26.723,975.386,42.940,69926.250,7,1,1,0
7838,23435837,0,26.721,975.410,42.952,70562.297,8,1,1,0
7839,23438827,0,26.703,975.382,42.991,70156.211,9,1,1,0
7840,23441817,0,26.696,975.389,43.026,70041.039,0,1,1,0
7841,23444807,0,26.686,975.378,43.060,70503.992,1,1,1,0
7842,23447797,0,26.663,975.372,43.064,69926.250,2,1,1,0
7843,23450787,0,26.638,975.383,43.079,70271.758,3,1,1,0
7844,23453777,0,26.610,975.361,43.093,70679.180,4,1,1,0
7845,23456767,0,26.603,975.373,43.081,70973.109,5,1,1,0
7846,23459757,0,26.588,975.372,43.156,70445.789,6,1,1,0
7847,23462747,0,26.573,975.362,43.250,70679.180,7,1,1,0
7848,23465737,0,26.565,975.379,43.326,70855.242,8,1,1,0
7849,23468727,0,26.550,975.396,43.414,70737.773,9,1,1,0
7850,23471717,0,26.540,975.374,43.484,69983.594,0,1,1,0
7851,23474707,0,26.530,975.376,43.614,69983.594,1,1,1,0
7852,23477697,0,26.542,975.395,43.735,70213.930,2,1,1,0
7853,23480687,0,26.555,975.391,43.844,70271.758,3,1,1,0
7854,23483677,0,26.570,975.392,43.912,70387.680,4,1,1,0
7855,23486667,0,26.615,975.388,43.983,70271.758,5,1,1,0
7856,23489657,0,26.663,975.404,43.953,70271.758,6,1,1,0
7857,23492647,0,26.711,975.388,43.886,70562.297,7,1,1,0
7858,23495637,0,26.766,975.407,43.809,69926.250,8,1,1,0
7859,23498627,0,26.804,975.410,43.694,71269.484,9,1,1,0
7860,23501617,0,26.837,975.423,43.638,70796.461,0,1,1,0
7861,23504607,0,26.849,975.390,43.574,69983.594,1,1,1,0
7862,23507597,0,26.862,975.391,43.486,70041.039,2,1,1,0
7863,23510587,0,26.867,975.421,43.361,70271.758,3,1,1,0
7864,23513577,0,26.859,975.412,43.295,69926.250,4,1,1,0
7865,23516567,0,26.852,975.417,43.264,70620.688,5,1,1,0
7866,23519557,0,26.844,975.413,43.245,69811.836,6,1,1,0
7867,23522547,0,26.829,975.392,43.256,70156.211,7,1,1,0
7868,23525537,0,26.834,975.412,43.232,69926.250,8,1,1,0
7869,23528527,0,26.832,975.422,43.292,69640.914,9,1,1,0
7870,23531517,0,26.832,975.406,43.459,69868.992,0,1,1,0
7871,23534507,0,26.832,975.412,43.488,69983.594,1,1,1,0
7872,23537497,0,26.824,975.393,43.458,69697.797,2,1,1,0
7873,23540487,0,26.837,975.410,43.370,70098.578,3,1,1,0
7874,23543477,0,26.849,975.402,43.329,69811.836,4,1,1,0
7875,23546467,0,26.862,975.421,43.259,70387.680,5,1,1,0
7876,23549457,0,26.862,975.419,43.194,69811.836,6,1,1,0
7877,23552447,0,26.852,975.420,43.163,70156.211,7,1,1,0
7878,23555437,0,26.839,975.407,43.072,69640.914,8,1,1,0
7879,23558427,0,26.824,975.415,43.041,69926.250,9,1,1,0
7880,23561417,0,26.796,975.402,42.954,70387.680,0,1,1,0
7881,23564407,0,26.781,975.429,42.958,70271.758,1,1,1,0
7882,23567397,0,26.769,975.400,43.022,70620.688,2,1,1,0
7883,23570387,0,26.764,975.412,43.058,70041.039,3,1,1,0
7884,23573377,0,26.779,975.424,43.131,70041.039,4,1,1,0
7885,23576367,0,26.832,975.417,43.161,70098.578,5,1,1,0
7886,23579357,0,26.889,975.420,43.132,70445.789,6,1,1,0
7887,23582347,0,26.960,975.407,43.176,70445.789,7,1,1,0
7888,23585337,0,27.030,975.403,43.225,70213.930,8,1,1,0
7889,23588327,0,27.085,975.416,43.178,70213.930,9,1,1,0
7890,23591317,0,27.126,975.421,43.070,69811.836,0,1,1,0
7891,23594307,0,27.166,975.415,43.021,70329.672,1,1,1,0
7892,23597297,0,27.191,975.422,42.952,70271.758,2,1,1,0
7893,23600287,0,27.196,975.407,42.834,70387.680,3,1,1,0
7894,23603277,0,27.194,975.412,42.679,70271.758,4,1,1,0
7895,23606267,0,27.184,975.395,42.607,69754.766,5,1,1,0
7896,23609257,0,27.171,975.405,42.528,70503.992,6,1,1,0
7897,23612247,0,27.151,975.428,42.514,69527.430,7,1,1,0
7898,23615237,0,27.131,975.400,42.446,69926.250,8,1,1,0
7899,23618227,0,27.113,975.429,42.427,69811.836,9,1,1,0
7900,23621217,0,27.088,975.408,42.453,70562.297,0,1,1,0
7901,23624207,0,27.073,975.424,42.458,69754.766,1,1,1,0
7902,23627197,0,27.053,975.419,42.485,69697.797,2,1,1,0
7903,23630187,0,27.048,975.408,42.532,70620.688,3,1,1,0
7904,23633177,0,27.033,975.405,42.578,70098.578,4,1,1,0
7905,23636167,0,27.023,975.390,42.553,69697.797,5,1,1,0
7906,23639157,0,27.003,975.417,42.544,70098.578,6,1,1,0
7907,23642147,0,26.990,975.422,42.543,70156.211,7,1,1,0
7908,23645137,0,26.967,975.429,42.570,69640.914,8,1,1,0
7909,23648127,0,26.945,975.413,42.567,70156.211,9,1,1,0
7910,23651117,0,26.920,975.425,42.588,70796.461,0,1,1,0
7911,23654107,0,26.899,975.422,42.657,69868.992,1,1,1,0
7912,23657097,0,26.879,975.415,42.649,70387.680,2,1,1,0
7913,23660087,0,26.854,975.415,42.640,69926.250,3,1,1,0
7914,23663077,0,26.832,975.412,42.626,70445.789,4,1,1,0
7915,23666067,0,26.809,975.412,42.617,70271.758,5,1,1,0
7916,23669057,0,26.776,975.399,42.655,70445.789,6,1,1,0
7917,23672047,0,26.756,975.394,42.670,70445.789,7,1,1,0
7918,23675037,0,26.744,975.400,42.711,70737.773,8,1,1,0
7919,23678027,0,26.734,975.395,42.739,70737.773,9,1,1,0
7920,23681017,0,26.713,975.412,42.707,70503.992,0,1,1,0
7921,23684007,0,26.696,975.401,42.741,70973.109,1,1,1,0
7922,23686997,0,26.673,975.412,42.774,70973.109,2,1,1,0
7923,23689987,0,26.661,975.386,42.820,70387.680,3,1,1,0
7924,23692977,0,26.653,975.389,42.884,70329.672,4,1,1,0
7925,23695967,0,26.643,975.394,42.895,70445.789,5,1,1,0
7926,23698957,0,26.653,975.409,42.962,70914.125,6,1,1,0
7927,23701947,0,26.643,975.394,43.032,70737.773,7,1,1,0
7928,23704937,0,26.646,975.399,43.068,70503.992,8,1,1,0
7929,23707927,0,26.641,975.419,43.127,70679.180,9,1,1,0
7930,23710917,0,26.635,975.404,43.180,70737.773,0,1,1,0
7931,23713907,0,26.628,975.391,43.185,71091.367,1,1,1,0
7932,23716897,0,26.620,975.412,43.190,70914.125,2,1,1,0
7933,23719887,0,26.608,975.391,43.200,70855.242,3,1,1,0
7934,23722877,0,26.603,975.398,43.271,70445.789,4,1,1,0
7935,23725867,0,26.608,975.402,43.266,70855.242,5,1,1,0
7936,23728857,0,26.608,975.421,43.260,70387.680,6,1,1,0
7937,23731847,0,26.593,975.397,43.216,70562.297,7,1,1,0
7938,23734837,0,26.585,975.395,43.204,70737.773,8,1,1,0
7939,23737827,0,26.583,975.404,43.215,70737.773,9,1,1,0
7940,23740817,0,26.573,975.401,43.262,71091.367,0,1,1,0
7941,23743807,0,26.563,975.393,43.278,70796.461,1,1,1,0
7942,23746797,0,26.555,975.412,43.313,70973.109,2,1,1,0
7943,23749787,0,26.547,975.390,43.330,70855.242,3,1,1,0
7944,23752777,0,26.530,975.421,43.304,71032.188,4,1,1,0
7945,23755767,0,26.527,975.435,43.370,70973.109,5,1,1,0
7946,23758757,0,26.510,975.434,43.445,70973.109,6,1,1,0
7947,23761747,0,26.505,975.433,43.528,70973.109,7,1,1,0
7948,23764737,0,26.495,975.422,43.509,70737.773,8,1,1,0
7949,23767727,0,26.485,975.418,43.549,71032.188,9,1,1,0
7950,23770717,0,26.477,975.424,43.513,71091.367,0,1,1,0
7951,23773707,0,26.460,975.424,43.481,71210.016,1,1,1,0
7952,23776697,0,26.439,975.410,43.425,71388.734,2,1,1,0
7953,23779687,0,26.414,975.437,43.422,71448.508,3,1,1,0
7954,23782677,0,26.404,975.435,43.445,71150.641,4,1,1,0
7955,23785667,0,26.384,975.404,43.550,71329.062,5,1,1,0
7956,23788657,0,26.377,975.413,43.608,70679.180,6,1,1,0
7957,23791647,0,26.372,975.414,43.632,70914.125,7,1,1,0
7958,23794637,0,26.359,975.410,43.660,71568.352,8,1,1,0
7959,23797627,0,26.351,975.438,43.719,71329.062,9,1,1,0
7960,23800617,0,26.336,975.415,43.771,71448.508,0,1,1,0
7961,23803607,0,26.321,975.446,43.799,70679.180,1,1,1,0
7962,23806597,0,26.301,975.457,43.797,71568.352,2,1,1,0
7963,23809587,0,26.286,975.431,43.837,71568.352,3,1,1,0
7964,23812577,0,26.276,975.444,43.883,70855.242,4,1,1,0
7965,23815567,0,26.268,975.451,43.978,70620.688,5,1,1,0
7966,23818557,0,26.253,975.448,44.036,70796.461,6,1,1,0
7967,23821547,0,26.238,975.450,44.034,71150.641,7,1,1,0
7968,23824537,0,26.221,975.440,44.008,71091.367,8,1,1,0
7969,23827527,0,26.221,975.442,44.080,71091.367,9,1,1,0
7970,23830517,0,26.216,975.473,44.139,71388.734,0,1,1,0
7971,23833507,0,26.201,975.467,44.125,71508.383,1,1,1,0
7972,23836497,0,26.183,975.444,44.099,71091.367,2,1,1,0
7973,23839487,0,26.175,975.460,44.069,71329.062,3,1,1,0
7974,23842477,0,26.170,975.459,44.038,71448.508,4,1,1,0
7975,23845467,0,26.155,975.447,44.024,71688.602,5,1,1,0
7976,23848457,0,26.150,975.454,44.024,71210.016,6,1,1,0
7977,23851447,0,26.140,975.455,44.047,71210.016,7,1,1,0
7978,23854437,0,26.143,975.462,44.059,71508.383,8,1,1,0
7979,23857427,0,26.143,975.445,44.083,71269.484,9,1,1,0
7980,23860417,0,26.135,975.446,44.100,71628.430,0,1,1,0
7981,23863407,0,26.130,975.452,44.069,71210.016,1,1,1,0
7982,23866397,0,26.135,975.471,44.130,71210.016,2,1,1,0
7983,23869387,0,26.145,975.441,44.161,71568.352,3,1,1,0
7984,23872377,0,26.165,975.453,44.175,71269.484,4,1,1,0
7985,23875367,0,26.216,975.452,44.199,71269.484,5,1,1,0
7986,23878357,0,26.276,975.464,44.248,71388.734,6,1,1,0
7987,23881347,0,26.331,975.468,44.249,71688.602,7,1,1,0
7988,23884337,0,26.392,975.426,44.232,71388.734,8,1,1,0
7989,23887327,0,26.462,975.437,44.162,70855.242,9,1,1,0
7990,23890317,0,26.537,975.422,44.117,71388.734,0,1,1,0
7991,23893307,0,26.598,975.408,44.029,71210.016,1,1,1,0
7992,23896297,0,26.663,975.433,43.899,70679.180,2,1,1,0
7993,23899287,0,26.713,975.460,43.779,70796.461,3,1,1,0
7994,23902277,0,26.749,975.438,43.682,70855.242,4,1,1,0
7995,23905267,0,26.769,975.444,43.559,70098.578,5,1,1,0
7996,23908257,0,26.774,975.427,43.494,70213.930,6,1,1,0
7997,23911247,0,26.774,975.430,43.386,70387.680,7,1,1,0
7998,23914237,0,26.766,975.450,43.278,70445.789,8,1,1,0
7999,23917227,0,26.749,975.434,43.252,70855.242,9,1,1,0
8000,23920217,0,26.731,975.433,43.232,70445.789,0,1,1,0
8001,23923207,0,26.716,975.435,43.272,70503.992,1,1,1,0
8002,23926197,0,26.711,975.449,43.373,70329.672,2,1,1,0
8003,23929187,0,26.716,975.439,43.457,70914.125,3,1,1,0
8004,23932177,0,26.703,975.432,43.515,70387.680,4,1,1,0
8005,23935167,0,26.708,975.445,43.528,70503.992,5,1,1,0
8006,23938157,0,26.711,975.435,43.528,70973.109,6,1,1,0
8007,23941147,0,26.741,975.423,43.508,70156.211,7,1,1,0
8008,23944137,0,26.774,975.429,43.488,70387.680,8,1,1,0
8009,23947127,0,26.801,975.406,43.395,70737.773,9,1,1,0
8010,23950117,0,26.854,975.397,43.342,70156.211,0,1,1,0
8011,23953107,0,26.892,975.411,43.323,70156.211,1,1,1,0
8012,23956097,0,26.945,975.395,43.317,70041.039,2,1,1,0
8013,23959087,0,27.000,975.417,43.371,69754.766,3,1,1,0
8014,23962077,0,27.058,975.430,43.509,69697.797,4,1,1,0
8015,23965067,0,27.123,975.412,43.600,69754.766,5,1,1,0
8016,23968057,0,27.204,975.420,43.562,69357.898,6,1,1,0
8017,23971047,0,27.261,975.415,43.479,70098.578,7,1,1,0
8018,23974037,0,27.309,975.422,43.365,69245.336,8,1,1,0
8019,23977027,0,27.342,975.428,43.208,69697.797,9,1,1,0
8020,23980017,0,27.359,975.431,43.025,70098.578,0,1,1,0
8021,23983007,0,27.377,975.438,42.843,69584.125,1,1,1,0
8022,23985997,0,27.372,975.439,42.682,70445.789,2,1,1,0
8023,23988987,0,27.359,975.413,42.603,69301.570,3,1,1,0
8024,23991977,0,27.352,975.434,42.507,69133.133,4,1,1,0
8025,23994967,0,27.319,975.434,42.432,70679.180,5,1,1,0
8026,23997957,0,27.292,975.433,42.305,70271.758,6,1,1,0
8027,24000947,0,27.259,975.417,42.295,69133.133,7,1,1,0
8028,24003937,0,27.226,975.407,42.351,69527.430,8,1,1,0
8029,24006927,0,27.206,975.402,42.455,69133.133,9,1,1,0
8030,24009917,0,27.186,975.404,42.571,70329.672,0,1,1,0
8031,24012907,0,27.161,975.406,42.616,69077.172,1,1,1,0
8032,24015897,0,27.151,975.418,42.645,69527.430,2,1,1,0
8033,24018887,0,27.171,975.417,42.760,69697.797,3,1,1,0
8034,24021877,0,27.231,975.434,42.874,68965.516,4,1,1,0
8035,24024867,0,27.284,975.486,42.904,69527.430,5,1,1,0
8036,24027857,0,27.317,975.475,42.878,70387.680,6,1,1,0
8037,24030847,0,27.357,975.449,42.793,70041.039,7,1,1,0
8038,24033837,0,27.400,975.482,42.768,70098.578,8,1,1,0
8039,24036827,0,27.427,975.476,42.706,69697.797,9,1,1,0
8040,24039817,0,27.450,975.438,42.733,69357.898,0,1,1,0
8041,24042807,0,27.463,975.417,42.770,69811.836,1,1,1,0
8042,24045797,0,27.500,975.402,42.768,69470.828,2,1,1,0
8043,24048787,0,27.538,975.378,42.790,69527.430,3,1,1,0
8044,24051777,0,27.576,975.399,42.694,69811.836,4,1,1,0
8045,24054767,0,27.588,975.396,42.570,69983.594,5,1,1,0
8046,24057757,0,27.598,975.427,42.530,69470.828,6,1,1,0
8047,24060747,0,27.613,975.423,42.532,69357.898,7,1,1,0
8048,24063737,0,27.631,975.422,42.575,69133.133,8,1,1,0
8049,24066727,0,27.661,975.432,42.585,69077.172,9,1,1,0
8050,24069717,0,27.681,975.410,42.551,69470.828,0,1,1,0
8051,24072707,0,27.666,975.389,42.449,69414.320,1,1,1,0
8052,24075697,0,27.646,975.395,42.215,69983.594,2,1,1,0
8053,24078687,0,27.613,975.417,42.099,69301.570,3,1,1,0
8054,24081677,0,27.588,975.403,42.031,69301.570,4,1,1,0
8055,24084667,0,27.558,975.397,41.998,69868.992,5,1,1,0
8056,24087657,0,27.538,975.392,42.072,69133.133,6,1,1,0
8057,24090647,0,27.505,975.408,42.140,69811.836,7,1,1,0
8058,24093637,0,27.485,975.396,42.220,69414.320,8,1,1,0
8059,24096627,0,27.455,975.408,42.246,69527.430,9,1,1,0
8060,24099617,0,27.445,975.427,42.316,69189.188,0,1,1,0
8061,24102607,0,27.442,975.414,42.375,68854.227,1,1,1,0
8062,24105597,0,27.468,975.425,42.402,68909.828,2,1,1,0
8063,24108587,0,27.483,975.433,42.386,70098.578,3,1,1,0
8064,24111577,0,27.483,975.437,42.333,70041.039,4,1,1,0
8065,24114567,0,27.490,975.414,42.304,69077.172,5,1,1,0
8066,24117557,0,27.488,975.426,42.185,69983.594,6,1,1,0
8067,24120547,0,27.480,975.447,42.125,69983.594,7,1,1,0
8068,24123537,0,27.468,975.444,42.106,70098.578,8,1,1,0
8069,24126527,0,27.458,975.451,42.223,69584.125,9,1,1,0
8070,24129517,0,27.478,975.470,42.397,69357.898,0,1,1,0
8071,24132507,0,27.488,975.449,42.499,69811.836,1,1,1,0
8072,24135497,0,27.498,975.416,42.483,69077.172,2,1,1,0
8073,24138487,0,27.535,975.433,42.410,69868.992,3,1,1,0
8074,24141477,0,27.573,975.425,42.343,69868.992,4,1,1,0
8075,24144467,0,27.598,975.431,42.275,69527.430,5,1,1,0
8076,24147457,0,27.603,975.461,42.151,69926.250,6,1,1,0
8077,24150447,0,27.598,975.427,42.121,69584.125,7,1,1,0
8078,24153437,0,27.608,975.437,42.193,69754.766,8,1,1,0
8079,24156427,0,27.639,975.412,42.244,69357.898,9,1,1,0
8080,24159417,0,27.691,975.461,42.333,69189.188,0,1,1,0
8081,24162407,0,27.749,975.443,42.339,69527.430,1,1,1,0
8082,24165397,0,27.814,975.425,42.323,69811.836,2,1,1,0
8083,24168387,0,27.882,975.445,42.236,69245.336,3,1,1,0
8084,24171377,0,27.940,975.430,42.172,69584.125,4,1,1,0
8085,24174367,0,27.990,975.428,42.154,69697.797,5,1,1,0
8086,24177357,0,28.016,975.450,42.026,69414.320,6,1,1,0
8087,24180347,0,28.051,975.443,41.929,68909.828,7,1,1,0
8088,24183337,0,28.078,975.425,41.832,69301.570,8,1,1,0
8089,24186327,0,28.086,975.431,41.726,68854.227,9,1,1,0
8090,24189317,0,28.081,975.447,41.584,68909.828,0,1,1,0
8091,24192307,0,28.066,975.434,41.370,69640.914,1,1,1,0
8092,24195297,0,28.043,975.435,41.143,69414.320,2,1,1,0
8093,24198287,0,28.008,975.428,41.033,69584.125,3,1,1,0
8094,24201277,0,27.965,975.428,40.916,69584.125,4,1,1,0
8095,24204267,0,27.923,975.448,40.906,69868.992,5,1,1,0
8096,24207257,0,27.870,975.400,40.806,69811.836,6,1,1,0
8097,24210247,0,27.830,975.426,40.789,70041.039,7,1,1,0
8098,24213237,0,27.777,975.438,40.807,70041.039,8,1,1,0
8099,24216227,0,27.727,975.443,40.848,70271.758,9,1,1,0
8100,24219217,0,27.666,975.439,40.912,70271.758,0,1,1,0
8101,24222207,0,27.626,975.422,40.967,69926.250,1,1,1,0
8102,24225197,0,27.583,975.451,40.968,70855.242,2,1,1,0
8103,24228187,0,27.548,975.450,41.023,70503.992,3,1,1,0
8104,24231177,0,27.498,975.430,41.082,70796.461,4,1,1,0
8105,24234167,0,27.465,975.437,41.066,70562.297,5,1,1,0
8106,24237157,0,27.442,975.482,41.134,70156.211,6,1,1,0
8107,24240147,0,27.410,975.471,41.137,70855.242,7,1,1,0
8108,24243137,0,27.385,975.489,41.122,71210.016,8,1,1,0
8109,24246127,0,27.357,975.472,41.143,71269.484,9,1,1,0
8110,24249117,0,27.332,975.460,41.287,71150.641,0,1,1,0
8111,24252107,0,27.299,975.470,41.283,70855.242,1,1,1,0
8112,24255097,0,27.269,975.435,41.351,70503.992,2,1,1,0
8113,24258087,0,27.261,975.438,41.503,70620.688,3,1,1,0
8114,24261077,0,27.277,975.450,41.558,71269.484,4,1,1,0
8115,24264067,0,27.317,975.448,41.692,70329.672,5,1,1,0
8116,24267057,0,27.392,975.467,41.831,71329.062,6,1,1,0
8117,24270047,0,27.480,975.451,42.048,71568.352,7,1,1,0
8118,24273037,0,27.578,975.456,42.237,70973.109,8,1,1,0
8119,24276027,0,27.676,975.458,42.384,70041.039,9,1,1,0
8120,24279017,0,27.769,975.454,42.365,70156.211,0,1,1,0
8121,24282007,0,27.847,975.443,42.422,70041.039,1,1,1,0
8122,24284997,0,27.920,975.455,42.389,69584.125,2,1,1,0
8123,24287987,0,27.960,975.458,42.209,69527.430,3,1,1,0
8124,24290977,0,27.985,975.455,42.046,69640.914,4,1,1,0
8125,24293967,0,27.993,975.459,41.828,69697.797,5,1,1,0
8126,24296957,0,27.995,975.464,41.722,69584.125,6,1,1,0
8127,24299947,0,27.975,975.470,41.483,69811.836,7,1,1,0
8128,24302937,0,27.935,975.472,41.296,69868.992,8,1,1,0
8129,24305927,0,27.875,975.456,41.089,70156.211,9,1,1,0
8130,24308917,0,27.822,975.461,41.024,70098.578,0,1,1,0
8131,24311907,0,27.759,975.467,40.917,70737.773,1,1,1,0
8132,24314897,0,27.704,975.474,40.899,70445.789,2,1,1,0
8133,24317887,0,27.649,975.456,41.016,70620.688,3,1,1,0
8134,24320877,0,27.606,975.447,41.123,70562.297,4,1,1,0
8135,24323867,0,27.571,975.484,41.214,69584.125,5,1,1,0
8136,24326857,0,27.530,975.454,41.392,70973.109,6,1,1,0
8137,24329847,0,27.490,975.442,41.558,70041.039,7,1,1,0
8138,24332837,0,27.473,975.459,41.751,70503.992,8,1,1,0
8139,24335827,0,27.480,975.470,41.935,70156.211,9,1,1,0
8140,24338817,0,27.490,975.492,42.049,70098.578,0,1,1,0
8141,24341807,0,27.510,975.485,42.099,69754.766,1,1,1,0
8142,24344797,0,27.528,975.477,42.136,69470.828,2,1,1,0
8143,24347787,0,27.530,975.454,42.113,70387.680,3,1,1,0
8144,24350777,0,27.523,975.466,41.958,69640.914,4,1,1,0
8145,24353767,0,27.505,975.476,41.844,70387.680,5,1,1,0
8146,24356757,0,27.500,975.472,41.719,70679.180,6,1,1,0
8147,24359747,0,27.475,975.474,41.681,70503.992,7,1,1,0
8148,24362737,0,27.450,975.468,41.642,71032.188,8,1,1,0
8149,24365727,0,27.417,975.457,41.710,69926.250,9,1,1,0
8150,24368717,0,27.385,975.469,41.724,70156.211,0,1,1,0
8151,24371707,0,27.339,975.471,41.683,71388.734,1,1,1,0
8152,24374697,0,27.302,975.445,41.708,70445.789,2,1,1,0
8153,24377687,0,27.279,975.475,41.729,70445.789,3,1,1,0
8154,24380677,0,27.239,975.453,41.849,70445.789,4,1,1,0
8155,24383667,0,27.214,975.433,41.887,69926.250,5,1,1,0
8156,24386657,0,27.189,975.460,41.950,70387.680,6,1,1,0
8157,24389647,0,27.156,975.465,41.964,70503.992,7,1,1,0
8158,24392637,0,27.118,975.444,41.942,70796.461,8,1,1,0
8159,24395627,0,27.096,975.469,41.951,70737.773,9,1,1,0
8160,24398617,0,27.058,975.461,42.023,70329.672,0,1,1,0
8161,24401607,0,27.025,975.460,42.120,71388.734,1,1,1,0
8162,24404597,0,26.992,975.465,42.158,70914.125,2,1,1,0
8163,24407587,0,26.967,975.479,42.197,71091.367,3,1,1,0
8164,24410577,0,26.940,975.490,42.247,71269.484,4,1,1,0
8165,24413567,0,26.904,975.467,42.266,70737.773,5,1,1,0
8166,24416557,0,26.877,975.483,42.299,71809.258,6,1,1,0
8167,24419547,0,26.849,975.497,42.337,70679.180,7,1,1,0
8168,24422537,0,26.816,975.446,42.369,71329.062,8,1,1,0
8169,24425527,0,26.789,975.475,42.431,71091.367,9,1,1,0
8170,24428517,0,26.761,975.458,42.499,71329.062,0,1,1,0
8171,24431507,0,26.759,975.469,42.582,71269.484,1,1,1,0
8172,24434497,0,26.766,975.473,42.666,71269.484,2,1,1,0
8173,24437487,0,26.769,975.450,42.713,70973.109,3,1,1,0
8174,24440477,0,26.799,975.424,42.794,71329.062,4,1,1,0
8175,24443467,0,26.827,975.427,42.827,71032.188,5,1,1,0
8176,24446457,0,26.882,975.446,42.893,71448.508,6,1,1,0
8177,24449447,0,26.925,975.447,43.005,71688.602,7,1,1,0
8178,24452437,0,26.985,975.453,43.107,70387.680,8,1,1,0
8179,24455427,0,27.055,975.473,43.175,70503.992,9,1,1,0
8180,24458417,0,27.131,975.461,43.243,71628.430,0,1,1,0
8181,24461407,0,27.221,975.485,43.254,70914.125,1,1,1,0
8182,24464397,0,27.312,975.480,43.109,70329.672,2,1,1,0
8183,24467387,0,27.385,975.483,42.939,70271.758,3,1,1,0
8184,24470377,0,27.437,975.474,42.695,70098.578,4,1,1,0
8185,24473367,0,27.478,975.470,42.480,69868.992,5,1,1,0
8186,24476357,0,27.520,975.502,42.361,70973.109,6,1,1,0
8187,24479347,0,27.556,975.494,42.187,70855.242,7,1,1,0
8188,24482337,0,27.576,975.495,42.041,70329.672,8,1,1,0
8189,24485327,0,27.573,975.475,41.910,70503.992,9,1,1,0
8190,24488317,0,27.561,975.492,41.797,71150.641,0,1,1,0
8191,24491307,0,27.530,975.503,41.681,70855.242,1,1,1,0
8192,24494297,0,27.495,975.473,41.588,70098.578,2,1,1,0
8193,24497287,0,27.458,975.476,41.572,70503.992,3,1,1,0
8194,24500277,0,27.420,975.466,41.568,71150.641,4,1,1,0
8195,24503267,0,27.385,975.465,41.541,70620.688,5,1,1,0
8196,24506257,0,27.354,975.452,41.602,71210.016,6,1,1,0
8197,24509247,0,27.342,975.467,41.713,70445.789,7,1,1,0
8198,24512237,0,27.332,975.445,41.877,70271.758,8,1,1,0
8199,24515227,0,27.334,975.452,42.031,70156.211,9,1,1,0
8200,24518217,0,27.362,975.447,42.188,70973.109,0,1,1,0
8201,24521207,0,27.417,975.475,42.325,69868.992,1,1,1,0
8202,24524197,0,27.495,975.484,42.405,70387.680,2,1,1,0
8203,24527187,0,27.581,975.454,42.439,70503.992,3,1,1,0
8204,24530177,0,27.681,975.442,42.415,70156.211,4,1,1,0
8205,24533167,0,27.784,975.456,42.349,70041.039,5,1,1,0
8206,24536157,0,27.887,975.437,42.272,70156.211,6,1,1,0
8207,24539147,0,28.008,975.460,42.144,69640.914,7,1,1,0
8208,24542137,0,28.104,975.456,41.924,70562.297,8,1,1,0
8209,24545127,0,28.184,975.463,41.708,70156.211,9,1,1,0
8210,24548117,0,28.259,975.447,41.516,70041.039,0,1,1,0
8211,24551107,0,28.335,975.445,41.412,70041.039,1,1,1,0
8212,24554097,0,28.385,975.434,41.288,69414.320,2,1,1,0
8213,24557087,0,28.413,975.450,41.096,69697.797,3,1,1,0
8214,24560077,0,28.388,975.431,40.793,70041.039,4,1,1,0
8215,24563067,0,28.350,975.451,40.683,69926.250,5,1,1,0
8216,24566057,0,28.292,975.433,40.600,70098.578,6,1,1,0
8217,24569047,0,28.239,975.422,40.512,69926.250,7,1,1,0
8218,24572037,0,28.189,975.462,40.489,69983.594,8,1,1,0
8219,24575027,0,28.131,975.474,40.506,70156.211,9,1,1,0
8220,24578017,0,28.058,975.449,40.674,70213.930,0,1,1,0
8221,24581007,0,28.006,975.452,40.856,69754.766,1,1,1,0
8222,24583997,0,27.968,975.446,41.058,69697.797,2,1,1,0
8223,24586987,0,27.948,975.443,41.297,70041.039,3,1,1,0
8224,24589977,0,27.943,975.436,41.462,69470.828,4,1,1,0
8225,24592967,0,27.950,975.458,41.616,69133.133,5,1,1,0
8226,24595957,0,27.958,975.449,41.670,69470.828,6,1,1,0
8227,24598947,0,27.985,975.444,41.632,69245.336,7,1,1,0
8228,24601937,0,28.023,975.459,41.636,69189.188,8,1,1,0
8229,24604927,0,28.051,975.466,41.545,69697.797,9,1,1,0
8230,24607917,0,28.061,975.455,41.375,69811.836,0,1,1,0
8231,24610907,0,28.081,975.472,41.289,69811.836,1,1,1,0
8232,24613897,0,28.094,975.494,41.225,69754.766,2,1,1,0
8233,24616887,0,28.091,975.457,41.148,69811.836,3,1,1,0
8234,24619877,0,28.086,975.458,41.030,69926.250,4,1,1,0
8235,24622867,0,28.083,975.470,40.930,69926.250,5,1,1,0
8236,24625857,0,28.071,975.450,40.828,70620.688,6,1,1,0
8237,24628847,0,28.063,975.471,40.845,70445.789,7,1,1,0
8238,24631837,0,28.043,975.471,40.843,70271.758,8,1,1,0
8239,24634827,0,28.011,975.458,40.845,70098.578,9,1,1,0
8240,24637817,0,27.970,975.471,40.805,70562.297,0,1,1,0
8241,24640807,0,27.925,975.432,40.777,70796.461,1,1,1,0
8242,24643797,0,27.870,975.454,40.688,70503.992,2,1,1,0
8243,24646787,0,27.827,975.456,40.589,71091.367,3,1,1,0
8244,24649777,0,27.782,975.463,40.608,70914.125,4,1,1,0
8245,24652767,0,27.737,975.471,40.615,71210.016,5,1,1,0
8246,24655757,0,27.691,975.469,40.704,70914.125,6,1,1,0
8247,24658747,0,27.646,975.466,40.775,70737.773,7,1,1,0
8248,24661737,0,27.608,975.471,40.835,71329.062,8,1,1,0
8249,24664727,0,27.573,975.466,40.931,71388.734,9,1,1,0
8250,24667717,0,27.528,975.434,40.967,71388.734,0,1,1,0
8251,24670707,0,27.485,975.433,41.004,71210.016,1,1,1,0
8252,24673697,0,27.445,975.450,41.017,70503.992,2,1,1,0
8253,24676687,0,27.415,975.480,41.084,71388.734,3,1,1,0
8254,24679677,0,27.375,975.445,41.292,70098.578,4,1,1,0
8255,24682667,0,27.344,975.468,41.512,70855.242,5,1,1,0
8256,24685657,0,27.332,975.449,41.694,70679.180,6,1,1,0
8257,24688647,0,27.337,975.438,41.878,71091.367,7,1,1,0
8258,24691637,0,27.362,975.428,42.046,70737.773,8,1,1,0
8259,24694627,0,27.415,975.441,42.171,70737.773,9,1,1,0
8260,24697617,0,27.495,975.446,42.275,71269.484,0,1,1,0
8261,24700607,0,27.581,975.433,42.320,70562.297,1,1,1,0
8262,24703597,0,27.679,975.451,42.319,70973.109,2,1,1,0
8263,24706587,0,27.754,975.442,42.162,71210.016,3,1,1,0
8264,24709577,0,27.802,975.445,41.931,69811.836,4,1,1,0
8265,24712567,0,27.822,975.456,41.738,70679.180,5,1,1,0
8266,24715557,0,27.809,975.442,41.571,70503.992,6,1,1,0
8267,24718547,0,27.804,975.447,41.434,71210.016,7,1,1,0
8268,24721537,0,27.797,975.475,41.363,70503.992,8,1,1,0
8269,24724527,0,27.772,975.466,41.260,70855.242,9,1,1,0
8270,24727517,0,27.729,975.458,41.155,71329.062,0,1,1,0
8271,24730507,0,27.694,975.466,41.086,70213.930,1,1,1,0
8272,24733497,0,27.646,975.452,41.063,71210.016,2,1,1,0
8273,24736487,0,27.596,975.461,41.028,70387.680,3,1,1,0
8274,24739477,0,27.538,975.448,40.992,72051.789,4,1,1,0
8275,24742467,0,27.490,975.453,41.063,71508.383,5,1,1,0
8276,24745457,0,27.437,975.451,41.134,70562.297,6,1,1,0
8277,24748447,0,27.392,975.462,41.217,70973.109,7,1,1,0
8278,24751437,0,27.337,975.455,41.317,71568.352,8,1,1,0
8279,24754427,0,27.292,975.428,41.430,70973.109,9,1,1,0
8280,24757417,0,27.246,975.439,41.519,71748.883,0,1,1,0
8281,24760407,0,27.204,975.418,41.579,71628.430,1,1,1,0
8282,24763397,0,27.163,975.417,41.716,72295.961,2,1,1,0
8283,24766387,0,27.131,975.421,41.825,70503.992,3,1,1,0
8284,24769377,0,27.085,975.434,41.891,71448.508,4,1,1,0
8285,24772367,0,27.050,975.391,41.934,71508.383,5,1,1,0
8286,24775357,0,27.013,975.404,41.965,71748.883,6,1,1,0
8287,24778347,0,26.972,975.394,41.996,71329.062,7,1,1,0
8288,24781337,0,26.932,975.398,41.968,71869.734,8,1,1,0
8289,24784327,0,26.892,975.400,41.963,71809.258,9,1,1,0
8290,24787317,0,26.857,975.397,42.018,72173.664,0,1,1,0
8291,24790307,0,26.819,975.357,42.126,71809.258,1,1,1,0
8292,24793297,0,26.814,975.375,42.250,72112.680,2,1,1,0
8293,24796287,0,26.819,975.404,42.340,72665.344,3,1,1,0
8294,24799277,0,26.834,975.398,42.335,71869.734,4,1,1,0
8295,24802267,0,26.869,975.402,42.411,72295.961,5,1,1,0
8296,24805257,0,26.894,975.404,42.455,72418.672,6,1,1,0
8297,24808247,0,26.920,975.415,42.499,71930.320,7,1,1,0
8298,24811237,0,26.935,975.421,42.477,71568.352,8,1,1,0
8299,24814227,0,26.950,975.414,42.414,71809.258,9,1,1,0
8300,24817217,0,26.950,975.439,42.378,72173.664,0,1,1,0
8301,24820207,0,26.952,975.426,42.467,72976.055,1,1,1,0
8302,24823197,0,26.945,975.438,42.532,71269.484,2,1,1,0
8303,24826187,0,26.945,975.443,42.603,72418.672,3,1,1,0
8304,24829177,0,26.940,975.445,42.650,71568.352,4,1,1,0
8305,24832167,0,26.957,975.439,42.694,71448.508,5,1,1,0
8306,24835157,0,26.962,975.425,42.724,71809.258,6,1,1,0
8307,24838147,0,27.003,975.439,42.812,71448.508,7,1,1,0
8308,24841137,0,27.050,975.434,42.859,72480.180,8,1,1,0
8309,24844127,0,27.116,975.410,42.955,70737.773,9,1,1,0
8310,24847117,0,27.191,975.430,43.030,71269.484,0,1,1,0
8311,24850107,0,27.264,975.431,43.032,71991.000,1,1,1,0
8312,24853097,0,27.349,975.464,43.018,70562.297,2,1,1,0
8313,24856087,0,27.435,975.417,42.981,71091.367,3,1,1,0
8314,24859077,0,27.513,975.440,42.835,71210.016,4,1,1,0
8315,24862067,0,27.583,975.444,42.611,71150.641,5,1,1,0
8316,24865057,0,27.654,975.449,42.394,70387.680,6,1,1,0
8317,24868047,0,27.711,975.439,42.187,71032.188,7,1,1,0
8318,24871037,0,27.782,975.449,42.059,70973.109,8,1,1,0
8319,24874027,0,27.852,975.409,41.984,71269.484,9,1,1,0
8320,24877017,0,27.933,975.426,41.916,70562.297,0,1,1,0
8321,24880007,0,28.026,975.450,41.903,70503.992,1,1,1,0
8322,24882997,0,28.096,975.434,41.781,70271.758,2,1,1,0
8323,24885987,0,28.164,975.435,41.670,69983.594,3,1,1,0
8324,24888977,0,28.202,975.429,41.515,70387.680,4,1,1,0
8325,24891967,0,28.224,975.436,41.311,70503.992,5,1,1,0
8326,24894957,0,28.227,975.432,41.099,70445.789,6,1,1,0
8327,24897947,0,28.202,975.439,40.908,70737.773,7,1,1,0
8328,24900937,0,28.174,975.441,40.787,69983.594,8,1,1,0
8329,24903927,0,28.144,975.448,40.725,70855.242,9,1,1,0
8330,24906917,0,28.094,975.448,40.672,71032.188,0,1,1,0
8331,24909907,0,28.046,975.459,40.637,70620.688,1,1,1,0
8332,24912897,0,27.998,975.461,40.738,70503.992,2,1,1,0
8333,24915887,0,27.970,975.462,40.752,70271.758,3,1,1,0
8334,24918877,0,27.965,975.448,40.887,70503.992,4,1,1,0
8335,24921867,0,27.980,975.413,40.977,70387.680,5,1,1,0
8336,24924857,0,28.038,975.430,41.066,70855.242,6,1,1,0
8337,24927847,0,28.086,975.424,41.077,70620.688,7,1,1,0
8338,24930837,0,28.166,975.448,41.151,70796.461,8,1,1,0
8339,24933827,0,28.242,975.435,41.177,70387.680,9,1,1,0
8340,24936817,0,28.322,975.399,41.121,70387.680,0,1,1,0
8341,24939807,0,28.403,975.433,41.054,69811.836,1,1,1,0
8342,24942797,0,28.468,975.399,40.990,70041.039,2,1,1,0
8343,24945787,0,28.544,975.431,40.899,69868.992,3,1,1,0
8344,24948777,0,28.609,975.430,40.818,70041.039,4,1,1,0
8345,24951767,0,28.667,975.435,40.695,69527.430,5,1,1,0
8346,24954757,0,28.689,975.446,40.568,69301.570,6,1,1,0
8347,24957747,0,28.704,975.436,40.358,69926.250,7,1,1,0
8348,24960737,0,28.697,975.427,40.199,69983.594,8,1,1,0
8349,24963727,0,28.682,975.427,40.080,69983.594,9,1,1,0
8350,24966717,0,28.644,975.446,39.976,69697.797,0,1,1,0
8351,24969707,0,28.596,975.423,40.018,70271.758,1,1,1,0
8352,24972697,0,28.556,975.415,40.043,69527.430,2,1,1,0
8353,24975687,0,28.508,975.407,40.073,69983.594,3,1,1,0
8354,24978677,0,28.473,975.401,40.180,69527.430,4,1,1,0
8355,24981667,0,28.440,975.407,40.206,70041.039,5,1,1,0
8356,24984657,0,28.433,975.421,40.234,69926.250,6,1,1,0
8357,24987647,0,28.445,975.427,40.195,70041.039,7,1,1,0
8358,24990637,0,28.456,975.437,40.061,70329.672,8,1,1,0
8359,24993627,0,28.445,975.422,39.913,70445.789,9,1,1,0
8360,24996617,0,28.420,975.429,39.718,70503.992,0,1,1,0
8361,24999607,0,28.380,975.432,39.631,70213.930,1,1,1,0
8362,25002597,0,28.337,975.442,39.621,70973.109,2,1,1,0
8363,25005587,0,28.285,975.413,39.580,70796.461,3,1,1,0
8364,25008577,0,28.222,975.442,39.544,70679.180,4,1,1,0
8365,25011567,0,28.176,975.459,39.551,71210.016,5,1,1,0
8366,25014557,0,28.116,975.435,39.673,71568.352,6,1,1,0
8367,25017547,0,28.083,975.454,39.716,71568.352,7,1,1,0
8368,25020537,0,28.066,975.448,39.737,71091.367,8,1,1,0
8369,25023527,0,28.046,975.462,39.881,71032.188,9,1,1,0
8370,25026517,0,28.018,975.466,39.884,71269.484,0,1,1,0
8371,25029507,0,27.998,975.459,39.847,71748.883,1,1,1,0
8372,25032497,0,28.003,975.461,39.800,72295.961,2,1,1,0
8373,25035487,0,28.018,975.439,39.808,71991.000,3,1,1,0
8374,25038477,0,28.031,975.461,39.891,72051.789,4,1,1,0
8375,25041467,0,28.038,975.444,39.933,71688.602,5,1,1,0
8376,25044457,0,28.031,975.458,39.961,72173.664,6,1,1,0
8377,25047447,0,28.006,975.456,40.017,71628.430,7,1,1,0
8378,25050437,0,27.980,975.452,40.090,71329.062,8,1,1,0
8379,25053427,0,27.948,975.456,39.993,72665.344,9,1,1,0
8380,25056417,0,27.902,975.427,39.936,72665.344,0,1,1,0
8381,25059407,0,27.855,975.445,39.971,72295.961,1,1,1,0
8382,25062397,0,27.820,975.459,40.026,72418.672,2,1,1,0
8383,25065387,0,27.797,975.475,40.105,71628.430,3,1,1,0
8384,25068377,0,27.777,975.465,40.168,71930.320,4,1,1,0
8385,25071367,0,27.757,975.481,40.306,72295.961,5,1,1,0
8386,25074357,0,27.721,975.463,40.267,72173.664,6,1,1,0
8387,25077347,0,27.686,975.464,40.210,72357.266,7,1,1,0
8388,25080337,0,27.656,975.458,40.359,72173.664,8,1,1,0
8389,25083327,0,27.633,975.467,40.439,71388.734,9,1,1,0
8390,25086317,0,27.588,975.459,40.422,72480.180,0,1,1,0
8391,25089307,0,27.558,975.456,40.483,72851.453,1,1,1,0
8392,25092297,0,27.535,975.480,40.492,72418.672,2,1,1,0
8393,25095287,0,27.515,975.469,40.578,72480.180,3,1,1,0
8394,25098277,0,27.478,975.465,40.662,72357.266,4,1,1,0
8395,25101267,0,27.447,975.450,40.700,71508.383,5,1,1,0
8396,25104257,0,27.422,975.480,40.674,71809.258,6,1,1,0
8397,25107247,0,27.392,975.485,40.764,72851.453,7,1,1,0
8398,25110237,0,27.372,975.461,40.774,72851.453,8,1,1,0
8399,25113227,0,27.354,975.456,40.819,72295.961,9,1,1,0
8400,25116217,0,27.347,975.473,40.853,72976.055,0,1,1,0
8401,25119207,0,27.332,975.465,40.910,72913.703,1,1,1,0
8402,25122197,0,27.334,975.476,40.981,72789.312,2,1,1,0
8403,25125187,0,27.339,975.464,41.123,72976.055,3,1,1,0
8404,25128177,0,27.337,975.469,41.187,72418.672,4,1,1,0
8405,25131167,0,27.327,975.474,41.239,73038.516,5,1,1,0
8406,25134157,0,27.307,975.472,41.231,73289.438,6,1,1,0
8407,25137147,0,27.279,975.450,41.098,72295.961,7,1,1,0
8408,25140137,0,27.274,975.461,41.092,72480.180,8,1,1,0
8409,25143127,0,27.264,975.451,41.103,72173.664,9,1,1,0
8410,25146117,0,27.277,975.480,41.128,72295.961,0,1,1,0
8411,25149107,0,27.294,975.484,41.130,73163.758,1,1,1,0
8412,25152097,0,27.309,975.481,41.067,73289.438,2,1,1,0
8413,25155087,0,27.319,975.493,41.121,73605.523,3,1,1,0
8414,25158077,0,27.339,975.483,41.135,73163.758,4,1,1,0
8415,25161067,0,27.354,975.477,41.095,72665.344,5,1,1,0
8416,25164057,0,27.349,975.475,41.065,72295.961,6,1,1,0
8417,25167047,0,27.357,975.488,41.066,73289.438,7,1,1,0
8418,25170037,0,27.342,975.476,41.041,72418.672,8,1,1,0
8419,25173027,0,27.319,975.473,41.026,72727.273,9,1,1,0
8420,25176017,0,27.297,975.498,40.989,72295.961,0,1,1,0
8421,25179007,0,27.256,975.465,40.984,73478.758,1,1,1,0
8422,25181997,0,27.219,975.464,40.939,72541.797,2,1,1,0
8423,25184987,0,27.181,975.473,40.988,72295.961,3,1,1,0
8424,25187977,0,27.153,975.486,41.114,73101.086,4,1,1,0
8425,25190967,0,27.126,975.493,41.240,72727.273,5,1,1,0
8426,25193957,0,27.090,975.481,41.342,72418.672,6,1,1,0
8427,25196947,0,27.065,975.460,41.457,71930.320,7,1,1,0
8428,25199937,0,27.038,975.468,41.590,72295.961,8,1,1,0
8429,25202927,0,27.018,975.454,41.570,72665.344,9,1,1,0
8430,25205917,0,27.005,975.471,41.527,72418.672,0,1,1,0
8431,25208907,0,26.997,975.451,41.538,72851.453,1,1,1,0
8432,25211897,0,27.008,975.464,41.622,73163.758,2,1,1,0
8433,25214887,0,27.020,975.451,41.777,72603.516,3,1,1,0
8434,25217877,0,27.038,975.456,41.903,72418.672,4,1,1,0
8435,25220867,0,27.073,975.473,42.037,72234.766,5,1,1,0
8436,25223857,0,27.121,975.426,42.137,72051.789,6,1,1,0
8437,25226847,0,27.201,975.480,42.182,71628.430,7,1,1,0
8438,25229837,0,27.277,975.455,42.155,72913.703,8,1,1,0
8439,25232827,0,27.347,975.482,42.092,72913.703,9,1,1,0
8440,25235817,0,27.402,975.488,41.867,71748.883,0,1,1,0
8441,25238807,0,27.437,975.474,41.700,72665.344,1,1,1,0
8442,25241797,0,27.452,975.477,41.560,73038.516,2,1,1,0
8443,25244787,0,27.463,975.496,41.443,72789.312,3,1,1,0
8444,25247777,0,27.455,975.497,41.301,72789.312,4,1,1,0
8445,25250767,0,27.430,975.494,41.168,72727.273,5,1,1,0
8446,25253757,0,27.392,975.485,41.152,73101.086,6,1,1,0
8447,25256747,0,27.357,975.483,41.131,72295.961,7,1,1,0
8448,25259737,0,27.319,975.476,41.203,72851.453,8,1,1,0
8449,25262727,0,27.284,975.488,41.305,71748.883,9,1,1,0
8450,25265717,0,27.254,975.475,41.414,73038.516,0,1,1,0
8451,25268707,0,27.226,975.459,41.470,72418.672,1,1,1,0
8452,25271697,0,27.209,975.493,41.438,71809.258,2,1,1,0
8453,25274687,0,27.181,975.454,41.406,72112.680,3,1,1,0
8454,25277677,0,27.173,975.457,41.411,73542.086,4,1,1,0
8455,25280667,0,27.176,975.452,41.493,72357.266,5,1,1,0
8456,25283657,0,27.181,975.466,41.577,71809.258,6,1,1,0
8457,25286647,0,27.199,975.457,41.673,72173.664,7,1,1,0
8458,25289637,0,27.214,975.447,41.734,73352.438,8,1,1,0
8459,25292627,0,27.236,975.458,41.784,72789.312,9,1,1,0
8460,25295617,0,27.264,975.456,41.846,72913.703,0,1,1,0
8461,25298607,0,27.297,975.486,41.861,71388.734,1,1,1,0
8462,25301597,0,27.327,975.475,41.770,73163.758,2,1,1,0
8463,25304587,0,27.370,975.478,41.686,72480.180,3,1,1,0
8464,25307577,0,27.402,975.474,41.649,71991.000,4,1,1,0
8465,25310567,0,27.417,975.485,41.568,72603.516,5,1,1,0
8466,25313557,0,27.415,975.482,41.426,72665.344,6,1,1,0
8467,25316547,0,27.397,975.475,41.235,73038.516,7,1,1,0
8468,25319537,0,27.372,975.486,41.138,72295.961,8,1,1,0
8469,25322527,0,27.332,975.488,41.040,72480.180,9,1,1,0
8470,25325517,0,27.294,975.441,41.006,73669.062,0,1,1,0
8471,25328507,0,27.251,975.475,40.966,73163.758,1,1,1,0
8472,25331497,0,27.214,975.458,40.991,72173.664,2,1,1,0
8473,25334487,0,27.166,975.446,41.068,72789.312,3,1,1,0
8474,25337477,0,27.141,975.442,41.083,72913.703,4,1,1,0
8475,25340467,0,27.113,975.483,41.203,72789.312,5,1,1,0
8476,25343457,0,27.073,975.464,41.187,72665.344,6,1,1,0
8477,25346447,0,27.055,975.464,41.150,74245.938,7,1,1,0
8478,25349437,0,27.045,975.470,41.102,73226.547,8,1,1,0
8479,25352427,0,27.045,975.467,41.196,73101.086,9,1,1,0
8480,25355417,0,27.068,975.476,41.257,73415.547,0,1,1,0
8481,25358407,0,27.116,975.481,41.280,73163.758,1,1,1,0
8482,25361397,0,27.161,975.465,41.315,73352.438,2,1,1,0
8483,25364387,0,27.206,975.457,41.367,72541.797,3,1,1,0
8484,25367377,0,27.246,975.460,41.407,73605.523,4,1,1,0
8485,25370367,0,27.284,975.474,41.340,73732.719,5,1,1,0
8486,25373357,0,27.304,975.495,41.231,73163.758,6,1,1,0
8487,25376347,0,27.302,975.475,41.136,72913.703,7,1,1,0
8488,25379337,0,27.307,975.479,41.049,73669.062,8,1,1,0
8489,25382327,0,27.302,975.472,41.007,73796.484,9,1,1,0
8490,25385317,0,27.289,975.465,40.935,73226.547,0,1,1,0
8491,25388307,0,27.279,975.479,40.893,73796.484,1,1,1,0
8492,25391297,0,27.266,975.465,40.897,72976.055,2,1,1,0
8493,25394287,0,27.279,975.475,40.957,72603.516,3,1,1,0
8494,25397277,0,27.304,975.477,41.001,73988.438,4,1,1,0
8495,25400267,0,27.334,975.506,41.005,74181.398,5,1,1,0
8496,25403257,0,27.357,975.474,41.031,72789.312,6,1,1,0
8497,25406247,0,27.405,975.492,41.142,73924.344,7,1,1,0
8498,25409237,0,27.450,975.477,41.194,73732.719,8,1,1,0
8499,25412227,0,27.495,975.482,41.176,73352.438,9,1,1,0
8500,25415217,0,27.523,975.486,41.132,73163.758,0,1,1,0
8501,25418207,0,27.543,975.491,41.087,73669.062,1,1,1,0
8502,25421197,0,27.551,975.492,40.993,73289.438,2,1,1,0
8503,25424187,0,27.533,975.492,40.803,73478.758,3,1,1,0
8504,25427177,0,27.508,975.479,40.683,73038.516,4,1,1,0
8505,25430167,0,27.490,975.478,40.658,73669.062,5,1,1,0
8506,25433157,0,27.470,975.489,40.708,73163.758,6,1,1,0
8507,25436147,0,27.455,975.481,40.736,73924.344,7,1,1,0
8508,25439137,0,27.432,975.495,40.780,73542.086,8,1,1,0
8509,25442127,0,27.407,975.470,40.807,73289.438,9,1,1,0
8510,25445117,0,27.390,975.476,40.834,73163.758,0,1,1,0
8511,25448107,0,27.352,975.468,40.860,73669.062,1,1,1,0
8512,25451097,0,27.332,975.456,40.916,72541.797,2,1,1,0
8513,25454087,0,27.297,975.496,40.930,73352.438,3,1,1,0
8514,25457077,0,27.256,975.470,40.925,73796.484,4,1,1,0
8515,25460067,0,27.204,975.463,40.949,73669.062,5,1,1,0
8516,25463057,0,27.161,975.463,40.974,73669.062,6,1,1,0
8517,25466047,0,27.118,975.472,40.969,73478.758,7,1,1,0
8518,25469037,0,27.080,975.484,40.988,73101.086,8,1,1,0
8519,25472027,0,27.043,975.460,41.001,72851.453,9,1,1,0
8520,25475017,0,27.008,975.477,41.033,73038.516,0,1,1,0
8521,25478007,0,26.962,975.459,41.092,73352.438,1,1,1,0
8522,25480997,0,26.930,975.476,41.218,73289.438,2,1,1,0
8523,25483987,0,26.892,975.477,41.326,73605.523,3,1,1,0
8524,25486977,0,26.852,975.470,41.422,73163.758,4,1,1,0
8525,25489967,0,26.816,975.487,41.506,73924.344,5,1,1,0
8526,25492957,0,26.774,975.486,41.590,73038.516,6,1,1,0
8527,25495947,0,26.734,975.479,41.680,73542.086,7,1,1,0
8528,25498937,0,26.696,975.476,41.776,73415.547,8,1,1,0
8529,25501927,0,26.658,975.481,41.860,73796.484,9,1,1,0
8530,25504917,0,26.618,975.469,41.926,73796.484,0,1,1,0
8531,25507907,0,26.573,975.467,41.951,73924.344,1,1,1,0
8532,25510897,0,26.530,975.485,41.999,73669.062,2,1,1,0
8533,25513887,0,26.495,975.468,42.066,74181.398,3,1,1,0
8534,25516877,0,26.462,975.484,42.151,73478.758,4,1,1,0
8535,25519867,0,26.424,975.472,42.182,73924.344,5,1,1,0
8536,25522857,0,26.402,975.463,42.268,74181.398,6,1,1,0
8537,25525847,0,26.366,975.467,42.412,73924.344,7,1,1,0
8538,25528837,0,26.336,975.479,42.474,74505.242,8,1,1,0
8539,25531827,0,26.306,975.468,42.536,74181.398,9,1,1,0
8540,25534817,0,26.289,975.493,42.623,73988.438,0,1,1,0
8541,25537807,0,26.263,975.479,42.632,74310.594,1,1,1,0
8542,25540797,0,26.251,975.492,42.684,74505.242,2,1,1,0
8543,25543787,0,26.223,975.508,42.698,74310.594,3,1,1,0
8544,25546777,0,26.186,975.487,42.712,74310.594,4,1,1,0
8545,25549767,0,26.160,975.490,42.768,74052.648,5,1,1,0
8546,25552757,0,26.143,975.509,42.843,74505.242,6,1,1,0
8547,25555747,0,26.125,975.497,42.925,73542.086,7,1,1,0
8548,25558737,0,26.113,975.496,42.983,75095.336,8,1,1,0
8549,25561727,0,26.092,975.492,43.028,74831.922,9,1,1,0
8550,25564717,0,26.075,975.486,43.091,74245.938,0,1,1,0
8551,25567707,0,26.060,975.477,43.060,74700.906,1,1,1,0
8552,25570697,0,26.040,975.504,43.034,74963.398,2,1,1,0
8553,25573687,0,26.015,975.461,43.072,75227.742,3,1,1,0
8554,25576677,0,25.992,975.463,43.111,74505.242,4,1,1,0
8555,25579667,0,25.977,975.489,43.145,74440.242,5,1,1,0
8556,25582657,0,25.957,975.466,43.214,74375.359,6,1,1,0
8557,25585647,0,25.934,975.487,43.212,75095.336,7,1,1,0
8558,25588637,0,25.919,975.514,43.246,75161.477,8,1,1,0
8559,25591627,0,25.904,975.485,43.315,75227.742,9,1,1,0
8560,25594617,0,25.886,975.481,43.361,74766.352,0,1,1,0
8561,25597607,0,25.869,975.494,43.442,75095.336,1,1,1,0
8562,25600597,0,25.859,975.501,43.477,74440.242,2,1,1,0
8563,25603587,0,25.826,975.473,43.479,74897.602,3,1,1,0
8564,25606577,0,25.816,975.495,43.484,74766.352,4,1,1,0
8565,25609567,0,25.798,975.501,43.559,75029.305,5,1,1,0
8566,25612557,0,25.786,975.509,43.647,75360.609,6,1,1,0
8567,25615547,0,25.781,975.503,43.712,74897.602,7,1,1,0
8568,25618537,0,25.768,975.501,43.734,74897.602,8,1,1,0
8569,25621527,0,25.756,975.510,43.763,75095.336,9,1,1,0
8570,25624517,0,25.751,975.519,43.816,74766.352,0,1,1,0
8571,25627507,0,25.738,975.537,43.850,74963.398,1,1,1,0
8572,25630497,0,25.725,975.526,43.873,75095.336,2,1,1,0
8573,25633487,0,25.715,975.530,43.860,74700.906,3,1,1,0
8574,25636477,0,25.700,975.520,43.864,75227.742,4,1,1,0
8575,25639467,0,25.695,975.520,43.899,74310.594,5,1,1,0
8576,25642457,0,25.690,975.535,43.887,74766.352,6,1,1,0
8577,25645447,0,25.680,975.526,43.915,75095.336,7,1,1,0
8578,25648437,0,25.675,975.513,43.897,74897.602,8,1,1,0
8579,25651427,0,25.665,975.521,43.925,75427.227,9,1,1,0
8580,25654417,0,25.653,975.506,43.930,74375.359,0,1,1,0
8581,25657407,0,25.655,975.518,44.008,74766.352,1,1,1,0
8582,25660397,0,25.653,975.545,44.055,74766.352,2,1,1,0
8583,25663387,0,25.648,975.505,44.073,75095.336,3,1,1,0
8584,25666377,0,25.643,975.524,44.132,74897.602,4,1,1,0
8585,25669367,0,25.637,975.536,44.179,74963.398,5,1,1,0
8586,25672357,0,25.622,975.535,44.177,75095.336,6,1,1,0
8587,25675347,0,25.622,975.530,44.183,74700.906,7,1,1,0
8588,25678337,0,25.605,975.525,44.187,74440.242,8,1,1,0
8589,25681327,0,25.592,975.511,44.162,74831.922,9,1,1,0
8590,25684317,0,25.595,975.522,44.246,74700.906,0,1,1,0
8591,25687307,0,25.590,975.536,44.353,74700.906,1,1,1,0
8592,25690297,0,25.590,975.516,44.401,74570.344,2,1,1,0
8593,25693287,0,25.587,975.509,44.431,74963.398,3,1,1,0
8594,25696277,0,25.585,975.521,44.418,74897.602,4,1,1,0
8595,25699267,0,25.590,975.508,44.461,74440.242,5,1,1,0
8596,25702257,0,25.600,975.546,44.486,74245.938,6,1,1,0
8597,25705247,0,25.585,975.521,44.436,74505.242,7,1,1,0
8598,25708237,0,25.587,975.527,44.383,74570.344,8,1,1,0
8599,25711227,0,25.585,975.559,44.388,74440.242,9,1,1,0
8600,25714217,0,25.577,975.526,44.417,74181.398,0,1,1,0
8601,25717207,0,25.572,975.513,44.399,74766.352,1,1,1,0
8602,25720197,0,25.572,975.540,44.429,74181.398,2,1,1,0
8603,25723187,0,25.572,975.553,44.405,74505.242,3,1,1,0
8604,25726177,0,25.562,975.502,44.422,74635.570,4,1,1,0
8605,25729167,0,25.557,975.537,44.457,74700.906,5,1,1,0
8606,25732157,0,25.552,975.508,44.516,74831.922,6,1,1,0
8607,25735147,0,25.557,975.528,44.523,74052.648,7,1,1,0
8608,25738137,0,25.552,975.556,44.474,74831.922,8,1,1,0
8609,25741127,0,25.552,975.524,44.510,74635.570,9,1,1,0
8610,25744117,0,25.549,975.533,44.516,75095.336,0,1,1,0
8611,25747107,0,25.552,975.528,44.516,74700.906,1,1,1,0
8612,25750097,0,25.552,975.521,44.516,74700.906,2,1,1,0
8613,25753087,0,25.555,975.555,44.558,74963.398,3,1,1,0
8614,25756077,0,25.555,975.541,44.594,73924.344,4,1,1,0
8615,25759067,0,25.542,975.543,44.563,74635.570,5,1,1,0
8616,25762057,0,25.534,975.537,44.556,74570.344,6,1,1,0
8617,25765047,0,25.539,975.536,44.551,73924.344,7,1,1,0
8618,25768037,0,25.534,975.550,44.598,74181.398,8,1,1,0
8619,25771027,0,25.527,975.536,44.549,74440.242,9,1,1,0
8620,25774017,0,25.519,975.525,44.524,74245.938,0,1,1,0
8621,25777007,0,25.519,975.529,44.536,74635.570,1,1,1,0
8622,25779997,0,25.512,975.512,44.535,74116.969,2,1,1,0
8623,25782987,0,25.514,975.526,44.548,74635.570,3,1,1,0
8624,25785977,0,25.509,975.524,44.517,74963.398,4,1,1,0
8625,25788967,0,25.514,975.523,44.518,75029.305,5,1,1,0
8626,25791957,0,25.509,975.533,44.475,74700.906,6,1,1,0
8627,25794947,0,25.494,975.502,44.473,74181.398,7,1,1,0
8628,25797937,0,25.489,975.501,44.449,74181.398,8,1,1,0
8629,25800927,0,25.489,975.519,44.467,74831.922,9,1,1,0
8630,25803917,0,25.484,975.531,44.472,74700.906,0,1,1,0
8631,25806907,0,25.482,975.549,44.496,75095.336,1,1,1,0
8632,25809897,0,25.479,975.540,44.520,74635.570,2,1,1,0
8633,25812887,0,25.474,975.525,44.531,75029.305,3,1,1,0
8634,25815877,0,25.474,975.520,44.543,74310.594,4,1,1,0
8635,25818867,0,25.477,975.527,44.537,74831.922,5,1,1,0
8636,25821857,0,25.469,975.526,44.548,74897.602,6,1,1,0
8637,25824847,0,25.469,975.534,44.518,74245.938,7,1,1,0
8638,25827837,0,25.467,975.523,44.506,75095.336,8,1,1,0
8639,25830827,0,25.464,975.524,44.566,74245.938,9,1,1,0
8640,25833817,0,25.472,975.548,44.687,74375.359,0,1,1,0
8641,25836807,0,25.477,975.525,44.831,73988.438,1,1,1,0
8642,25839797,0,25.474,975.518,44.861,74440.242,2,1,1,0
8643,25842787,0,25.477,975.527,44.831,73924.344,3,1,1,0
8644,25845777,0,25.477,975.525,44.783,75029.305,4,1,1,0
8645,25848767,0,25.487,975.542,44.784,74052.648,5,1,1,0
8646,25851757,0,25.474,975.536,44.765,74181.398,6,1,1,0
8647,25854747,0,25.479,975.533,44.819,74052.648,7,1,1,0
8648,25857737,0,25.489,975.558,44.905,74052.648,8,1,1,0
8649,25860727,0,25.479,975.531,44.915,74505.242,9,1,1,0
8650,25863717,0,25.477,975.522,44.903,74181.398,0,1,1,0
8651,25866707,0,25.487,975.526,44.916,73988.438,1,1,1,0
8652,25869697,0,25.489,975.535,44.929,74052.648,2,1,1,0
8653,25872687,0,25.497,975.534,44.936,73988.438,3,1,1,0
8654,25875677,0,25.492,975.516,44.941,73924.344,4,1,1,0
8655,25878667,0,25.502,975.529,44.990,73860.359,5,1,1,0
8656,25881657,0,25.497,975.527,45.056,73924.344,6,1,1,0
8657,25884647,0,25.507,975.538,45.051,74635.570,7,1,1,0
8658,25887637,0,25.509,975.540,44.967,74700.906,8,1,1,0
8659,25890627,0,25.499,975.527,44.936,74181.398,9,1,1,0
8660,25893617,0,25.514,975.532,44.896,74310.594,0,1,1,0
8661,25896607,0,25.557,975.521,44.913,73415.547,1,1,1,0
8662,25899597,0,25.602,975.537,44.948,74375.359,2,1,1,0
8663,25902587,0,25.645,975.541,44.947,73924.344,3,1,1,0
8664,25905577,0,25.673,975.521,44.902,73415.547,4,1,1,0
8665,25908567,0,25.680,975.524,44.867,73542.086,5,1,1,0
8666,25911557,0,25.690,975.502,44.766,73796.484,6,1,1,0
8667,25914547,0,25.690,975.521,44.706,73415.547,7,1,1,0
8668,25917537,0,25.688,975.535,44.652,73669.062,8,1,1,0
8669,25920527,0,25.678,975.524,44.627,74052.648,9,1,1,0
8670,25923517,0,25.675,975.527,44.651,74245.938,0,1,1,0
8671,25926507,0,25.685,975.540,44.646,73163.758,1,1,1,0
8672,25929497,0,25.685,975.523,44.634,73988.438,2,1,1,0
8673,25932487,0,25.678,975.522,44.591,73415.547,3,1,1,0
8674,25935477,0,25.678,975.533,44.549,73860.359,4,1,1,0
8675,25938467,0,25.665,975.514,44.542,73796.484,5,1,1,0
8676,25941457,0,25.660,975.535,44.589,73860.359,6,1,1,0
8677,25944447,0,25.650,975.537,44.570,74181.398,7,1,1,0
8678,25947437,0,25.630,975.522,44.489,73415.547,8,1,1,0
8679,25950427,0,25.627,975.529,44.501,73542.086,9,1,1,0
8680,25953417,0,25.610,975.541,44.487,74245.938,0,1,1,0
8681,25956407,0,25.605,975.541,44.486,74310.594,1,1,1,0
8682,25959397,0,25.592,975.533,44.533,74310.594,2,1,1,0
8683,25962387,0,25.582,975.514,44.562,73605.523,3,1,1,0
8684,25965377,0,25.585,975.527,44.592,74245.938,4,1,1,0
8685,25968367,0,25.580,975.528,44.603,73542.086,5,1,1,0
8686,25971357,0,25.577,975.499,44.567,74245.938,6,1,1,0
8687,25974347,0,25.577,975.508,44.579,73669.062,7,1,1,0
8688,25977337,0,25.572,975.526,44.555,73796.484,8,1,1,0
8689,25980327,0,25.572,975.526,44.519,74375.359,9,1,1,0
8690,25983317,0,25.565,975.522,44.494,74116.969,0,1,1,0
8691,25986307,0,25.565,975.529,44.518,73542.086,1,1,1,0
8692,25989297,0,25.562,975.518,44.493,73796.484,2,1,1,0
8693,25992287,0,25.557,975.519,44.469,73732.719,3,1,1,0
8694,25995277,0,25.555,975.521,44.433,74052.648,4,1,1,0
8695,25998267,0,25.547,975.510,44.432,73924.344,5,1,1,0
8696,26001257,0,25.534,975.509,44.430,74245.938,6,1,1,0
8697,26004247,0,25.544,975.547,44.425,73988.438,7,1,1,0
8698,26007237,0,25.534,975.542,44.394,74116.969,8,1,1,0
8699,26010227,0,25.529,975.517,44.394,74570.344,9,1,1,0
8700,26013217,0,25.524,975.519,44.393,74766.352,0,1,1,0
8701,26016207,0,25.519,975.502,44.429,74505.242,1,1,1,0
8702,26019197,0,25.532,975.528,44.430,74181.398,2,1,1,0
8703,26022187,0,25.524,975.506,44.477,73924.344,3,1,1,0
8704,26025177,0,25.549,975.538,44.468,74440.242,4,1,1,0
8705,26028167,0,25.557,975.532,44.481,74700.906,5,1,1,0
8706,26031157,0,25.572,975.524,44.417,74635.570,6,1,1,0
8707,26034147,0,25.562,975.513,44.422,74440.242,7,1,1,0
8708,26037137,0,25.570,975.535,44.393,74440.242,8,1,1,0
8709,26040127,0,25.567,975.534,44.410,74570.344,9,1,1,0
8710,26043117,0,25.570,975.524,44.422,74052.648,0,1,1,0
8711,26046107,0,25.565,975.529,44.458,73732.719,1,1,1,0
8712,26049097,0,25.565,975.534,44.446,73988.438,2,1,1,0
8713,26052087,0,25.560,975.509,44.469,73732.719,3,1,1,0
8714,26055077,0,25.562,975.530,44.458,74181.398,4,1,1,0
8715,26058067,0,25.562,975.541,44.493,74440.242,5,1,1,0
8716,26061057,0,25.547,975.513,44.492,74310.594,6,1,1,0
8717,26064047,0,25.547,975.524,44.474,74181.398,7,1,1,0
8718,26067037,0,25.547,975.529,44.552,74052.648,8,1,1,0
8719,26070027,0,25.555,975.539,44.612,73924.344,9,1,1,0
8720,26073017,0,25.549,975.515,44.612,73478.758,0,1,1,0
8721,26076007,0,25.549,975.519,44.588,73796.484,1,1,1,0
8722,26078997,0,25.552,975.528,44.564,74245.938,2,1,1,0
8723,26081987,0,25.547,975.549,44.540,73796.484,3,1,1,0
8724,26084977,0,25.547,975.526,44.546,74181.398,4,1,1,0
8725,26087967,0,25.539,975.513,44.539,74245.938,5,1,1,0
8726,26090957,0,25.544,975.536,44.479,73860.359,6,1,1,0
8727,26093947,0,25.549,975.506,44.462,73860.359,7,1,1,0
8728,26096937,0,25.552,975.526,44.468,74181.398,8,1,1,0
8729,26099927,0,25.552,975.521,44.432,74310.594,9,1,1,0
8730,26102917,0,25.552,975.548,44.378,74310.594,0,1,1,0
8731,26105907,0,25.549,975.540,44.414,74440.242,1,1,1,0
8732,26108897,0,25.544,975.522,44.431,74375.359,2,1,1,0
8733,26111887,0,25.544,975.527,44.473,74440.242,3,1,1,0
8734,26114877,0,25.532,975.526,44.490,74310.594,4,1,1,0
8735,26117867,0,25.522,975.525,44.465,74505.242,5,1,1,0
8736,26120857,0,25.517,975.511,44.446,74831.922,6,1,1,0
8737,26123847,0,25.502,975.533,44.456,74245.938,7,1,1,0
8738,26126837,0,25.502,975.538,44.516,74052.648,8,1,1,0
8739,26129827,0,25.494,975.539,44.521,74052.648,9,1,1,0
8740,26132817,0,25.482,975.554,44.520,74052.648,0,1,1,0
8741,26135807,0,25.472,975.536,44.495,74181.398,1,1,1,0
8742,26138797,0,25.459,975.538,44.499,74766.352,2,1,1,0
8743,26141787,0,25.444,975.519,44.504,74245.938,3,1,1,0
8744,26144777,0,25.446,975.551,44.522,74440.242,4,1,1,0
8745,26147767,0,25.444,975.542,44.569,74310.594,5,1,1,0
8746,26150757,0,25.444,975.537,44.605,73988.438,6,1,1,0
8747,26153747,0,25.441,975.533,44.617,74245.938,7,1,1,0
8748,26156737,0,25.431,975.532,44.664,74375.359,8,1,1,0
8749,26159727,0,25.444,975.546,44.725,73924.344,9,1,1,0
8750,26162717,0,25.441,975.531,44.731,74052.648,0,1,1,0
8751,26165707,0,25.426,975.526,44.669,74245.938,1,1,1,0
8752,26168697,0,25.431,975.520,44.682,74181.398,2,1,1,0
8753,26171687,0,25.431,975.532,44.670,74635.570,3,1,1,0
8754,26174677,0,25.434,975.549,44.682,73924.344,4,1,1,0
8755,26177667,0,25.431,975.539,44.664,73924.344,5,1,1,0
8756,26180657,0,25.429,975.532,44.658,73796.484,6,1,1,0
8757,26183647,0,25.439,975.554,44.647,73796.484,7,1,1,0
8758,26186637,0,25.421,975.528,44.645,74440.242,8,1,1,0
8759,26189627,0,25.431,975.541,44.652,73924.344,9,1,1,0
8760,26192617,0,25.431,975.520,44.664,74505.242,0,1,1,0
8761,26195607,0,25.434,975.525,44.670,74181.398,1,1,1,0
8762,26198597,0,25.429,975.532,44.675,74181.398,2,1,1,0
8763,26201587,0,25.434,975.540,44.724,74181.398,3,1,1,0
8764,26204577,0,25.424,975.514,44.705,74635.570,4,1,1,0
8765,26207567,0,25.431,975.525,44.694,74310.594,5,1,1,0
8766,26210557,0,25.426,975.535,44.687,74440.242,6,1,1,0
8767,26213547,0,25.421,975.526,44.663,74116.969,7,1,1,0
8768,26216537,0,25.424,975.525,44.705,74181.398,8,1,1,0
8769,26219527,0,25.414,975.513,44.740,73860.359,9,1,1,0
8770,26222517,0,25.406,975.516,44.751,74440.242,0,1,1,0
8771,26225507,0,25.411,975.540,44.775,74700.906,1,1,1,0
8772,26228497,0,25.401,975.533,44.798,74440.242,2,1,1,0
8773,26231487,0,25.401,975.521,44.804,74700.906,3,1,1,0
8774,26234477,0,25.391,975.522,44.821,74052.648,4,1,1,0
8775,26237467,0,25.396,975.531,44.840,74052.648,5,1,1,0
8776,26240457,0,25.389,975.534,44.857,73924.344,6,1,1,0
8777,26243447,0,25.391,975.524,44.863,74116.969,7,1,1,0
8778,26246437,0,25.389,975.520,44.881,73924.344,8,1,1,0
8779,26249427,0,25.386,975.520,44.892,73860.359,9,1,1,0
8780,26252417,0,25.391,975.536,44.893,73860.359,0,1,1,0
8781,26255407,0,25.391,975.536,44.869,73924.344,1,1,1,0
8782,26258397,0,25.374,975.542,44.801,73860.359,2,1,1,0
8783,26261387,0,25.371,975.525,44.747,74116.969,3,1,1,0
8784,26264377,0,25.366,975.543,44.722,74570.344,4,1,1,0
8785,26267367,0,25.351,975.533,44.720,74375.359,5,1,1,0
8786,26270357,0,25.341,975.528,44.671,74181.398,6,1,1,0
8787,26273347,0,25.333,975.524,44.670,74700.906,7,1,1,0
8788,26276337,0,25.318,975.509,44.662,74245.938,8,1,1,0
8789,26279327,0,25.321,975.525,44.693,74181.398,9,1,1,0
8790,26282317,0,25.321,975.532,44.699,74375.359,0,1,1,0
8791,26285307,0,25.308,975.531,44.709,74181.398,1,1,1,0
8792,26288297,0,25.313,975.531,44.728,74181.398,2,1,1,0
8793,26291287,0,25.306,975.542,44.703,74440.242,3,1,1,0
8794,26294277,0,25.293,975.514,44.689,74375.359,4,1,1,0
8795,26297267,0,25.293,975.528,44.713,73732.719,5,1,1,0
8796,26300257,0,25.286,975.526,44.755,75029.305,6,1,1,0
8797,26303247,0,25.286,975.529,44.857,73924.344,7,1,1,0
8798,26306237,0,25.286,975.533,44.881,73605.523,8,1,1,0
8799,26309227,0,25.286,975.524,44.911,74505.242,9,1,1,0
8800,26312217,0,25.278,975.525,44.946,74310.594,0,1,1,0
8801,26315207,0,25.275,975.512,44.987,74766.352,1,1,1,0
8802,26318197,0,25.275,975.532,45.029,74245.938,2,1,1,0
8803,26321187,0,25.268,975.528,45.047,74505.242,3,1,1,0
8804,26324177,0,25.268,975.546,45.083,73732.719,4,1,1,0
8805,26327167,0,25.258,975.529,45.123,73605.523,5,1,1,0
8806,26330157,0,25.258,975.516,45.172,74505.242,6,1,1,0
8807,26333147,0,25.248,975.510,45.182,74181.398,7,1,1,0
8808,26336137,0,25.255,975.536,45.183,73924.344,8,1,1,0
8809,26339127,0,25.258,975.541,45.190,73988.438,9,1,1,0
8810,26342117,0,25.253,975.543,45.177,73860.359,0,1,1,0
8811,26345107,0,25.250,975.543,45.189,74310.594,1,1,1,0
8812,26348097,0,25.258,975.534,45.190,73924.344,2,1,1,0
8813,26351087,0,25.253,975.521,45.177,74116.969,3,1,1,0
8814,26354077,0,25.250,975.535,45.165,74116.969,4,1,1,0
8815,26357067,0,25.253,975.534,45.159,74570.344,5,1,1,0
8816,26360057,0,25.258,975.522,45.160,74635.570,6,1,1,0
8817,26363047,0,25.263,975.533,45.124,73988.438,7,1,1,0
8818,26366037,0,25.263,975.529,45.124,73988.438,8,1,1,0
8819,26369027,0,25.270,975.532,45.125,74440.242,9,1,1,0
8820,26372017,0,25.270,975.528,45.113,73988.438,0,1,1,0
8821,26375007,0,25.270,975.526,45.107,73924.344,1,1,1,0
8822,26377997,0,25.275,975.527,45.096,74116.969,2,1,1,0
8823,26380987,0,25.283,975.518,45.078,73860.359,3,1,1,0
8824,26383977,0,25.288,975.538,45.049,73542.086,4,1,1,0
8825,26386967,0,25.281,975.516,45.036,74440.242,5,1,1,0
8826,26389957,0,25.288,975.538,45.049,74181.398,6,1,1,0
8827,26392947,0,25.286,975.544,45.013,74116.969,7,1,1,0
8828,26395937,0,25.283,975.531,45.036,73732.719,8,1,1,0
8829,26398927,0,25.278,975.532,45.048,74181.398,9,1,1,0
8830,26401917,0,25.281,975.527,45.090,74052.648,0,1,1,0
8831,26404907,0,25.283,975.538,45.169,74181.398,1,1,1,0
8832,26407897,0,25.281,975.543,45.204,73924.344,2,1,1,0
8833,26410887,0,25.275,975.532,45.240,74310.594,3,1,1,0
8834,26413877,0,25.275,975.532,45.318,73669.062,4,1,1,0
8835,26416867,0,25.281,975.543,45.373,73796.484,5,1,1,0
8836,26419857,0,25.278,975.546,45.433,73605.523,6,1,1,0
8837,26422847,0,25.270,975.539,45.432,73796.484,7,1,1,0
8838,26425837,0,25.258,975.541,45.382,73924.344,8,1,1,0
8839,26428827,0,25.258,975.543,45.346,74375.359,9,1,1,0
8840,26431817,0,25.253,975.548,45.339,73924.344,0,1,1,0
8841,26434807,0,25.240,975.533,45.356,74052.648,1,1,1,0
8842,26437797,0,25.238,975.541,45.326,74375.359,2,1,1,0
8843,26440787,0,25.233,975.537,45.373,74181.398,3,1,1,0
8844,26443777,0,25.235,975.532,45.397,74440.242,4,1,1,0
8845,26446767,0,25.233,975.534,45.403,73796.484,5,1,1,0
8846,26449757,0,25.228,975.535,45.397,73796.484,6,1,1,0
8847,26452747,0,25.233,975.536,45.427,73669.062,7,1,1,0
8848,26455737,0,25.228,975.542,45.451,73924.344,8,1,1,0
8849,26458727,0,25.235,975.548,45.470,73669.062,9,1,1,0
8850,26461717,0,25.228,975.535,45.439,73924.344,0,1,1,0
8851,26464707,0,25.238,975.552,45.440,74181.398,1,1,1,0
8852,26467697,0,25.233,975.539,45.451,74116.969,2,1,1,0
8853,26470687,0,25.233,975.548,45.475,73669.062,3,1,1,0
8854,26473677,0,25.238,975.554,45.452,73924.344,4,1,1,0
8855,26476667,0,25.235,975.561,45.464,73605.523,5,1,1,0
8856,26479657,0,25.235,975.557,45.488,74181.398,6,1,1,0
8857,26482647,0,25.235,975.548,45.488,73796.484,7,1,1,0
8858,26485637,0,25.225,975.528,45.547,73605.523,8,1,1,0
8859,26488627,0,25.233,975.537,45.584,73860.359,9,1,1,0
8860,26491617,0,25.230,975.548,45.590,73732.719,0,1,1,0
8861,26494607,0,25.238,975.531,45.615,73924.344,1,1,1,0
8862,26497597,0,25.250,975.541,45.616,73478.758,2,1,1,0
8863,26500587,0,25.255,975.546,45.623,73924.344,3,1,1,0
8864,26503577,0,25.258,975.559,45.635,73732.719,4,1,1,0
8865,26506567,0,25.268,975.531,45.642,73924.344,5,1,1,0
8866,26509557,0,25.293,975.551,45.603,73605.523,6,1,1,0
8867,26512547,0,25.296,975.543,45.603,73163.758,7,1,1,0
8868,26515537,0,25.311,975.563,45.557,73669.062,8,1,1,0
8869,26518527,0,25.316,975.546,45.515,73542.086,9,1,1,0
8870,26521517,0,25.331,975.551,45.451,73860.359,0,1,1,0
8871,26524507,0,25.323,975.570,45.384,73352.438,1,1,1,0
8872,26527497,0,25.318,975.557,45.335,73796.484,2,1,1,0
8873,26530487,0,25.323,975.550,45.282,73415.547,3,1,1,0
8874,26533477,0,25.323,975.550,45.263,73542.086,4,1,1,0
8875,26536467,0,25.326,975.549,45.210,73478.758,5,1,1,0
8876,26539457,0,25.316,975.537,45.214,74440.242,6,1,1,0
8877,26542447,0,25.321,975.548,45.209,73924.344,7,1,1,0
8878,26545437,0,25.321,975.563,45.221,73542.086,8,1,1,0
8879,26548427,0,25.311,975.547,45.256,73732.719,9,1,1,0
8880,26551417,0,25.321,975.571,45.281,74181.398,0,1,1,0
8881,26554407,0,25.316,975.551,45.305,73796.484,1,1,1,0
8882,26557397,0,25.328,975.570,45.306,73352.438,2,1,1,0
8883,26560387,0,25.323,975.570,45.330,73732.719,3,1,1,0
8884,26563377,0,25.326,975.558,45.318,74052.648,4,1,1,0
8885,26566367,0,25.333,975.560,45.307,73415.547,5,1,1,0
8886,26569357,0,25.341,975.591,45.278,73860.359,6,1,1,0
8887,26572347,0,25.338,975.566,45.271,73732.719,7,1,1,0
8888,26575337,0,25.336,975.562,45.253,73924.344,8,1,1,0
8889,26578327,0,25.336,975.578,45.235,73669.062,9,1,1,0
8890,26581317,0,25.333,975.571,45.241,74052.648,0,1,1,0
8891,26584307,0,25.331,975.572,45.222,73732.719,1,1,1,0
8892,26587297,0,25.328,975.574,45.210,73988.438,2,1,1,0
8893,26590287,0,25.326,975.566,45.210,73796.484,3,1,1,0
8894,26593277,0,25.338,975.566,45.235,74245.938,4,1,1,0
8895,26596267,0,25.333,975.560,45.211,73796.484,5,1,1,0
8896,26599257,0,25.336,975.589,45.205,73542.086,6,1,1,0
8897,26602247,0,25.331,975.581,45.186,73415.547,7,1,1,0
8898,26605237,0,25.326,975.570,45.180,73732.719,8,1,1,0
8899,26608227,0,25.326,975.563,45.204,73605.523,9,1,1,0
8900,26611217,0,25.326,975.572,45.192,73732.719,0,1,1,0
8901,26614207,0,25.336,975.592,45.181,73732.719,1,1,1,0
8902,26617197,0,25.336,975.562,45.205,73478.758,2,1,1,0
8903,26620187,0,25.326,975.559,45.246,74181.398,3,1,1,0
8904,26623177,0,25.333,975.572,45.247,73924.344,4,1,1,0
8905,26626167,0,25.321,975.563,45.245,73924.344,5,1,1,0
8906,26629157,0,25.321,975.552,45.257,74052.648,6,1,1,0
8907,26632147,0,25.323,975.577,45.257,73924.344,7,1,1,0
8908,26635137,0,25.313,975.544,45.244,73860.359,8,1,1,0
8909,26638127,0,25.316,975.562,45.239,74181.398,9,1,1,0
8910,26641117,0,25.311,975.560,45.214,74440.242,0,1,1,0
8911,26644107,0,25.306,975.563,45.201,73924.344,1,1,1,0
8912,26647097,0,25.316,975.573,45.172,73924.344,2,1,1,0
8913,26650087,0,25.316,975.571,45.172,74181.398,3,1,1,0
8914,26653077,0,25.313,975.569,45.184,73924.344,4,1,1,0
8915,26656067,0,25.311,975.560,45.154,74570.344,5,1,1,0
8916,26659057,0,25.306,975.568,45.165,74766.352,6,1,1,0
8917,26662047,0,25.298,975.564,45.170,74181.398,7,1,1,0
8918,26665037,0,25.293,975.551,45.158,73924.344,8,1,1,0
8919,26668027,0,25.293,975.564,45.170,73796.484,9,1,1,0
8920,26671017,0,25.283,975.563,45.193,73542.086,0,1,1,0
8921,26674007,0,25.288,975.590,45.199,74375.359,1,1,1,0
8922,26676997,0,25.281,975.563,45.204,73988.438,2,1,1,0
8923,26679987,0,25.283,975.583,45.241,74570.344,3,1,1,0
8924,26682977,0,25.278,975.562,45.270,73924.344,4,1,1,0
8925,26685967,0,25.273,975.573,45.288,74052.648,5,1,1,0
8926,26688957,0,25.273,975.573,45.312,73924.344,6,1,1,0
8927,26691947,0,25.263,975.552,45.347,74052.648,7,1,1,0
8928,26694937,0,25.255,975.568,45.376,74700.906,8,1,1,0
8929,26697927,0,25.245,975.572,45.405,73796.484,9,1,1,0
8930,26700917,0,25.240,975.572,45.446,74440.242,0,1,1,0
8931,26703907,0,25.240,975.568,45.500,74052.648,1,1,1,0
8932,26706897,0,25.228,975.558,45.523,74245.938,2,1,1,0
8933,26709887,0,25.223,975.569,45.546,74052.648,3,1,1,0
8934,26712877,0,25.215,975.554,45.588,73796.484,4,1,1,0
8935,26715867,0,25.215,975.557,45.618,73796.484,5,1,1,0
8936,26718857,0,25.218,975.570,45.630,74116.969,6,1,1,0
8937,26721847,0,25.208,975.553,45.647,73289.438,7,1,1,0
8938,26724837,0,25.215,975.557,45.654,73732.719,8,1,1,0
8939,26727827,0,25.223,975.567,45.667,73732.719,9,1,1,0
8940,26730817,0,25.218,975.572,45.666,74116.969,0,1,1,0
8941,26733807,0,25.220,975.583,45.697,73289.438,1,1,1,0
8942,26736797,0,25.215,975.566,45.708,73732.719,2,1,1,0
8943,26739787,0,25.223,975.558,45.709,73478.758,3,1,1,0
8944,26742777,0,25.223,975.572,45.709,73415.547,4,1,1,0
8945,26745767,0,25.220,975.569,45.691,73669.062,5,1,1,0
8946,26748757,0,25.223,975.556,45.715,73796.484,6,1,1,0
8947,26751747,0,25.230,975.591,45.680,73415.547,7,1,1,0
8948,26754737,0,25.228,975.578,45.704,73669.062,8,1,1,0
8949,26757727,0,25.225,975.556,45.685,73988.438,9,1,1,0
8950,26760717,0,25.228,975.548,45.662,73289.438,0,1,1,0
8951,26763707,0,25.235,975.571,45.644,73478.758,1,1,1,0
8952,26766697,0,25.233,975.577,45.620,73924.344,2,1,1,0
8953,26769687,0,25.243,975.592,45.597,74116.969,3,1,1,0
8954,26772677,0,25.245,975.588,45.609,73289.438,4,1,1,0
8955,26775667,0,25.248,975.574,45.628,73732.719,5,1,1,0
8956,26778657,0,25.258,975.580,45.617,73542.086,6,1,1,0
8957,26781647,0,25.258,975.572,45.629,73478.758,7,1,1,0
8958,26784637,0,25.258,975.563,45.635,73415.547,8,1,1,0
8959,26787627,0,25.260,975.581,45.641,73163.758,9,1,1,0
8960,26790617,0,25.260,975.577,45.635,73478.758,0,1,1,0
8961,26793607,0,25.265,975.581,45.648,73988.438,1,1,1,0
8962,26796597,0,25.265,975.588,45.660,73732.719,2,1,1,0
8963,26799587,0,25.278,975.614,45.674,73796.484,3,1,1,0
8964,26802577,0,25.281,975.593,45.698,73542.086,4,1,1,0
8965,26805567,0,25.270,975.580,45.697,73669.062,5,1,1,0
8966,26808557,0,25.270,975.576,45.703,73226.547,6,1,1,0
8967,26811547,0,25.263,975.579,45.696,73101.086,7,1,1,0
8968,26814537,0,25.260,975.597,45.708,73352.438,8,1,1,0
8969,26817527,0,25.255,975.598,45.731,73101.086,9,1,1,0
8970,26820517,0,25.250,975.584,45.755,73415.547,0,1,1,0
8971,26823507,0,25.250,975.587,45.767,73605.523,1,1,1,0
8972,26826497,0,25.255,975.575,45.804,73038.516,2,1,1,0
8973,26829487,0,25.258,975.586,45.852,73289.438,3,1,1,0
8974,26832477,0,25.260,975.598,45.846,73101.086,4,1,1,0
8975,26835467,0,25.260,975.606,45.871,73163.758,5,1,1,0
8976,26838457,0,25.255,975.602,45.852,73289.438,6,1,1,0
8977,26841447,0,25.248,975.594,45.845,72789.312,7,1,1,0
8978,26844437,0,25.258,975.600,45.858,73352.438,8,1,1,0
8979,26847427,0,25.250,975.596,45.851,73796.484,9,1,1,0
8980,26850417,0,25.243,975.604,45.856,73289.438,0,1,1,0
8981,26853407,0,25.245,975.594,45.857,73163.758,1,1,1,0
8982,26856397,0,25.248,975.603,45.851,73289.438,2,1,1,0
8983,26859387,0,25.243,975.579,45.880,73101.086,3,1,1,0
8984,26862377,0,25.235,975.582,45.874,73163.758,4,1,1,0
8985,26865367,0,25.240,975.604,45.862,73101.086,5,1,1,0
8986,26868357,0,25.235,975.579,45.849,74052.648,6,1,1,0
8987,26871347,0,25.225,975.592,45.848,73478.758,7,1,1,0
8988,26874337,0,25.235,975.609,45.849,73038.516,8,1,1,0
8989,26877327,0,25.225,975.589,45.842,73163.758,9,1,1,0
8990,26880317,0,25.230,975.600,45.825,73542.086,0,1,1,0
8991,26883307,0,25.228,975.601,45.794,73478.758,1,1,1,0
8992,26886297,0,25.225,975.613,45.764,73352.438,2,1,1,0
8993,26889287,0,25.223,975.602,45.776,73415.547,3,1,1,0
8994,26892277,0,25.223,975.608,45.763,73289.438,4,1,1,0
8995,26895267,0,25.220,975.595,45.751,73669.062,5,1,1,0
8996,26898257,0,25.228,975.592,45.758,73101.086,6,1,1,0
8997,26901247,0,25.215,975.588,45.781,73542.086,7,1,1,0
8998,26904237,0,25.220,975.610,45.781,73542.086,8,1,1,0
8999,26907227,0,25.228,975.589,45.776,73352.438,9,1,1,0
9000,26910217,0,25.218,975.586,45.775,73669.062,0,1,1,0
9001,26913207,0,25.218,975.584,45.757,73038.516,1,1,1,0
9002,26916197,0,25.215,975.582,45.726,73289.438,2,1,1,0
9003,26919187,0,25.210,975.594,45.738,74052.648,3,1,1,0
9004,26922177,0,25.218,975.604,45.727,73860.359,4,1,1,0
9005,26925167,0,25.208,975.580,45.719,73038.516,5,1,1,0
9006,26928157,0,25.210,975.569,45.714,73226.547,6,1,1,0
9007,26931147,0,25.210,975.591,45.726,73352.438,7,1,1,0
9008,26934137,0,25.213,975.587,45.702,73163.758,8,1,1,0
9009,26937127,0,25.208,975.585,45.665,73796.484,9,1,1,0
9010,26940117,0,25.213,975.589,45.642,73924.344,0,1,1,0
9011,26943107,0,25.213,975.596,45.648,73415.547,1,1,1,0
9012,26946097,0,25.220,975.611,45.649,73352.438,2,1,1,0
9013,26949087,0,25.208,975.585,45.641,73038.516,3,1,1,0
9014,26952077,0,25.215,975.591,45.678,73924.344,4,1,1,0
9015,26955067,0,25.218,975.595,45.684,73289.438,5,1,1,0
9016,26958057,0,25.220,975.576,45.703,73289.438,6,1,1,0
9017,26961047,0,25.228,975.614,45.740,73038.516,7,1,1,0
9018,26964037,0,25.233,975.584,45.753,73478.758,8,1,1,0
9019,26967027,0,25.230,975.587,45.764,73669.062,9,1,1,0
9020,26970017,0,25.233,975.596,45.777,73289.438,0,1,1,0
9021,26973007,0,25.228,975.605,45.794,73289.438,1,1,1,0
9022,26975997,0,25.235,975.598,45.813,72976.055,2,1,1,0
9023,26978987,0,25.250,975.626,45.809,73605.523,3,1,1,0
9024,26981977,0,25.260,975.584,45.834,73101.086,4,1,1,0
9025,26984967,0,25.303,975.611,45.864,73289.438,5,1,1,0
9026,26987957,0,25.331,975.578,45.891,73101.086,6,1,1,0
9027,26990947,0,25.366,975.607,45.847,72665.344,7,1,1,0
9028,26993937,0,25.389,975.593,45.807,73163.758,8,1,1,0
9029,26996927,0,25.416,975.611,45.799,73038.516,9,1,1,0
9030,26999917,0,25.446,975.601,45.766,73163.758,0,1,1,0
9031,27002907,0,25.467,975.621,45.720,72976.055,1,1,1,0
9032,27005897,0,25.479,975.604,45.680,72789.312,2,1,1,0
9033,27008887,0,25.489,975.614,45.663,73542.086,3,1,1,0
9034,27011877,0,25.507,975.608,45.647,72913.703,4,1,1,0
9035,27014867,0,25.517,975.609,45.636,72976.055,5,1,1,0
9036,27017857,0,25.527,975.599,45.619,73669.062,6,1,1,0
9037,27020847,0,25.537,975.598,45.608,73289.438,7,1,1,0
9038,27023837,0,25.552,975.610,45.574,73478.758,8,1,1,0
9039,27026827,0,25.567,975.616,45.576,72913.703,9,1,1,0
9040,27029817,0,25.562,975.593,45.515,73226.547,0,1,1,0
9041,27032807,0,25.575,975.619,45.504,73163.758,1,1,1,0
9042,27035797,0,25.580,975.635,45.493,73226.547,2,1,1,0
9043,27038787,0,25.572,975.615,45.456,73289.438,3,1,1,0
9044,27041777,0,25.575,975.631,45.444,73038.516,4,1,1,0
9045,27044767,0,25.572,975.615,45.444,73289.438,5,1,1,0
9046,27047757,0,25.572,975.629,45.420,72789.312,6,1,1,0
9047,27050747,0,25.577,975.622,45.420,73415.547,7,1,1,0
9048,27053737,0,25.582,975.619,45.379,73163.758,8,1,1,0
9049,27056727,0,25.585,975.616,45.367,73289.438,9,1,1,0
9050,27059717,0,25.592,975.618,45.356,73542.086,0,1,1,0
9051,27062707,0,25.600,975.626,45.333,72789.312,1,1,1,0
9052,27065697,0,25.602,975.610,45.303,73163.758,2,1,1,0
9053,27068687,0,25.600,975.608,45.260,72913.703,3,1,1,0
9054,27071677,0,25.592,975.626,45.211,73415.547,4,1,1,0
9055,27074667,0,25.592,975.622,45.157,73669.062,5,1,1,0
9056,27077657,0,25.587,975.629,45.114,73478.758,6,1,1,0
9057,27080647,0,25.585,975.609,45.084,73038.516,7,1,1,0
9058,27083637,0,25.587,975.616,45.060,73732.719,8,1,1,0
9059,27086627,0,25.570,975.604,45.046,73605.523,9,1,1,0
9060,27089617,0,25.575,975.612,45.035,73101.086,0,1,1,0
9061,27092607,0,25.572,975.622,45.017,73796.484,1,1,1,0
9062,27095597,0,25.567,975.652,44.980,73101.086,2,1,1,0
9063,27098587,0,25.547,975.617,44.984,73669.062,3,1,1,0
9064,27101577,0,25.544,975.627,44.965,73101.086,4,1,1,0
9065,27104567,0,25.532,975.628,44.988,73924.344,5,1,1,0
9066,27107557,0,25.517,975.619,45.004,73732.719,6,1,1,0
9067,27110547,0,25.512,975.614,45.033,73038.516,7,1,1,0
9068,27113537,0,25.512,975.639,45.051,73352.438,8,1,1,0
9069,27116527,0,25.509,975.619,45.075,73289.438,9,1,1,0
9070,27119517,0,25.517,975.646,45.130,73289.438,0,1,1,0
9071,27122507,0,25.507,975.631,45.159,73352.438,1,1,1,0
9072,27125497,0,25.512,975.624,45.196,73163.758,2,1,1,0
9073,27128487,0,25.507,975.620,45.207,73542.086,3,1,1,0
9074,27131477,0,25.512,975.612,45.262,73226.547,4,1,1,0
9075,27134467,0,25.517,975.621,45.250,73352.438,5,1,1,0
9076,27137457,0,25.514,975.635,45.256,73669.062,6,1,1,0
9077,27140447,0,25.509,975.626,45.225,73289.438,7,1,1,0
9078,27143437,0,25.507,975.638,45.207,73542.086,8,1,1,0
9079,27146427,0,25.504,975.638,45.195,73860.359,9,1,1,0
9080,27149417,0,25.502,975.661,45.158,73289.438,0,1,1,0
9081,27152407,0,25.489,975.631,45.151,73796.484,1,1,1,0
9082,27155397,0,25.484,975.649,45.150,73289.438,2,1,1,0
9083,27158387,0,25.477,975.632,45.161,73924.344,3,1,1,0
9084,27161377,0,25.484,975.635,45.192,73732.719,4,1,1,0
9085,27164367,0,25.487,975.626,45.223,73924.344,5,1,1,0
9086,27167357,0,25.497,975.637,45.266,73669.062,6,1,1,0
9087,27170347,0,25.497,975.621,45.242,73226.547,7,1,1,0
9088,27173337,0,25.499,975.629,45.242,73163.758,8,1,1,0
9089,27176327,0,25.492,975.639,45.259,73289.438,9,1,1,0
9090,27179317,0,25.494,975.621,45.278,73924.344,0,1,1,0
9091,27182307,0,25.497,975.637,45.326,73415.547,1,1,1,0
9092,27185297,0,25.497,975.627,45.368,73352.438,2,1,1,0
9093,27188287,0,25.497,975.620,45.429,73038.516,3,1,1,0
9094,27191277,0,25.502,975.641,45.471,72976.055,4,1,1,0
9095,27194267,0,25.492,975.634,45.494,72851.453,5,1,1,0
9096,27197257,0,25.489,975.630,45.530,73542.086,6,1,1,0
9097,27200247,0,25.489,975.635,45.602,73226.547,7,1,1,0
9098,27203237,0,25.484,975.638,45.644,72480.180,8,1,1,0
9099,27206227,0,25.472,975.644,45.655,72665.344,9,1,1,0
9100,27209217,0,25.462,975.631,45.720,72789.312,0,1,1,0
9101,27212207,0,25.462,975.629,45.720,72665.344,1,1,1,0
9102,27215197,0,25.456,975.618,45.749,72727.273,2,1,1,0
9103,27218187,0,25.456,975.632,45.749,72913.703,3,1,1,0
9104,27221177,0,25.454,975.643,45.779,72727.273,4,1,1,0
9105,27224167,0,25.451,975.641,45.767,72789.312,5,1,1,0
9106,27227157,0,25.444,975.626,45.778,72913.703,6,1,1,0
9107,27230147,0,25.426,975.619,45.776,72789.312,7,1,1,0
9108,27233137,0,25.421,975.621,45.799,72851.453,8,1,1,0
9109,27236127,0,25.411,975.632,45.786,72789.312,9,1,1,0
9110,27239117,0,25.411,975.639,45.768,72665.344,0,1,1,0
9111,27242107,0,25.396,975.611,45.802,73163.758,1,1,1,0
9112,27245097,0,25.394,975.620,45.808,73478.758,2,1,1,0
9113,27248087,0,25.379,975.608,45.824,72418.672,3,1,1,0
9114,27251077,0,25.374,975.629,45.830,72851.453,4,1,1,0
9115,27254067,0,25.369,975.614,45.829,73163.758,5,1,1,0
9116,27257057,0,25.348,975.611,45.785,72851.453,6,1,1,0
9117,27260047,0,25.346,975.622,45.736,73163.758,7,1,1,0
9118,27263037,0,25.341,975.614,45.681,73415.547,8,1,1,0
9119,27266027,0,25.331,975.612,45.656,73226.547,9,1,1,0
9120,27269017,0,25.321,975.611,45.624,73101.086,0,1,1,0
9121,27272007,0,25.306,975.613,45.653,73415.547,1,1,1,0
9122,27274997,0,25.296,975.619,45.646,73226.547,2,1,1,0
9123,27277987,0,25.288,975.610,45.627,73226.547,3,1,1,0
9124,27280977,0,25.281,975.627,45.656,73415.547,4,1,1,0
9125,27283967,0,25.270,975.619,45.649,73478.758,5,1,1,0
9126,27286957,0,25.253,975.630,45.646,73605.523,6,1,1,0
9127,27289947,0,25.243,975.635,45.627,73732.719,7,1,1,0
9128,27292937,0,25.233,975.628,45.620,73860.359,8,1,1,0
9129,27295927,0,25.210,975.616,45.599,73669.062,9,1,1,0
9130,27298917,0,25.208,975.625,45.605,73732.719,0,1,1,0
9131,27301907,0,25.200,975.631,45.646,73478.758,1,1,1,0
9132,27304897,0,25.188,975.621,45.687,73542.086,2,1,1,0
9133,27307887,0,25.185,975.621,45.711,73352.438,3,1,1,0
9134,27310877,0,25.175,975.631,45.758,73289.438,4,1,1,0
9135,27313867,0,25.172,975.638,45.842,73669.062,5,1,1,0
9136,27316857,0,25.175,975.645,45.842,73478.758,6,1,1,0
9137,27319847,0,25.177,975.658,45.861,73478.758,7,1,1,0
9138,27322837,0,25.175,975.643,45.890,73924.344,8,1,1,0
9139,27325827,0,25.172,975.638,45.902,73415.547,9,1,1,0
9140,27328817,0,25.165,975.599,45.913,73289.438,0,1,1,0
9141,27331807,0,25.180,975.638,45.951,73988.438,1,1,1,0
9142,27334797,0,25.193,975.645,46.013,73289.438,2,1,1,0
9143,27337787,0,25.208,975.639,46.063,73542.086,3,1,1,0
9144,27340777,0,25.210,975.630,46.064,73289.438,4,1,1,0
9145,27343767,0,25.213,975.616,46.076,72913.703,5,1,1,0
9146,27346757,0,25.208,975.639,46.118,73415.547,6,1,1,0
9147,27349747,0,25.215,975.643,46.149,73289.438,7,1,1,0
9148,27352737,0,25.225,975.653,46.150,73038.516,8,1,1,0
9149,27355727,0,25.233,975.648,46.133,73038.516,9,1,1,0
9150,27358717,0,25.238,975.620,46.128,73542.086,0,1,1,0
9151,27361707,0,25.255,975.643,46.105,73163.758,1,1,1,0
9152,27364697,0,25.283,975.634,46.103,73352.438,2,1,1,0
9153,27367687,0,25.311,975.629,46.046,73226.547,3,1,1,0
9154,27370677,0,25.361,975.641,46.088,73163.758,4,1,1,0
9155,27373667,0,25.439,975.651,46.188,72913.703,5,1,1,0
9156,27376657,0,25.499,975.661,46.310,73542.086,6,1,1,0
9157,27379647,0,25.544,975.647,46.322,73038.516,7,1,1,0
9158,27382637,0,25.575,975.654,46.289,73038.516,8,1,1,0
9159,27385627,0,25.600,975.644,46.244,72295.961,9,1,1,0
9160,27388617,0,25.610,975.659,46.094,72913.703,0,1,1,0
9161,27391607,0,25.612,975.631,46.046,72112.680,1,1,1,0
9162,27394597,0,25.610,975.654,45.955,72789.312,2,1,1,0
9163,27397587,0,25.617,975.644,45.901,72913.703,3,1,1,0
9164,27400577,0,25.630,975.636,45.921,73038.516,4,1,1,0
9165,27403567,0,25.655,975.686,45.936,72173.664,5,1,1,0
9166,27406557,0,25.675,975.643,45.939,72665.344,6,1,1,0
9167,27409547,0,25.695,975.652,45.911,72976.055,7,1,1,0
9168,27412537,0,25.723,975.679,45.896,72480.180,8,1,1,0
9169,27415527,0,25.733,975.649,45.891,72851.453,9,1,1,0
9170,27418517,0,25.748,975.667,45.899,72418.672,0,1,1,0
9171,27421507,0,25.768,975.659,45.865,72357.266,1,1,1,0
9172,27424497,0,25.791,975.670,45.832,72418.672,2,1,1,0
9173,27427487,0,25.808,975.689,45.798,72541.797,3,1,1,0
9174,27430477,0,25.826,975.660,45.764,72357.266,4,1,1,0
9175,27433467,0,25.869,975.662,45.708,72295.961,5,1,1,0
9176,27436457,0,25.914,975.641,45.684,71809.258,6,1,1,0
9177,27439447,0,25.974,975.649,45.631,72357.266,7,1,1,0
9178,27442437,0,26.022,975.651,45.558,72173.664,8,1,1,0
9179,27445427,0,26.065,975.653,45.467,71688.602,9,1,1,0
9180,27448417,0,26.080,975.670,45.384,71688.602,0,1,1,0
9181,27451407,0,26.105,975.659,45.375,71508.383,1,1,1,0
9182,27454397,0,26.115,975.669,45.340,71869.734,2,1,1,0
9183,27457387,0,26.115,975.653,45.280,72112.680,3,1,1,0
9184,27460377,0,26.113,975.663,45.255,71809.258,4,1,1,0
9185,27463367,0,26.103,975.652,45.224,72051.789,5,1,1,0
9186,27466357,0,26.092,975.662,45.205,71991.000,6,1,1,0
9187,27469347,0,26.085,975.661,45.192,71869.734,7,1,1,0
9188,27472337,0,26.062,975.651,45.135,71388.734,8,1,1,0
9189,27475327,0,26.052,975.652,45.158,71508.383,9,1,1,0
9190,27478317,0,26.042,975.663,45.169,71930.320,0,1,1,0
9191,27481307,0,26.042,975.654,45.211,71869.734,1,1,1,0
9192,27484297,0,26.055,975.652,45.218,71809.258,2,1,1,0
9193,27487287,0,26.087,975.649,45.216,71568.352,3,1,1,0
9194,27490277,0,26.120,975.669,45.268,71930.320,4,1,1,0
9195,27493267,0,26.163,975.650,45.285,72112.680,5,1,1,0
9196,27496257,0,26.213,975.664,45.291,71809.258,6,1,1,0
9197,27499247,0,26.271,975.667,45.292,71329.062,7,1,1,0
9198,27502237,0,26.309,975.641,45.261,71329.062,8,1,1,0
9199,27505227,0,26.341,975.673,45.198,71269.484,9,1,1,0
9200,27508217,0,26.359,975.658,45.098,71508.383,0,1,1,0
9201,27511207,0,26.369,975.673,44.991,71688.602,1,1,1,0
9202,27514197,0,26.372,975.686,44.889,71628.430,2,1,1,0
9203,27517187,0,26.351,975.663,44.809,71448.508,3,1,1,0
9204,27520177,0,26.339,975.663,44.753,71628.430,4,1,1,0
9205,27523167,0,26.321,975.655,44.703,71448.508,5,1,1,0
9206,27526157,0,26.299,975.691,44.700,71809.258,6,1,1,0
9207,27529147,0,26.289,975.676,44.693,71628.430,7,1,1,0
9208,27532137,0,26.291,975.690,44.717,71568.352,8,1,1,0
9209,27535127,0,26.299,975.669,44.808,71688.602,9,1,1,0
9210,27538117,0,26.306,975.664,44.869,71329.062,0,1,1,0
9211,27541107,0,26.324,975.671,44.835,71688.602,1,1,1,0
9212,27544097,0,26.341,975.674,44.844,71568.352,2,1,1,0
9213,27547087,0,26.366,975.673,44.781,71628.430,3,1,1,0
9214,27550077,0,26.402,975.674,44.749,71991.000,4,1,1,0
9215,27553067,0,26.432,975.656,44.692,71628.430,5,1,1,0
9216,27556057,0,26.472,975.654,44.613,71869.734,6,1,1,0
9217,27559047,0,26.507,975.628,44.503,71568.352,7,1,1,0
9218,27562037,0,26.527,975.637,44.445,71568.352,8,1,1,0
9219,27565027,0,26.558,975.652,44.389,71568.352,9,1,1,0
9220,27568017,0,26.578,975.644,44.302,71210.016,0,1,1,0
9221,27571007,0,26.585,975.632,44.279,71150.641,1,1,1,0
9222,27573997,0,26.598,975.628,44.292,70737.773,2,1,1,0
9223,27576987,0,26.593,975.620,44.255,71269.484,3,1,1,0
9224,27579977,0,26.600,975.650,44.208,71032.188,4,1,1,0
9225,27582967,0,26.590,975.618,44.237,70973.109,5,1,1,0
9226,27585957,0,26.588,975.645,44.285,71091.367,6,1,1,0
9227,27588947,0,26.585,975.631,44.320,71388.734,7,1,1,0
9228,27591937,0,26.588,975.631,44.345,71448.508,8,1,1,0
9229,27594927,0,26.575,975.614,44.373,70737.773,9,1,1,0
9230,27597917,0,26.575,975.621,44.397,71329.062,0,1,1,0
9231,27600907,0,26.563,975.623,44.420,70973.109,1,1,1,0
9232,27603897,0,26.563,975.631,44.450,71269.484,2,1,1,0
9233,27606887,0,26.555,975.614,44.503,70620.688,3,1,1,0
9234,27609877,0,26.542,975.640,44.525,70562.297,4,1,1,0
9235,27612867,0,26.532,975.607,44.530,71150.641,5,1,1,0
9236,27615857,0,26.522,975.628,44.553,70914.125,6,1,1,0
9237,27618847,0,26.525,975.639,44.613,70855.242,7,1,1,0
9238,27621837,0,26.517,975.636,44.642,70796.461,8,1,1,0
9239,27624827,0,26.507,975.648,44.629,71329.062,9,1,1,0
9240,27627817,0,26.492,975.636,44.627,71448.508,0,1,1,0
9241,27630807,0,26.475,975.656,44.637,71329.062,1,1,1,0
9242,27633797,0,26.454,975.635,44.647,70855.242,2,1,1,0
9243,27636787,0,26.434,975.649,44.686,71210.016,3,1,1,0
9244,27639777,0,26.417,975.646,44.726,71628.430,4,1,1,0
9245,27642767,0,26.399,975.659,44.778,70914.125,5,1,1,0
9246,27645757,0,26.379,975.665,44.782,70737.773,6,1,1,0
9247,27648747,0,26.354,975.634,44.821,71329.062,7,1,1,0
